nettfa,elig401k,inc,age,educ,fsize,marr,pira,hown
173142.9017181208,0.0,52608.40496662106,31.087553281931648,18.0,1.0,1.0,0.0,1.0
141836.604822396,1.0,104774.33127460141,45.72526681001793,10.0,2.0,1.0,0.0,0.0
139333.16703025982,0.0,87140.16819570336,54.80104947926202,15.0,1.0,0.0,0.0,1.0
157324.8591060475,0.0,48629.622906089804,28.975765929907443,13.0,2.0,1.0,0.0,1.0
27155.51598932387,0.0,33126.227736881854,32.52877079007419,15.0,2.0,0.0,0.0,1.0
126848.10080767924,1.0,93772.81916035757,45.08014467236945,14.0,2.0,1.0,1.0,0.0
-6215.432807109144,0.0,36668.03432124666,42.590997249386724,14.0,3.0,1.0,0.0,0.0
48780.88203930126,1.0,34738.50289551972,38.24718387875422,13.0,2.0,1.0,1.0,1.0
9802.324673549832,0.0,11922.196063790947,59.97741495297023,16.0,3.0,0.0,1.0,1.0
139679.0305596423,1.0,64421.87211543278,47.958361304280274,15.0,6.0,0.0,0.0,0.0
44514.85302021971,1.0,34789.52606505488,61.75021898033819,17.0,4.0,1.0,0.0,0.0
8155.272124297626,1.0,41795.40810007649,48.44710380238004,17.0,3.0,1.0,0.0,1.0
212541.05051597956,1.0,62007.32651811295,57.789133201709305,14.0,1.0,1.0,1.0,0.0
196051.86339820153,1.0,107673.50406326653,62.336112188456276,13.0,2.0,0.0,1.0,0.0
24759.370454590102,0.0,45614.40137946047,39.677636514923606,13.0,4.0,0.0,0.0,0.0
125085.69385371251,1.0,90570.17796735968,26.41019551405932,10.0,2.0,1.0,0.0,1.0
118391.70273927363,0.0,51537.47112343603,25.53745026572862,14.0,2.0,1.0,0.0,1.0
379865.47025839606,1.0,270909.9898161259,45.4197482140491,15.0,3.0,1.0,0.0,0.0
40030.25871423859,0.0,52285.74644251727,43.33648516265116,17.0,3.0,0.0,0.0,0.0
168374.1612041892,1.0,107769.12183874706,55.08576006178126,14.0,4.0,0.0,1.0,1.0
3240.2497922076363,0.0,29860.82896949595,63.21494803539898,10.0,2.0,1.0,0.0,1.0
-18765.734063690834,1.0,18304.27868411737,51.19131492634898,13.0,2.0,0.0,0.0,0.0
82633.59446595638,1.0,62835.512160742575,40.435588428641765,15.0,3.0,1.0,0.0,0.0
213273.4566974463,1.0,92431.90238082556,46.84520889414671,15.0,3.0,1.0,0.0,0.0
7613.5904691393425,0.0,21862.81237034298,51.025236038764696,11.0,5.0,1.0,0.0,0.0
-15063.065198919823,1.0,49410.24208840436,58.95355107448893,12.0,1.0,1.0,0.0,1.0
212094.4485814133,1.0,165027.05774449592,62.13155395712313,14.0,1.0,0.0,0.0,0.0
233304.09695415234,1.0,130141.45973173984,38.5542194937865,17.0,4.0,0.0,1.0,1.0
75528.36797968343,1.0,36950.405791788384,55.90208677675502,11.0,3.0,1.0,0.0,0.0
237468.81278062658,1.0,168129.00170536645,44.094859737759904,13.0,1.0,0.0,1.0,1.0
-5862.839310488933,0.0,30980.525218212042,32.08960454844538,10.0,3.0,1.0,1.0,1.0
93922.65559334763,1.0,59692.531331244856,43.64039342018029,15.0,3.0,1.0,0.0,1.0
303725.21467373316,1.0,129488.04636758828,50.955044337298574,18.0,2.0,0.0,0.0,1.0
59752.552871081556,0.0,23625.372459600418,30.666274199122363,17.0,2.0,1.0,0.0,1.0
272993.30957411416,1.0,194825.97479971749,36.568769411073546,18.0,3.0,1.0,0.0,0.0
83736.48921116347,1.0,34854.91799365275,62.93821855277085,15.0,2.0,1.0,0.0,0.0
-29861.024211710137,1.0,21622.576350283147,42.862544197731005,13.0,2.0,1.0,0.0,0.0
179777.89791998675,1.0,119069.14295845144,38.95967973971486,10.0,1.0,1.0,0.0,0.0
153853.37064961207,1.0,52669.707096372564,57.61498456222834,17.0,1.0,1.0,0.0,1.0
91646.8118467752,0.0,32238.041278690354,33.59658728805712,11.0,2.0,1.0,0.0,1.0
-27119.172806071336,1.0,73797.37051957099,41.248016434583526,12.0,3.0,1.0,0.0,0.0
174415.18332542735,1.0,76297.6252874833,51.01034014566056,14.0,1.0,1.0,0.0,0.0
111579.44338062315,0.0,38628.56757283504,52.316076482112685,18.0,3.0,0.0,0.0,0.0
212185.5934221541,1.0,111206.86729984813,52.76130916203415,17.0,1.0,1.0,0.0,1.0
-14451.34118947242,0.0,15204.377886311095,40.92621289521409,11.0,2.0,1.0,0.0,0.0
149622.64367076638,1.0,50934.492079677984,27.17956641068141,13.0,2.0,1.0,0.0,0.0
49848.18882331135,1.0,15237.49422018753,57.84827914970573,13.0,2.0,1.0,0.0,1.0
51807.54648271375,1.0,61295.29631270979,38.35969159934961,13.0,2.0,1.0,1.0,0.0
336410.25539574784,1.0,158243.17601731938,55.943105619163816,13.0,1.0,1.0,0.0,0.0
79657.75178982037,1.0,32613.429589565974,45.2133373644926,17.0,5.0,1.0,0.0,1.0
33129.95232898552,1.0,37466.09473655304,55.53194112661092,13.0,1.0,1.0,1.0,0.0
106138.02481894745,1.0,50137.87254187338,40.72555697876211,14.0,2.0,1.0,1.0,1.0
67124.47176115916,1.0,57906.93535017292,56.06906960259631,16.0,5.0,0.0,0.0,0.0
94778.92441236839,0.0,20565.05764308952,48.52160225719108,10.0,5.0,1.0,0.0,0.0
81032.54246225586,1.0,104618.2028882161,45.7232904775241,14.0,2.0,1.0,0.0,1.0
111400.00499672533,1.0,80906.63016869828,44.062726019069814,14.0,3.0,1.0,0.0,1.0
246942.42153839575,1.0,104360.42899299844,39.08736698351193,15.0,1.0,1.0,1.0,1.0
110267.6997253866,1.0,78313.25896660358,44.51515746100056,14.0,4.0,1.0,0.0,0.0
153955.9346030124,1.0,96012.10341787603,48.24133591989886,14.0,3.0,1.0,1.0,0.0
152245.60008594525,1.0,101980.15822714825,32.430179295313714,13.0,2.0,1.0,0.0,0.0
11889.432457264145,0.0,18024.31476843279,51.380696042218204,15.0,3.0,0.0,0.0,1.0
94250.67745617934,1.0,31014.049483016042,45.442487103240666,17.0,4.0,1.0,1.0,1.0
41485.60856147537,1.0,46025.33709888213,27.12805558105171,15.0,2.0,1.0,0.0,1.0
171862.84538152177,0.0,94831.0258365239,50.66010235694412,17.0,2.0,1.0,0.0,1.0
87536.99329804066,1.0,40140.772030065185,28.052084268005277,14.0,5.0,1.0,1.0,1.0
217727.07242888768,1.0,78953.90571541783,31.93467081286267,12.0,4.0,1.0,0.0,0.0
37361.84706705843,1.0,28770.681708919896,26.13729862666548,18.0,2.0,1.0,0.0,0.0
116147.34947595316,1.0,72172.15663343333,57.38196594850235,15.0,2.0,0.0,0.0,1.0
117.31477344692394,1.0,49182.661277083214,33.384741540542755,13.0,4.0,1.0,0.0,1.0
203277.35341375024,1.0,121297.45785713028,44.9726396268894,10.0,1.0,1.0,0.0,0.0
157983.50424384524,1.0,69984.63161522402,31.559351183651103,13.0,2.0,1.0,1.0,1.0
35398.11857124346,0.0,48453.302287041646,50.98507154995091,15.0,4.0,1.0,1.0,0.0
266984.5182381172,1.0,155336.97561121095,38.8768132874817,16.0,3.0,1.0,1.0,1.0
-12027.041361922573,1.0,19451.69016078545,33.284226577633774,14.0,2.0,1.0,1.0,1.0
98676.27193132446,1.0,56793.901523255736,54.75193602102436,16.0,4.0,1.0,0.0,0.0
86188.00160354436,1.0,21356.375172472122,32.385488999984425,15.0,3.0,1.0,1.0,1.0
31890.10491117496,1.0,22073.495362118014,27.54155859588565,15.0,1.0,0.0,1.0,1.0
36678.87651777426,1.0,33361.05480861705,44.69473950333227,13.0,3.0,0.0,1.0,0.0
98644.84024282134,1.0,60672.149669940256,61.703887483023564,11.0,1.0,0.0,0.0,0.0
121147.09615180394,1.0,85500.9752691816,48.69194295711586,12.0,2.0,1.0,1.0,0.0
56362.44995855561,0.0,32592.094033500343,27.092379102708126,10.0,4.0,1.0,0.0,1.0
20761.03440584766,0.0,23980.977343237802,40.709061302722105,18.0,2.0,1.0,1.0,0.0
92907.32175296542,1.0,34499.777248053,29.453374564320463,15.0,6.0,1.0,0.0,0.0
329399.4666100525,1.0,233515.96467653464,38.68506255010236,18.0,6.0,1.0,1.0,1.0
139798.4698191279,1.0,104255.2206607249,49.11006479451659,14.0,3.0,1.0,1.0,1.0
90642.61011120596,1.0,46887.13336148527,56.893131634967766,14.0,2.0,0.0,1.0,1.0
53288.06134885525,0.0,23269.72200381901,63.91913294010283,13.0,1.0,0.0,0.0,1.0
151478.4238811187,1.0,90906.01742725125,62.8327288358787,13.0,3.0,1.0,0.0,1.0
74917.92203938388,1.0,46042.23269877979,54.599592730699,13.0,2.0,1.0,0.0,0.0
-969.1450199342435,1.0,38432.578439344354,31.208211349970398,12.0,3.0,0.0,0.0,0.0
106144.24788051713,1.0,63736.34247316599,54.14002663105123,15.0,3.0,1.0,1.0,1.0
64789.63301201096,0.0,46119.163612278506,47.726393210250464,13.0,1.0,1.0,1.0,0.0
59133.822344347784,1.0,56390.249767782225,50.32262815982547,12.0,3.0,1.0,0.0,0.0
55777.76934747945,1.0,80490.32174388875,29.599550579875256,16.0,3.0,0.0,1.0,1.0
200266.6628085129,1.0,110478.49981621433,63.61482348119109,19.0,3.0,0.0,0.0,1.0
242205.62079964994,1.0,167535.69182742623,33.000247985765334,16.0,3.0,1.0,0.0,0.0
87093.90286450063,1.0,65040.6151022337,49.88523967824905,13.0,4.0,0.0,0.0,1.0
-168986.87942750883,0.0,22844.66532629404,37.105509939015334,11.0,2.0,0.0,0.0,0.0
172996.9339302932,1.0,49640.03539907746,50.1608344216704,12.0,4.0,1.0,1.0,0.0
68052.06932769304,1.0,43107.302062699004,42.23247558908796,16.0,2.0,1.0,1.0,1.0
386117.51725588704,1.0,232914.92615715487,57.43388543279508,11.0,2.0,1.0,0.0,1.0
38297.14751925569,1.0,37896.19569665301,49.864157322425584,16.0,5.0,1.0,0.0,1.0
121534.48867976331,1.0,85853.57310761476,54.643416984387926,13.0,3.0,1.0,0.0,1.0
112664.38508370655,1.0,63447.222758407144,30.268332797033324,11.0,2.0,1.0,0.0,1.0
138250.82502745345,1.0,88970.64192976928,27.610850474143383,15.0,2.0,0.0,0.0,0.0
-4231.700198575323,0.0,22933.702092511397,30.841204568881484,17.0,2.0,0.0,0.0,1.0
191355.36439402346,1.0,78454.13703160976,62.403736137743785,16.0,2.0,1.0,0.0,0.0
76996.66037989027,1.0,44693.04906859661,41.08177260919959,12.0,4.0,1.0,1.0,0.0
180637.41228434799,1.0,59927.61338581544,50.20386619524972,11.0,4.0,1.0,0.0,0.0
45246.019955979136,1.0,43497.640711282,27.961871411645976,14.0,4.0,1.0,0.0,1.0
13371.223749697965,1.0,60581.96137395289,60.84131359704363,13.0,3.0,0.0,0.0,1.0
321505.7305588224,1.0,161832.21750641405,52.32282593002586,16.0,2.0,1.0,1.0,1.0
139217.62026923182,1.0,126629.62925049005,47.12237229743085,14.0,1.0,0.0,0.0,0.0
254168.267644638,1.0,157388.991024561,45.087005460153634,16.0,2.0,1.0,0.0,0.0
52549.835408429746,0.0,25519.84105844501,40.05261550877795,16.0,2.0,0.0,0.0,1.0
186988.99261165535,1.0,99189.2513098042,47.133829222115324,14.0,3.0,1.0,0.0,1.0
194795.68840335298,1.0,89886.38121162693,44.4190944074829,15.0,3.0,1.0,0.0,1.0
75697.76728613456,0.0,46449.3170031048,45.69671276673287,16.0,4.0,1.0,0.0,0.0
94742.80348035206,0.0,78540.75836722518,50.66433414941113,13.0,2.0,0.0,0.0,0.0
107562.24773806534,1.0,52327.133468760236,26.018187355552005,14.0,2.0,0.0,0.0,1.0
12142.281191313148,1.0,35073.68192159203,30.207205817485708,10.0,2.0,1.0,0.0,0.0
42003.283119677944,1.0,59937.28748422221,25.378589658043044,18.0,4.0,0.0,0.0,1.0
132339.93285882325,0.0,50149.96764564558,31.463754284251937,18.0,3.0,0.0,0.0,0.0
56160.59480305495,1.0,92789.36980472298,50.469953426624784,13.0,2.0,1.0,0.0,0.0
134230.78296736028,1.0,73603.98635197194,33.54768766972377,14.0,2.0,0.0,1.0,1.0
124321.17965137222,1.0,72303.74334327261,44.13158259188219,13.0,4.0,1.0,0.0,1.0
145081.34143866308,1.0,83118.54159973527,56.195753867974474,12.0,5.0,0.0,0.0,1.0
19956.680614321653,1.0,45104.07007144288,36.520618781087904,16.0,5.0,0.0,1.0,0.0
111431.83727637769,1.0,50721.00871187043,62.29990705032651,11.0,5.0,1.0,0.0,1.0
78416.67561627687,1.0,22956.07446443501,51.975683050604836,11.0,1.0,0.0,1.0,0.0
24630.709041164824,1.0,55630.788035663005,63.27505562032561,14.0,3.0,1.0,0.0,1.0
144337.49511476455,1.0,106498.06726418585,63.3663141096513,14.0,4.0,1.0,0.0,1.0
108561.07303362837,0.0,35831.17776338034,54.075399777952214,11.0,5.0,0.0,0.0,0.0
101534.45092069672,1.0,79721.8880301719,45.79246528260855,15.0,3.0,1.0,1.0,0.0
13930.158284529229,1.0,28164.878048792558,32.53166238453469,11.0,4.0,1.0,0.0,1.0
139562.09396179847,1.0,70398.17512416694,43.906144713619504,15.0,4.0,0.0,0.0,1.0
16878.817856520924,1.0,38187.073968116354,46.10898460279601,14.0,2.0,1.0,1.0,1.0
34640.41724040441,1.0,43996.41113658264,59.27231538814058,16.0,1.0,0.0,0.0,0.0
60777.246342318875,1.0,67868.6689491307,46.071352634004,15.0,1.0,1.0,1.0,1.0
201408.8290841069,1.0,73558.86377667425,40.542050473176246,16.0,2.0,1.0,0.0,1.0
240770.42599698648,1.0,148468.73265685505,30.43748324603276,12.0,2.0,0.0,1.0,1.0
46890.78995880424,1.0,35930.99613711162,40.39420274913917,19.0,2.0,1.0,0.0,1.0
152264.00637609785,1.0,86865.75604769753,33.310061913395735,15.0,2.0,1.0,0.0,1.0
41372.379880201785,1.0,20895.64953389341,44.30289246344337,12.0,2.0,1.0,1.0,1.0
122355.44073065728,1.0,23573.969801676772,50.68996373769898,16.0,4.0,1.0,0.0,0.0
140915.1997938603,1.0,93773.07293470434,49.90219968271913,14.0,1.0,1.0,0.0,0.0
99284.16499574317,1.0,48651.6617608476,30.261994094581098,16.0,2.0,1.0,1.0,0.0
42930.04158223806,1.0,55656.38142248987,63.70165941294786,12.0,1.0,1.0,0.0,0.0
168375.2173993577,1.0,66276.93032210025,40.31243016247724,16.0,2.0,0.0,0.0,0.0
68578.34408357358,1.0,62092.17536471236,26.838933875361363,17.0,2.0,1.0,0.0,1.0
171921.92749496904,0.0,129624.93218150456,41.27606361905229,18.0,3.0,1.0,1.0,0.0
234171.13812047284,1.0,107252.07168277864,38.38321585748183,15.0,3.0,1.0,1.0,1.0
193876.44520322108,1.0,84164.53493857155,30.300977405537438,17.0,3.0,1.0,0.0,0.0
106000.0497043801,1.0,55772.79868891038,47.07310836680552,13.0,3.0,1.0,0.0,1.0
193352.63319097558,1.0,88055.17189421906,28.64651921575,17.0,1.0,0.0,1.0,0.0
-1604.3240186818184,0.0,26718.09878073092,38.382487597827065,17.0,4.0,0.0,0.0,0.0
257111.5999580431,1.0,138719.07134613168,52.63037018432633,14.0,5.0,1.0,1.0,0.0
45347.08994066408,1.0,68064.15660229656,63.46973434788575,15.0,3.0,0.0,0.0,0.0
78318.78128266742,1.0,27782.25533339398,50.47821854600642,16.0,3.0,1.0,0.0,0.0
367818.8666850379,1.0,235781.6803205294,32.81155606430407,15.0,1.0,1.0,0.0,1.0
227255.59436983487,1.0,95597.6005454672,56.901757297974854,16.0,3.0,1.0,0.0,1.0
223365.58535858183,1.0,155355.29947619425,25.8296944655291,16.0,3.0,0.0,1.0,1.0
143149.5882769188,0.0,75224.61448807045,30.912538342314928,16.0,4.0,1.0,0.0,1.0
123536.62689543616,1.0,64443.969030814005,46.727279292377176,18.0,5.0,0.0,0.0,1.0
204103.6793474571,0.0,67626.76072390124,53.314390257727084,18.0,2.0,1.0,0.0,1.0
202512.28347372878,1.0,130174.43091878862,51.94876532621633,14.0,3.0,1.0,0.0,0.0
66353.77011815313,1.0,41494.281862972464,28.693734287726194,13.0,2.0,0.0,1.0,1.0
137484.04611830867,1.0,40371.30446592699,32.5359401419729,14.0,3.0,1.0,1.0,1.0
186680.82090072197,1.0,73677.1058080116,41.23791986765421,14.0,3.0,1.0,1.0,1.0
162714.4464684633,1.0,111841.36070171854,25.666534881654368,16.0,2.0,1.0,0.0,1.0
148695.32294473963,1.0,38282.44604159376,44.20138969485674,17.0,4.0,1.0,0.0,1.0
93156.8756175742,0.0,59103.36066713973,52.65311146788383,12.0,4.0,1.0,0.0,1.0
74248.46225800778,1.0,80576.04418945803,28.045314210473585,15.0,5.0,0.0,1.0,0.0
245355.11589331657,1.0,99192.65041093148,51.96279335729241,15.0,1.0,1.0,0.0,1.0
43649.62143348152,1.0,74639.77536239932,25.15157966245015,12.0,1.0,0.0,0.0,1.0
106593.05325408516,0.0,68352.28354844217,34.59456149536719,13.0,1.0,0.0,0.0,1.0
286700.88406026736,1.0,190527.2169678097,51.13571784964321,11.0,3.0,0.0,1.0,1.0
117532.10676619993,1.0,34119.02674144705,47.68492754096299,14.0,4.0,0.0,0.0,1.0
70813.140929583,1.0,41001.85441705879,52.7193966003544,16.0,3.0,0.0,1.0,1.0
61308.90607668186,1.0,38296.988425190946,38.65748073538349,10.0,1.0,0.0,0.0,0.0
89197.543767214,1.0,39871.18040941383,63.32412642433947,12.0,3.0,0.0,0.0,1.0
-4335.147600739278,1.0,45667.635767126594,47.2110077289488,16.0,2.0,0.0,0.0,0.0
165569.61170816165,1.0,78894.50544992207,39.070815663430466,17.0,2.0,1.0,0.0,1.0
157708.95854276768,1.0,76429.15156666446,39.15422544852271,16.0,4.0,1.0,1.0,1.0
103143.94095912705,1.0,93816.63107739027,51.24570643229264,16.0,4.0,1.0,0.0,1.0
35101.34162350821,0.0,43383.09934724718,35.73594310724285,12.0,2.0,0.0,0.0,0.0
132843.3476753587,1.0,96454.65310714724,52.63351040525572,17.0,2.0,0.0,1.0,0.0
147726.9054151952,1.0,60805.40984091272,40.165932974530975,19.0,1.0,1.0,1.0,1.0
111682.16860902423,1.0,56421.685580452046,29.87137413490519,15.0,6.0,0.0,0.0,1.0
225188.2468336095,1.0,148964.65136107945,62.493031041461656,16.0,4.0,1.0,1.0,1.0
60109.359098446235,1.0,46475.81021288686,55.57176551436947,13.0,1.0,0.0,0.0,0.0
57876.061057895626,0.0,45036.71979584549,38.441526450857424,15.0,4.0,1.0,0.0,0.0
31510.61794480491,1.0,30759.992265676254,60.361605469011636,15.0,2.0,0.0,0.0,0.0
125490.12042335016,0.0,43922.24588574139,25.014759022298808,10.0,2.0,0.0,0.0,1.0
33407.16320144883,0.0,27538.909336636523,45.13649884226828,16.0,3.0,1.0,1.0,0.0
9278.824334069825,0.0,58345.149426301155,45.10426965148484,14.0,6.0,0.0,0.0,1.0
149323.62013966258,1.0,62944.36398705388,57.169150628299015,14.0,2.0,1.0,0.0,1.0
143197.43499461896,1.0,83523.80421516452,28.308351202808808,14.0,5.0,1.0,0.0,0.0
124292.24424492434,1.0,49088.15219232098,48.51778917826672,20.0,2.0,1.0,0.0,0.0
82244.26031343089,0.0,44913.02844283914,37.30298623111691,14.0,2.0,1.0,1.0,0.0
154952.8807284274,1.0,103078.79077094326,58.61291583998945,15.0,3.0,1.0,0.0,0.0
75733.05130000188,1.0,64417.5976002866,53.55484169607763,13.0,3.0,1.0,1.0,0.0
119089.7753064683,1.0,47411.30241206452,58.12071045576949,14.0,5.0,1.0,0.0,0.0
86228.57227195412,1.0,37357.413787802805,51.64539834882802,11.0,5.0,1.0,1.0,0.0
207839.98147087736,1.0,139009.95890336687,54.876477977710586,12.0,4.0,0.0,0.0,0.0
78676.95954571961,1.0,68234.67451528611,47.96992555855517,14.0,5.0,1.0,0.0,0.0
209079.6959972295,1.0,105806.49662235213,44.20734614006026,15.0,1.0,1.0,0.0,0.0
110063.89154976026,1.0,21675.460216623258,47.050203168460854,16.0,2.0,1.0,1.0,0.0
110925.74868620436,1.0,70295.88754278446,40.133635524241676,13.0,3.0,0.0,0.0,0.0
-2882.994594358315,1.0,47788.0073742913,32.00535514033712,12.0,3.0,0.0,1.0,0.0
-34629.68209085821,0.0,24591.734894725978,27.84420237103952,13.0,3.0,1.0,1.0,1.0
82755.15138930554,1.0,27303.376435264567,35.48459150873301,12.0,3.0,1.0,1.0,1.0
167270.70282644843,1.0,80637.61185342484,62.823126805327014,17.0,2.0,0.0,0.0,1.0
57617.133129405345,1.0,29184.70927348171,63.804120171479376,19.0,2.0,1.0,0.0,0.0
316172.05090407975,1.0,193356.24816817572,30.291730372540414,12.0,2.0,1.0,0.0,1.0
269686.51075435267,1.0,186305.48231071813,28.205861271134342,14.0,2.0,0.0,1.0,1.0
75582.87156995825,0.0,31671.084087943836,40.16679213660262,16.0,4.0,0.0,0.0,1.0
164479.62196070122,1.0,42381.00944096084,58.79873211208135,16.0,3.0,1.0,0.0,0.0
-7895.532085159539,1.0,32466.697259525277,44.41302958968485,13.0,2.0,1.0,1.0,0.0
107086.18867852828,1.0,33077.76126681941,43.72089573235502,16.0,4.0,1.0,1.0,1.0
97764.33391725997,1.0,57748.527600860325,60.8512260603218,17.0,2.0,0.0,0.0,1.0
82766.08956717176,1.0,35922.23845472473,25.37058994874724,17.0,2.0,1.0,0.0,0.0
-10680.18579528686,1.0,26014.774718360688,51.50241096387705,16.0,5.0,1.0,1.0,1.0
40831.0256298971,1.0,35453.240154358435,47.1712941984103,12.0,2.0,1.0,0.0,0.0
90042.77548354893,0.0,28441.836129311938,49.52820472020859,13.0,3.0,0.0,0.0,1.0
426276.8867272875,1.0,252865.92001904704,53.16761032109798,13.0,2.0,1.0,0.0,1.0
184493.51413242295,1.0,113391.30674169605,49.951002415192846,15.0,3.0,1.0,0.0,0.0
172456.4266532916,1.0,90786.08299656659,53.31299102283935,10.0,2.0,0.0,0.0,1.0
73538.1796114314,0.0,14070.140288827995,26.58200912706878,15.0,1.0,1.0,1.0,1.0
20273.811509627554,0.0,41074.37231657348,40.97609009559923,12.0,3.0,0.0,0.0,0.0
177669.10996189085,1.0,91509.17641251933,46.294966211361285,12.0,5.0,1.0,1.0,1.0
237393.1394368216,1.0,102372.15574554093,63.06552422947494,16.0,1.0,1.0,0.0,1.0
156000.7712244116,1.0,61621.676384896244,62.87198775265899,11.0,4.0,1.0,1.0,1.0
143145.97671225682,1.0,86000.93642909391,39.921460549727,11.0,3.0,1.0,0.0,0.0
130050.05382896794,0.0,44709.646687309796,59.95964285749461,14.0,2.0,0.0,0.0,1.0
199830.78524886418,1.0,95859.5682336672,34.304432820795384,15.0,2.0,0.0,0.0,1.0
50604.297191432604,1.0,52796.99707357515,46.48011143614525,12.0,4.0,0.0,0.0,1.0
30989.355655706786,1.0,31011.56362772568,42.12682738871456,16.0,2.0,1.0,1.0,1.0
189048.29114608854,1.0,146604.17113556908,58.82856909522046,12.0,1.0,0.0,0.0,1.0
81094.78729883498,1.0,67270.64301238506,33.93724714368224,10.0,2.0,0.0,1.0,0.0
66271.68229933281,1.0,73728.55393500037,29.99357469016116,13.0,2.0,1.0,0.0,1.0
39851.11431537589,0.0,31242.35103481201,30.42060388851598,14.0,5.0,0.0,0.0,1.0
358896.89988179726,1.0,242840.22578031544,41.328247734638666,18.0,4.0,1.0,1.0,0.0
221242.19628951952,1.0,61298.77882575247,43.07439744790182,17.0,1.0,1.0,1.0,1.0
212569.01653373957,1.0,64567.554657709836,42.93930058040534,15.0,2.0,0.0,0.0,1.0
153283.63046757376,1.0,69081.41676772787,32.94836488350682,12.0,2.0,1.0,0.0,0.0
117952.7120590125,1.0,34246.24386013613,61.448582515680435,12.0,1.0,0.0,0.0,0.0
165113.21005841115,1.0,71065.72549497521,60.235255521892675,12.0,1.0,1.0,0.0,1.0
3758.232328452912,1.0,47231.419141557766,55.02956739357348,13.0,4.0,1.0,0.0,1.0
46856.839943480896,0.0,52731.08982104793,53.192803270815304,10.0,3.0,1.0,0.0,0.0
112020.02347037909,1.0,102049.84239386613,36.853795224963555,13.0,3.0,1.0,1.0,1.0
54899.13348359827,0.0,61713.19891104751,36.64501367182048,11.0,4.0,1.0,0.0,0.0
96018.69434404201,0.0,30385.50806143928,53.210861330512394,14.0,3.0,0.0,0.0,0.0
-25320.739245972814,1.0,21397.64110033753,61.75329288402058,16.0,3.0,1.0,0.0,1.0
256202.13520076434,1.0,140353.08744606774,33.17431137024957,13.0,3.0,0.0,1.0,1.0
114072.63555062201,0.0,53336.91204013769,57.79571621338527,10.0,3.0,1.0,0.0,0.0
80734.42832988419,0.0,93830.9045417424,37.13441912014314,10.0,1.0,1.0,0.0,0.0
111203.08105167143,0.0,76171.11063210033,28.844780874538593,13.0,5.0,0.0,0.0,1.0
35772.85861386644,1.0,41838.484017583476,38.20192495005753,14.0,2.0,0.0,0.0,0.0
153986.29823025686,1.0,58528.87061611037,54.30927708141997,15.0,2.0,1.0,0.0,1.0
-10299.674509334392,1.0,18594.229468522917,40.78488329241708,13.0,1.0,0.0,1.0,0.0
253359.05881701325,1.0,119072.4343097629,44.03939815478624,14.0,3.0,0.0,1.0,0.0
90188.3034461554,0.0,36030.37630747203,59.95629402715375,15.0,2.0,1.0,0.0,1.0
34007.807143006554,0.0,28571.814542317312,53.05685775012235,18.0,2.0,0.0,0.0,0.0
214101.21705741755,1.0,77628.72891811785,52.820269986817436,16.0,2.0,1.0,0.0,1.0
115659.82253788106,1.0,32095.22483944835,61.91927847550254,13.0,4.0,1.0,1.0,1.0
101228.94274403728,1.0,60813.503086067496,46.92017664885295,13.0,5.0,1.0,0.0,1.0
201124.34022974293,1.0,95851.03785113346,33.760599890236634,13.0,4.0,1.0,0.0,1.0
112249.07660993614,1.0,34784.282194488485,58.61856336448135,13.0,3.0,1.0,1.0,1.0
82052.22958467767,1.0,52630.06035997025,54.03830745915124,15.0,2.0,1.0,0.0,1.0
344758.0519916696,1.0,208319.5764032149,28.083866843216285,13.0,6.0,0.0,0.0,0.0
142498.5249675148,1.0,84699.88598423271,25.802093140333962,12.0,3.0,1.0,1.0,1.0
60926.544109739225,1.0,85034.13284579199,31.499941414833206,13.0,6.0,1.0,1.0,0.0
101904.55405651666,0.0,37809.88784920041,55.43008067344195,12.0,4.0,0.0,1.0,1.0
70621.12626315812,0.0,47474.85539754719,45.921412148491,14.0,3.0,0.0,0.0,1.0
-86199.45494694493,0.0,39628.11543785296,35.84016331794121,13.0,3.0,0.0,0.0,1.0
161737.8397084413,1.0,87366.47557068315,37.84984817855803,16.0,4.0,1.0,1.0,0.0
144410.83320406015,0.0,56057.33334528556,60.49166485870924,10.0,3.0,1.0,0.0,1.0
95330.41969570627,1.0,37535.58137732157,44.296883801806686,14.0,2.0,1.0,0.0,1.0
7370.697787742187,0.0,16120.957770932939,37.817905494807825,13.0,1.0,1.0,0.0,0.0
189225.74833155476,1.0,117993.97576481261,52.81517409798033,13.0,3.0,1.0,0.0,1.0
181020.2885746581,1.0,92536.15855734173,55.259950098532066,16.0,2.0,0.0,1.0,0.0
174436.48004829307,1.0,54473.28150700426,51.839623276672526,16.0,2.0,0.0,1.0,1.0
173490.3569420447,1.0,79408.51401164742,29.09161721644598,17.0,2.0,1.0,1.0,1.0
139321.84967406944,1.0,110021.30265035505,47.07952967374071,14.0,1.0,1.0,0.0,1.0
250874.33415365507,1.0,165620.9375035359,26.349857851408963,14.0,1.0,0.0,0.0,1.0
-5893.159958541393,1.0,45722.08515798744,52.12936989850192,15.0,2.0,1.0,1.0,0.0
242588.01347429535,1.0,132192.32527335832,31.396889584307523,16.0,3.0,0.0,1.0,0.0
148031.62137636697,1.0,81176.12478858566,52.71736865332304,12.0,2.0,0.0,1.0,1.0
115957.50939352077,0.0,43730.82088842438,28.99267250378883,11.0,5.0,1.0,1.0,0.0
193954.35629205758,1.0,79992.03278783956,54.00868231141495,15.0,2.0,1.0,0.0,0.0
92971.38478221413,1.0,54078.76240999575,47.583394334301644,15.0,3.0,1.0,0.0,1.0
44991.12089598712,1.0,52431.93867350429,34.046844699659474,16.0,3.0,1.0,1.0,0.0
88386.31408737696,1.0,44989.91679711044,52.442439639161705,15.0,2.0,1.0,1.0,1.0
17653.04507392839,0.0,13184.6550078179,49.1287779410694,13.0,2.0,0.0,1.0,1.0
63493.16590307592,1.0,57133.86395522709,60.514282305322524,12.0,4.0,1.0,0.0,1.0
126445.51864388162,1.0,91556.15445452926,44.06886279262007,18.0,4.0,1.0,0.0,1.0
166361.75273444265,1.0,118287.50352122652,39.4068633704301,12.0,2.0,1.0,0.0,0.0
184954.52316151702,1.0,46693.50445025193,55.641896505210525,15.0,1.0,1.0,1.0,1.0
129824.06821141366,1.0,56251.03943535962,48.81479782818021,13.0,3.0,0.0,0.0,1.0
63648.8359668084,1.0,43430.073428092546,42.10724111120048,16.0,3.0,1.0,0.0,1.0
57091.68893176267,1.0,51553.10343237784,38.918900890650164,14.0,3.0,1.0,1.0,1.0
223536.52757600287,1.0,81042.24170079011,44.1411203349147,16.0,1.0,0.0,0.0,1.0
119139.85953206029,1.0,69096.99414001692,50.46919141938204,13.0,4.0,1.0,1.0,1.0
191431.0650934923,0.0,42901.498809550845,60.10861948764165,18.0,1.0,1.0,1.0,1.0
54490.39985600642,0.0,34660.50414445229,50.36190219549479,16.0,2.0,1.0,0.0,1.0
202709.0795139666,1.0,107298.08218472263,56.316586879364,12.0,3.0,0.0,0.0,1.0
157561.07824659653,1.0,97985.19835003819,36.850858400595655,10.0,2.0,1.0,0.0,1.0
7118.563455001116,1.0,18600.690955076407,39.849162159763665,16.0,1.0,0.0,0.0,1.0
97180.79912796889,1.0,41994.84180039884,39.57066318404731,11.0,2.0,1.0,1.0,1.0
227596.25559192017,1.0,118358.18518628902,57.134284606071276,15.0,2.0,1.0,0.0,0.0
468337.53455657547,1.0,259519.4818576147,42.187116767270844,14.0,2.0,0.0,1.0,1.0
58937.58493851441,1.0,44231.9640751697,34.963268098111996,13.0,1.0,1.0,0.0,0.0
244697.53154157905,1.0,108694.99343699808,48.724538419494664,15.0,1.0,1.0,1.0,1.0
14243.717832363458,0.0,49472.465712362624,49.3737344769598,16.0,2.0,0.0,0.0,1.0
65984.40511513231,1.0,60635.01907866458,56.387786143553825,16.0,3.0,1.0,1.0,0.0
108161.52685522899,1.0,61628.91237005854,32.91626455274385,16.0,2.0,0.0,0.0,0.0
64358.239384529035,1.0,44940.53152030841,33.10855032631618,14.0,5.0,1.0,1.0,0.0
72106.60614122651,0.0,40670.21912253118,62.358271783712624,11.0,1.0,1.0,0.0,1.0
99212.09474878723,1.0,77001.7855847328,33.11706876311242,14.0,3.0,1.0,0.0,1.0
163743.10140624663,1.0,88789.03345652518,49.02820365729948,11.0,3.0,1.0,1.0,1.0
169983.16282021598,1.0,107892.00588593884,32.03101404513975,15.0,4.0,0.0,0.0,1.0
159795.10198419506,1.0,126686.77354525164,35.7714715037916,16.0,2.0,1.0,0.0,0.0
142696.18564326482,1.0,62726.93808804597,25.0081446572149,16.0,3.0,1.0,1.0,1.0
69342.94667007193,1.0,36212.21917715185,34.81342952736249,13.0,4.0,1.0,0.0,0.0
166646.04723763626,1.0,85514.98565111161,59.3511656569838,11.0,4.0,1.0,1.0,0.0
141922.62092463116,1.0,72910.71603642417,37.971994647385856,15.0,1.0,1.0,0.0,1.0
92429.9379388969,1.0,52331.416716548985,57.97930362021334,16.0,3.0,0.0,0.0,1.0
139236.45625996526,1.0,65233.41935579036,25.583214017618847,16.0,1.0,0.0,0.0,1.0
23403.21776200844,0.0,19490.59283279921,40.83106963698798,15.0,1.0,1.0,0.0,0.0
116652.86506025407,1.0,78300.87175746684,46.29612901662673,10.0,2.0,1.0,0.0,0.0
62591.01528107375,0.0,22066.155049928202,33.4803392144066,17.0,1.0,1.0,0.0,1.0
81092.47069658329,1.0,57778.22902858955,59.3353474930058,13.0,2.0,1.0,0.0,1.0
129744.62805229935,0.0,24148.40178473421,53.631620114936865,19.0,3.0,1.0,0.0,0.0
59860.84229601559,1.0,29454.782771017533,50.0794836693036,17.0,4.0,1.0,0.0,1.0
-14096.06813713703,0.0,18239.57306627142,38.76570414101194,13.0,1.0,1.0,1.0,1.0
75433.94008152845,1.0,100457.94860875624,47.99720374248956,11.0,3.0,1.0,0.0,1.0
129958.6643602522,1.0,65393.47573501709,50.27834666729384,13.0,4.0,0.0,1.0,1.0
206109.21516602064,1.0,153792.70129875917,26.606275409472456,15.0,1.0,1.0,1.0,1.0
145231.5745165707,1.0,36790.86801311739,50.98819015086582,17.0,1.0,1.0,0.0,1.0
83660.84366088791,1.0,90567.12865555145,27.725606878573657,18.0,2.0,1.0,0.0,1.0
50165.68709155322,1.0,30084.173911400518,56.23306175148953,16.0,2.0,1.0,0.0,1.0
79987.78409699978,1.0,14737.211867267073,41.881169203326195,18.0,2.0,1.0,1.0,1.0
260229.13350982,1.0,125954.10316849037,49.821541205528284,16.0,1.0,1.0,0.0,0.0
56090.03477144145,1.0,47638.198098021596,55.28121870339308,12.0,2.0,1.0,0.0,1.0
210134.72262795753,1.0,80861.40354993177,53.28459058006706,17.0,1.0,1.0,0.0,1.0
329890.0258175333,1.0,231555.72381687717,37.16055211258536,17.0,2.0,1.0,1.0,1.0
103247.68174220489,0.0,59826.15373784378,34.47708042373097,12.0,3.0,1.0,1.0,0.0
238269.38256818356,1.0,145186.91727954376,60.23086403984344,12.0,2.0,0.0,0.0,1.0
97132.20607705959,0.0,83007.97537761305,29.836091975124546,12.0,5.0,1.0,0.0,1.0
96973.30124533892,1.0,32964.58407672401,49.53799626882679,15.0,2.0,1.0,0.0,1.0
303931.5802186173,1.0,191961.27444236263,50.219248070039555,13.0,2.0,1.0,0.0,1.0
197048.60876501526,1.0,53497.80142504161,44.02990642752904,14.0,2.0,0.0,0.0,1.0
-2947.0395469359064,1.0,60067.39228499007,27.53692564886088,17.0,4.0,1.0,0.0,1.0
124186.59582648406,1.0,36278.45330847788,62.271612722454186,15.0,1.0,1.0,0.0,0.0
189543.2952229861,1.0,112528.89775302964,61.56341385458498,14.0,3.0,1.0,1.0,1.0
59676.62723754786,1.0,51075.42948274823,58.964286409193974,14.0,5.0,0.0,1.0,1.0
-33528.18925663309,0.0,10152.988473485206,48.79039764108954,10.0,4.0,0.0,1.0,0.0
90097.30782842907,1.0,79558.93489766437,58.3082982335321,18.0,3.0,1.0,0.0,0.0
101977.34668606328,1.0,58215.46127061919,49.12439692742554,16.0,3.0,1.0,0.0,0.0
168726.7373515984,1.0,55851.54631908621,56.61654979500024,14.0,3.0,0.0,0.0,1.0
136801.86387955828,0.0,55548.711022550124,28.532582291843024,16.0,3.0,1.0,0.0,1.0
36552.16736456647,0.0,27357.111046653084,43.94689671937192,15.0,3.0,1.0,0.0,0.0
108323.52498198347,1.0,54011.91405191071,55.81616791364233,13.0,4.0,1.0,0.0,0.0
-43046.39150160314,1.0,31430.22394015162,39.750367382582134,11.0,2.0,1.0,0.0,1.0
115147.39879953167,1.0,46150.291287327884,44.477881983372825,11.0,1.0,1.0,0.0,1.0
127867.92403971536,1.0,70969.5036634852,58.603624484804755,11.0,3.0,1.0,1.0,1.0
224818.52927189428,1.0,96062.47595937125,56.06964870483692,16.0,3.0,0.0,0.0,1.0
174791.01835382977,0.0,64103.96833829682,26.4765735583446,19.0,2.0,0.0,0.0,0.0
142937.50331733536,1.0,95339.4818097765,46.58175927872318,15.0,3.0,0.0,0.0,1.0
272465.6627430216,1.0,92857.58951239275,53.009096179127326,13.0,3.0,1.0,0.0,0.0
-43516.910374637766,1.0,18180.466639618375,55.9071780983605,12.0,1.0,1.0,1.0,0.0
195175.95459736642,1.0,98408.46312516609,33.29810157241115,12.0,4.0,1.0,1.0,0.0
46031.771171283624,1.0,50127.878770089,27.25367053686714,16.0,2.0,0.0,0.0,1.0
175282.51881444379,1.0,104251.41720064597,51.760856736327796,12.0,3.0,0.0,0.0,0.0
175565.2014107487,1.0,110335.04676271818,58.08419163752637,16.0,2.0,0.0,0.0,0.0
238029.21350430697,1.0,138587.80247443577,35.09338987360045,15.0,3.0,1.0,0.0,1.0
111822.62699529956,1.0,86494.62478352772,51.213825003773835,13.0,6.0,0.0,0.0,0.0
186717.005828463,1.0,54364.88719420027,48.19090136558046,14.0,3.0,1.0,0.0,0.0
136283.5275183794,1.0,81850.1552801561,38.05563319424518,15.0,3.0,0.0,1.0,1.0
139786.27327703312,1.0,77958.9361379382,31.951164072185097,12.0,2.0,0.0,1.0,1.0
120288.45276971806,1.0,61329.03581963264,50.55051813058544,15.0,2.0,1.0,1.0,1.0
86465.80716932168,1.0,87574.87693634289,57.58634074558777,14.0,2.0,1.0,0.0,0.0
250564.2607425961,1.0,93701.19874390395,25.017997917589742,15.0,2.0,1.0,0.0,1.0
140710.22968158787,1.0,98619.98913786422,27.906886986578563,14.0,3.0,1.0,0.0,1.0
240460.64274644747,1.0,204299.31774000934,29.137215154199406,14.0,1.0,1.0,1.0,0.0
141891.79966849225,1.0,54972.21272900005,52.40495906159882,14.0,2.0,1.0,1.0,1.0
214735.90484062547,1.0,135329.29994754377,62.22944102626866,16.0,2.0,1.0,0.0,1.0
152290.7268020198,1.0,77051.13416595313,38.23304324669199,18.0,1.0,0.0,0.0,1.0
130950.8746976238,0.0,116533.91302129073,47.11270111603178,13.0,3.0,1.0,0.0,1.0
346862.9962801652,1.0,193972.57452234437,53.09641819439035,16.0,2.0,1.0,0.0,0.0
498913.2258868621,1.0,386123.2632187937,31.56147195876751,14.0,4.0,1.0,1.0,0.0
71882.4146733857,0.0,37928.031953234226,63.0500965067825,16.0,1.0,0.0,1.0,1.0
126763.25515056969,1.0,36865.429844415456,38.75922288656957,14.0,2.0,1.0,0.0,0.0
185857.29634080466,1.0,147303.72205230483,58.39523331154547,18.0,4.0,0.0,0.0,1.0
166132.8970847634,1.0,109181.78202973108,51.98565720099296,13.0,3.0,1.0,0.0,1.0
96920.14101911333,1.0,80443.30016492712,42.911980287294156,11.0,1.0,1.0,0.0,0.0
91846.14181406202,1.0,72119.78807233945,43.32817033973116,16.0,2.0,0.0,0.0,1.0
34424.34130061846,0.0,41245.92046118645,43.09711909673375,12.0,4.0,0.0,0.0,1.0
116059.82101189232,0.0,43588.53455063941,59.359935714461784,10.0,2.0,1.0,1.0,1.0
-28571.03032618532,1.0,31711.08944751526,31.148292588817753,10.0,4.0,0.0,1.0,1.0
182631.47490737573,1.0,93556.24174947297,26.185421689940995,17.0,3.0,1.0,0.0,0.0
61566.2691914122,0.0,41793.46126191783,47.701277430122516,15.0,2.0,0.0,1.0,1.0
267312.6621661806,1.0,102923.53396260993,62.90680793288907,16.0,2.0,1.0,1.0,1.0
142287.95667580108,1.0,98253.3414756269,34.894922706273206,12.0,4.0,1.0,0.0,0.0
-10955.176227809381,1.0,27616.884881515398,37.927144535220094,11.0,3.0,1.0,0.0,0.0
240064.82437623155,1.0,79029.54599960586,30.0981979535773,17.0,2.0,1.0,0.0,1.0
204242.13658483778,1.0,98475.73027159214,36.28471046578404,15.0,3.0,1.0,0.0,1.0
49052.78210403038,1.0,65859.0420689618,33.4921997716559,18.0,3.0,1.0,0.0,1.0
124198.21972547029,1.0,55687.36126673382,40.56757883047825,12.0,3.0,0.0,0.0,1.0
25504.4433536265,1.0,23026.724818216506,29.435910526243557,14.0,4.0,1.0,0.0,1.0
97077.55829617888,0.0,63009.10650392285,27.892425508508918,13.0,3.0,0.0,0.0,1.0
74605.3504785336,0.0,24253.76310070353,36.19546854109034,18.0,3.0,0.0,0.0,1.0
-18274.120974498204,0.0,38478.27998905299,39.32826517295449,15.0,1.0,1.0,0.0,0.0
-3165.3118579705842,1.0,35784.105185732195,33.87380630941339,15.0,3.0,1.0,1.0,0.0
101148.0765383191,1.0,43461.85991036184,33.8297301804853,13.0,4.0,0.0,0.0,1.0
174971.0388500902,1.0,60597.660636998684,62.30496505476099,14.0,2.0,0.0,0.0,0.0
46050.48478714227,1.0,29649.47068420736,25.092565726410786,16.0,3.0,1.0,0.0,1.0
151370.45557249337,1.0,87366.56571333564,62.774260394626786,13.0,3.0,1.0,0.0,1.0
75745.75818976169,1.0,54338.930502539464,26.84461373068419,14.0,2.0,0.0,1.0,0.0
288766.8305179466,1.0,82887.07545169457,63.503697139882576,17.0,2.0,1.0,1.0,0.0
28755.959995970956,1.0,30577.074159464326,40.992859347522646,14.0,3.0,1.0,0.0,0.0
5023.399871735532,0.0,41932.452077393864,26.35089249098178,10.0,4.0,0.0,0.0,1.0
152595.58747829156,0.0,53764.62705321984,51.41119240659802,19.0,5.0,1.0,1.0,1.0
152770.09854639586,1.0,110403.94534834899,30.621612873324757,15.0,2.0,0.0,0.0,0.0
182513.86325935126,1.0,69890.31121501414,54.85634962607393,14.0,2.0,1.0,1.0,0.0
75370.45015648079,0.0,100998.84428208257,35.586714581796855,13.0,3.0,1.0,1.0,0.0
86719.33706207355,1.0,54477.31416470237,40.330596638097575,15.0,1.0,0.0,1.0,1.0
153386.1703440633,1.0,119761.34004299724,41.91463764474095,11.0,4.0,1.0,1.0,0.0
56889.86874852609,1.0,80179.3543841561,26.536402602603246,15.0,5.0,1.0,0.0,1.0
299842.1881964197,1.0,171290.6362646051,45.22218016706311,13.0,1.0,1.0,0.0,1.0
281594.9284242955,1.0,169674.96060167399,48.42697410036059,16.0,2.0,1.0,0.0,1.0
214075.14286250435,1.0,95668.96323211046,49.08042647891013,10.0,2.0,0.0,1.0,0.0
264665.681907536,1.0,146879.74558249285,44.63265364493801,14.0,3.0,0.0,0.0,1.0
129078.88904437025,1.0,47204.72180866458,54.73803951743396,15.0,1.0,1.0,0.0,0.0
412216.55925657414,1.0,359145.7606756753,40.54945860494439,17.0,3.0,0.0,0.0,1.0
80352.94820082444,1.0,59764.34217561085,40.24205039918748,14.0,1.0,0.0,0.0,1.0
72216.49545428852,1.0,25604.857429177704,61.11838191566219,13.0,3.0,1.0,0.0,0.0
76499.0549365473,1.0,76341.75928491911,31.128165876874213,18.0,4.0,1.0,0.0,1.0
162064.9752979759,1.0,106520.1093118467,61.194182795384265,11.0,3.0,1.0,0.0,0.0
100700.55178171958,1.0,82196.20466977282,54.86910045232925,15.0,4.0,0.0,1.0,0.0
155136.84753125728,1.0,80477.60472705169,29.32363875339922,12.0,2.0,0.0,0.0,1.0
12157.155484901028,0.0,26855.46952797344,62.470874571192,13.0,4.0,1.0,0.0,1.0
67879.50890342458,1.0,67812.9211839582,38.56369548894651,18.0,4.0,1.0,0.0,0.0
192085.95764592738,0.0,19241.64468022287,32.47591168593529,15.0,2.0,1.0,0.0,1.0
62734.50288164447,0.0,31480.946186710582,25.475239898100178,14.0,2.0,0.0,1.0,1.0
104161.609654545,0.0,29632.2414943152,34.222235805092474,20.0,3.0,0.0,0.0,1.0
77635.38287462527,0.0,33647.86633670005,32.829503033827905,14.0,3.0,1.0,0.0,1.0
72821.1658461606,0.0,38305.79285594437,63.718573152191226,14.0,4.0,1.0,0.0,1.0
192336.48111027386,1.0,176608.6390810422,39.90709053828978,11.0,5.0,1.0,0.0,0.0
96971.92737695016,1.0,79098.45761443797,41.797113166111025,11.0,5.0,1.0,0.0,0.0
249971.1452470765,1.0,175709.6203216222,46.368799881035194,13.0,1.0,0.0,1.0,1.0
-30866.365491089142,0.0,26340.526794660756,38.09123145536078,15.0,4.0,1.0,0.0,0.0
145463.19333093986,1.0,85629.87035444585,49.69388016183122,16.0,1.0,1.0,0.0,1.0
75441.47026644464,1.0,47347.672293839554,29.872930787444332,13.0,1.0,0.0,1.0,1.0
41361.54865134746,1.0,30458.00675045121,45.17468403394703,14.0,5.0,0.0,1.0,1.0
545421.975727219,1.0,400000.0,51.15316620996562,12.0,4.0,1.0,0.0,1.0
78824.1640163094,0.0,87775.1383321442,40.155697555343636,14.0,3.0,1.0,0.0,0.0
120700.40899528096,1.0,41555.20625305918,55.48053926333774,12.0,3.0,1.0,1.0,1.0
-2684.9182221021647,0.0,14724.579990651464,45.03024163818925,15.0,4.0,0.0,0.0,0.0
119284.54335299553,1.0,80518.00676778216,37.02789720132829,10.0,3.0,1.0,0.0,0.0
212183.27359939917,1.0,148333.428808514,28.66739909541971,18.0,4.0,0.0,1.0,0.0
68904.19976324266,1.0,29780.603255883583,40.67840618738815,17.0,2.0,1.0,0.0,0.0
104346.16243359457,0.0,54552.61820537584,28.969796883270195,13.0,3.0,0.0,0.0,0.0
97757.79748552504,0.0,22666.82258771016,53.70157226415324,14.0,2.0,0.0,0.0,0.0
144208.42730301828,1.0,32691.64956471289,59.673453442812324,14.0,1.0,0.0,1.0,1.0
58545.60903953113,1.0,34657.91931682715,60.53370890929591,12.0,2.0,0.0,0.0,0.0
107585.47248935032,0.0,75688.47506319122,27.48016703316534,16.0,3.0,1.0,1.0,0.0
203386.49530992357,1.0,133658.06491398273,55.08043952517625,14.0,2.0,0.0,0.0,1.0
62039.19699485798,1.0,19639.148023719525,58.167723860463504,17.0,3.0,0.0,1.0,0.0
50778.66611851862,0.0,57165.88272600661,28.981077204569985,13.0,2.0,1.0,0.0,0.0
128213.35622792882,0.0,56004.792603008966,31.771450222135257,13.0,2.0,1.0,0.0,0.0
109298.87378855117,1.0,21479.595961600153,39.09486320367131,16.0,1.0,1.0,1.0,1.0
60746.34541339355,1.0,39478.150530060724,30.14961578364631,14.0,3.0,1.0,0.0,1.0
244707.36299875687,1.0,205507.72391916535,37.411093484429415,13.0,4.0,0.0,0.0,1.0
226843.7574687692,1.0,145408.78015238955,39.75541136716717,15.0,1.0,1.0,0.0,0.0
126222.39312862356,1.0,106310.90297913572,44.25599977714869,19.0,4.0,1.0,1.0,1.0
9065.11710054292,1.0,38791.48811523276,54.47394806980273,12.0,2.0,0.0,0.0,0.0
94101.30837726245,0.0,55909.23606640252,51.72122153691847,11.0,1.0,0.0,0.0,1.0
228983.65093415556,1.0,167116.30472487936,40.98698405510293,12.0,4.0,1.0,0.0,1.0
102718.51294402653,1.0,66073.63315388125,37.378679786446824,17.0,1.0,0.0,0.0,1.0
28664.638463494342,0.0,30606.42220225569,48.66992531089613,14.0,2.0,0.0,1.0,1.0
385519.3916690905,1.0,242493.42286057532,50.62919276831208,15.0,2.0,0.0,1.0,1.0
206173.49744131233,1.0,94302.36611362423,26.077742888261632,15.0,5.0,0.0,0.0,1.0
53801.19850975583,0.0,34741.24531004698,36.936807417433826,10.0,2.0,0.0,1.0,1.0
101994.21371340872,1.0,62476.06365033734,39.3204236237416,15.0,3.0,1.0,0.0,0.0
242795.93457824647,1.0,167301.77013927427,38.36544368329738,15.0,2.0,1.0,0.0,0.0
128796.92971236267,1.0,102989.86669128567,29.515614826726,15.0,2.0,1.0,1.0,0.0
222710.63247988294,1.0,146493.7048901815,63.80339877017335,18.0,1.0,1.0,1.0,0.0
306793.1373112348,1.0,195593.67090206276,40.467339710761344,15.0,3.0,1.0,0.0,0.0
107602.66591315466,1.0,62228.250103832914,58.09518223267984,14.0,3.0,1.0,0.0,1.0
74891.06877881121,0.0,41859.21271328698,34.30959032213293,16.0,2.0,1.0,0.0,1.0
123382.717441861,1.0,52684.419357397375,62.1173512888586,14.0,1.0,1.0,0.0,0.0
33787.596272091665,1.0,34748.08057489572,39.959163814796256,14.0,2.0,1.0,1.0,1.0
33655.98092381132,1.0,21100.031127983835,51.12236514273441,15.0,2.0,1.0,1.0,1.0
108972.69023749183,1.0,35917.79926185354,55.88195629243851,11.0,4.0,1.0,1.0,1.0
113915.0805620854,1.0,63082.48599716161,33.40118714757271,14.0,2.0,1.0,0.0,1.0
132215.57874505507,1.0,67977.88664856747,36.081047400817006,13.0,2.0,1.0,1.0,0.0
163891.74393194335,1.0,102711.09881106424,42.81452868461315,11.0,2.0,1.0,0.0,0.0
49585.46182218855,0.0,24116.333383466925,28.469078099806197,15.0,3.0,1.0,0.0,0.0
48531.94941937336,1.0,37866.07428440122,27.00171008059378,13.0,2.0,1.0,1.0,0.0
151215.38292625867,0.0,92044.93093557101,37.09714989477786,17.0,3.0,1.0,0.0,0.0
105456.49203763093,0.0,96659.90602091985,50.80553475539817,11.0,4.0,0.0,0.0,0.0
104995.40997074255,1.0,57383.734099340865,32.2196119722298,13.0,5.0,1.0,0.0,1.0
78967.53084933523,0.0,45211.107112834114,27.32810495050504,13.0,3.0,1.0,0.0,1.0
129266.84871947834,1.0,55240.23361551636,51.257440027998705,10.0,5.0,1.0,1.0,0.0
150817.4479983591,1.0,68454.95018042385,59.805043254773985,16.0,3.0,0.0,0.0,1.0
407271.7808254759,1.0,265745.0358623648,50.42801886277154,14.0,3.0,1.0,1.0,1.0
199580.494836893,1.0,94958.96765824921,51.956538819008614,14.0,3.0,0.0,1.0,1.0
234905.20375512316,1.0,174404.0712520823,35.33095904877899,12.0,4.0,1.0,0.0,1.0
88013.85452627798,1.0,72067.54225164629,57.87315114045859,17.0,3.0,0.0,0.0,0.0
219716.4346203499,1.0,93750.57704906525,36.42560785996841,15.0,4.0,0.0,0.0,1.0
349276.8366115376,1.0,254275.93326728203,32.11429201389201,15.0,3.0,1.0,1.0,1.0
13570.536322103304,1.0,46198.23750656856,63.16608689187351,13.0,3.0,0.0,0.0,1.0
151857.65187355463,1.0,45859.88781200312,50.456361794239015,10.0,1.0,0.0,0.0,1.0
81818.28182068592,1.0,50354.51252874927,62.319536564883535,15.0,2.0,1.0,0.0,1.0
93999.08110634465,1.0,61243.09326792855,40.591706992817564,15.0,2.0,1.0,1.0,0.0
154836.57382432013,1.0,33345.05136526033,49.27239272403248,12.0,3.0,1.0,0.0,0.0
44715.305902527085,0.0,27882.61961115887,41.21595918232531,15.0,1.0,1.0,0.0,0.0
137801.87621843955,1.0,53327.779980789695,42.49819689245953,11.0,2.0,0.0,1.0,1.0
82763.63302982191,0.0,48838.20214549994,40.71554583105158,14.0,3.0,1.0,0.0,1.0
218801.2358247285,0.0,195520.567306741,39.1674988563563,10.0,2.0,0.0,0.0,0.0
166367.84421410479,1.0,64543.90903917717,61.590496729028594,12.0,3.0,1.0,0.0,1.0
189562.80738001075,1.0,93729.612029557,33.40647570224717,13.0,1.0,1.0,1.0,1.0
220643.27504350882,1.0,140733.57466360583,60.78976165013067,11.0,3.0,1.0,1.0,0.0
31955.701860232763,1.0,23745.36074940094,57.378825722599764,13.0,4.0,0.0,0.0,0.0
101064.9358438159,1.0,47949.17307156882,33.78841726660958,14.0,3.0,1.0,0.0,1.0
182614.30169018955,1.0,54456.31803597507,34.168897240809976,17.0,3.0,1.0,1.0,1.0
-115064.98981865877,0.0,29447.66857031902,57.54143147822087,13.0,1.0,0.0,1.0,0.0
-49445.82442465178,0.0,16647.91315022154,34.71095292458579,16.0,3.0,1.0,0.0,0.0
179204.61548981754,1.0,123300.9995415247,47.10605331451242,13.0,1.0,1.0,0.0,1.0
155902.62684589686,1.0,77110.72693583797,36.43636264078509,11.0,3.0,1.0,0.0,1.0
44727.97554214894,1.0,34108.57042289342,27.848659235285936,15.0,1.0,0.0,0.0,0.0
61671.0822620245,1.0,46533.40377283621,34.03481462523814,12.0,2.0,1.0,0.0,1.0
95310.32759093054,1.0,72639.13806616337,61.962269515755644,14.0,2.0,0.0,0.0,0.0
82119.7874322919,1.0,113055.31959146308,26.294739058968116,11.0,3.0,1.0,1.0,0.0
150274.12042240016,1.0,96432.66029789021,33.013120387352224,16.0,3.0,1.0,0.0,1.0
1167.7130109227146,1.0,30466.50641990994,39.364142038992235,13.0,4.0,0.0,1.0,0.0
35858.15143505551,1.0,59279.24957076644,57.24634192772776,13.0,2.0,0.0,1.0,0.0
37924.87928011915,1.0,31942.99412984789,52.58924316087835,14.0,2.0,1.0,0.0,0.0
-16719.184232470245,1.0,25994.404737268836,54.37413493234775,17.0,3.0,1.0,1.0,1.0
41018.86298632132,0.0,36136.1725079669,36.63095359261773,13.0,3.0,1.0,0.0,0.0
41333.98807959522,1.0,41524.04571999663,57.86964687362834,15.0,1.0,1.0,1.0,1.0
115826.00297302278,0.0,32714.336945927498,26.78140350920767,16.0,3.0,1.0,0.0,0.0
66878.54869712306,0.0,34966.818604040585,62.22478659271436,14.0,4.0,1.0,0.0,0.0
184745.81088600718,1.0,106323.8755105248,36.087208238555036,15.0,1.0,0.0,0.0,1.0
111972.55773390252,1.0,72279.30523113426,40.034247237629245,11.0,3.0,1.0,1.0,0.0
1428.1747428344206,1.0,11236.238243638369,55.61072534593686,14.0,2.0,1.0,1.0,0.0
227699.77904478047,1.0,174437.06446823417,44.86532629695965,15.0,4.0,1.0,0.0,0.0
53829.33327174373,1.0,37164.069289015,46.65881045800225,13.0,2.0,1.0,1.0,0.0
-7404.222915662496,0.0,50722.50001556463,26.899075193175953,13.0,4.0,0.0,0.0,1.0
41662.14567462445,0.0,28741.53287508964,25.80301463926508,12.0,2.0,1.0,1.0,1.0
213887.50317616767,1.0,145093.39763058786,30.508709424290487,12.0,2.0,1.0,0.0,1.0
8432.235281041521,1.0,15557.906244493362,30.834575320981024,12.0,2.0,0.0,0.0,1.0
157549.4974862072,1.0,92935.01920062289,55.16106914798448,13.0,2.0,1.0,1.0,1.0
137949.17280411284,0.0,40944.66193540553,61.86030809318442,14.0,2.0,1.0,0.0,1.0
137308.48830628843,1.0,109463.45563132157,61.94454753421855,16.0,5.0,0.0,1.0,1.0
125462.46272916562,0.0,45144.36330950755,57.46598445402947,15.0,1.0,1.0,0.0,1.0
184224.76291908236,1.0,98285.46559603508,51.15844070124892,10.0,2.0,1.0,0.0,1.0
264247.9367643161,1.0,98969.39340766578,35.84332741948661,19.0,2.0,1.0,1.0,1.0
125269.78709813712,1.0,72203.69309254273,48.26127643173642,15.0,3.0,1.0,0.0,1.0
-24297.469526931825,0.0,22141.773293180824,27.80639011832988,11.0,3.0,1.0,0.0,0.0
91040.19465578406,1.0,41649.88776384472,54.59397201924161,15.0,3.0,0.0,0.0,1.0
65543.62719988669,1.0,44042.260766907755,59.74847490610603,14.0,2.0,0.0,0.0,1.0
136024.77749327882,1.0,42607.94809836223,45.714803442455434,14.0,3.0,1.0,0.0,1.0
362795.80099067336,1.0,252646.4716129928,48.78384544126496,13.0,2.0,0.0,0.0,1.0
46308.974422188214,0.0,68688.96807897338,41.25348518148532,12.0,2.0,0.0,0.0,0.0
58758.981405341125,0.0,36427.80632580892,61.291417955960696,11.0,3.0,0.0,0.0,0.0
160125.6799405918,1.0,92181.26829577213,53.370095015994536,15.0,1.0,0.0,0.0,0.0
183145.31786980462,0.0,72963.86570055461,37.47438200982684,17.0,3.0,0.0,0.0,1.0
170559.18377018275,1.0,87974.39170030109,44.28259469525826,13.0,2.0,0.0,1.0,0.0
76364.29671996876,1.0,45208.72105489558,41.076213200601586,11.0,4.0,1.0,1.0,1.0
-68484.22217550814,1.0,34995.87215856519,34.51574516666085,16.0,1.0,0.0,1.0,0.0
40068.290923449,1.0,31915.252285996754,25.346669280863235,12.0,2.0,1.0,0.0,1.0
193621.64848314322,1.0,99172.45852498703,53.22705733766564,10.0,3.0,0.0,0.0,0.0
75019.77644312232,0.0,38326.36192341062,57.63448354941029,13.0,5.0,0.0,0.0,0.0
91874.13204772727,1.0,36035.59825519694,59.36781408235725,15.0,2.0,1.0,0.0,1.0
183029.07013595314,1.0,43764.38474416908,42.24118261137214,16.0,2.0,1.0,1.0,1.0
120036.84782640052,1.0,125283.7844160045,35.245116848827514,12.0,2.0,0.0,0.0,1.0
104944.00507728852,1.0,43073.01811781563,28.740093517009882,14.0,3.0,1.0,0.0,0.0
29018.170407449834,1.0,25561.811613315018,51.10333530312461,10.0,2.0,1.0,0.0,0.0
79843.5206747493,0.0,60936.09264418716,56.3606431131373,15.0,2.0,1.0,0.0,1.0
197835.34016231037,1.0,86893.57804902626,59.68310281766823,17.0,1.0,0.0,1.0,1.0
312785.37218960735,1.0,221843.05001302753,37.314254054761925,20.0,2.0,1.0,0.0,0.0
309435.92341067776,1.0,236774.17486322636,52.50337330378362,11.0,1.0,1.0,1.0,0.0
130450.91826004669,1.0,75356.85891254817,60.3176127533108,11.0,2.0,1.0,0.0,0.0
165943.68238948268,1.0,51279.14210892914,29.66287182036148,20.0,1.0,1.0,0.0,1.0
30615.894340231534,1.0,54908.823114668114,39.409250874435344,16.0,2.0,1.0,0.0,0.0
80220.86552630321,0.0,36853.319915092005,61.903315886109624,11.0,4.0,1.0,0.0,1.0
218580.98268916004,1.0,163654.89597326945,63.03191058154739,11.0,3.0,1.0,0.0,1.0
80417.71155890595,0.0,32154.220099530412,30.334251577260318,14.0,1.0,1.0,1.0,1.0
84492.85575204788,1.0,29999.722934686415,31.31152564335642,14.0,1.0,1.0,1.0,0.0
63498.668491454264,1.0,44930.192674189486,29.99728519911855,12.0,3.0,1.0,0.0,1.0
133254.29860242354,1.0,44834.92456155575,48.866844161692576,12.0,1.0,1.0,0.0,1.0
132485.93385345917,1.0,59073.307370118964,36.58436342753397,12.0,5.0,1.0,0.0,1.0
66755.07214591108,1.0,127589.31920380278,50.36058727732335,15.0,3.0,1.0,1.0,0.0
215605.6249965041,1.0,65170.66096506906,60.83247691924209,13.0,3.0,1.0,1.0,1.0
75894.58839239797,1.0,62502.78688215079,57.724804598536195,12.0,2.0,1.0,0.0,1.0
101056.27960654939,1.0,91419.8740193471,44.59036788159946,13.0,3.0,0.0,1.0,1.0
178711.95179895096,1.0,117315.0236955358,44.11074433898415,13.0,2.0,1.0,0.0,0.0
112021.24625082996,1.0,33863.06451425804,49.82350622118953,10.0,6.0,1.0,0.0,1.0
145242.68977961302,1.0,81629.82199827404,60.934971869422974,15.0,3.0,0.0,1.0,1.0
300088.76428299275,1.0,209405.8149161233,60.73574970440494,13.0,1.0,1.0,1.0,1.0
188998.6703454035,1.0,93496.2145258876,37.11242417085235,16.0,2.0,1.0,0.0,1.0
432452.0509535687,1.0,283688.99292596325,60.993101345556525,17.0,2.0,1.0,1.0,0.0
78886.97558591254,0.0,24781.345936788275,54.00915418320636,15.0,1.0,1.0,0.0,1.0
86971.980256015,0.0,53515.71193978527,41.59010897001812,15.0,2.0,1.0,0.0,1.0
31757.637615615706,1.0,102392.99061861262,47.40686011283708,13.0,2.0,0.0,1.0,1.0
421247.4347494781,1.0,223878.05006196667,60.74567297472671,12.0,2.0,0.0,1.0,1.0
27613.300052198225,1.0,39506.81645596245,34.8406152999177,15.0,1.0,0.0,0.0,0.0
121786.1093619081,1.0,67734.78035679777,29.154094778505176,12.0,3.0,1.0,1.0,0.0
96466.68066246217,0.0,16619.431579128788,62.58303590191189,15.0,1.0,1.0,0.0,1.0
55561.08640666593,0.0,34569.90982968272,26.907613686008034,13.0,4.0,1.0,1.0,1.0
253531.35439202687,1.0,142470.56729967368,52.726815702879634,15.0,2.0,1.0,1.0,1.0
41815.05676695218,1.0,35650.16316898595,55.89329756931197,16.0,3.0,1.0,0.0,0.0
-1859.195888710994,1.0,53429.1724725325,35.618070239553774,12.0,1.0,1.0,1.0,0.0
63394.33913659802,0.0,31816.227116984603,52.77093061354488,20.0,4.0,0.0,0.0,1.0
167942.24547208234,1.0,119686.47364966912,56.7378772556102,14.0,3.0,1.0,0.0,1.0
176535.9337686044,0.0,80804.16765640295,63.774779565649254,15.0,2.0,1.0,0.0,0.0
8392.05019261677,1.0,27735.575900427302,27.824338325734566,13.0,4.0,1.0,1.0,0.0
141381.41928498016,1.0,62840.15398171132,28.00565818553495,18.0,2.0,0.0,1.0,1.0
281782.5249260508,1.0,99585.06304123673,34.056655847104324,15.0,2.0,1.0,0.0,1.0
226655.5142562987,1.0,114276.24390995303,29.244690994523214,14.0,1.0,1.0,1.0,1.0
24054.23417425745,0.0,26034.8470037197,32.980497529546014,13.0,1.0,0.0,0.0,1.0
88877.18532254882,1.0,92572.41504338021,44.99026090650379,13.0,3.0,0.0,0.0,1.0
157727.17428325373,1.0,86912.90330779062,39.78285216503925,13.0,2.0,1.0,0.0,1.0
58510.812525442394,0.0,69758.98541395747,63.6648461873841,17.0,4.0,0.0,0.0,0.0
81331.51160708674,1.0,37736.935432531674,30.46887358045616,16.0,4.0,1.0,1.0,1.0
171404.73204338166,1.0,106050.9457515805,44.163748227276756,13.0,3.0,0.0,0.0,0.0
265886.3625184949,1.0,131696.60997692874,37.53071490660151,13.0,4.0,0.0,0.0,0.0
70326.56577920057,0.0,50090.57750566245,48.10604573698947,13.0,4.0,0.0,0.0,0.0
144864.7908630119,1.0,50550.69646965767,50.16187381454833,17.0,3.0,1.0,1.0,1.0
127700.36721630077,1.0,22925.347670285148,32.05384742976783,16.0,1.0,1.0,1.0,1.0
92123.28305091707,0.0,59620.31255701928,32.85284488528658,12.0,1.0,1.0,0.0,1.0
138539.45134078423,1.0,89910.19445036078,43.16432738028253,11.0,3.0,1.0,0.0,1.0
93921.23219777372,0.0,28040.275677058078,55.8996676801593,16.0,4.0,1.0,1.0,1.0
71516.39796170141,0.0,46343.940848006576,56.71273323033248,13.0,3.0,0.0,0.0,1.0
-41877.011762925016,0.0,38132.83710340592,31.307799828861597,15.0,5.0,1.0,0.0,0.0
106277.31260371729,1.0,57106.231615276636,49.127799930193575,12.0,3.0,1.0,0.0,1.0
163773.62281777002,1.0,64773.76896583395,28.94845746749615,13.0,1.0,0.0,0.0,0.0
66309.17801804494,0.0,37307.04096922863,43.161418015694395,16.0,2.0,0.0,1.0,0.0
84125.43349808047,1.0,47553.78741022271,59.40281832950867,12.0,3.0,0.0,0.0,1.0
227198.91072664887,1.0,55687.89957062331,58.917044558432494,14.0,2.0,1.0,1.0,1.0
185000.68966621833,1.0,103354.9541857159,50.686113717629155,14.0,3.0,1.0,0.0,0.0
82017.09067525217,1.0,89417.13353835396,52.510685506930145,14.0,2.0,1.0,0.0,1.0
-20650.006889026146,1.0,14843.768637871452,38.986568364525574,13.0,2.0,1.0,0.0,1.0
-20762.876959906607,1.0,28214.486214411983,56.463269333197985,10.0,4.0,0.0,0.0,0.0
73307.5083754062,1.0,62416.85132474937,49.99618424489252,16.0,2.0,1.0,0.0,0.0
249454.1333066748,1.0,159872.3605666233,60.685820902346904,13.0,2.0,0.0,0.0,1.0
65575.155713383,1.0,20110.52071763305,59.00100722270594,15.0,3.0,1.0,1.0,1.0
215047.0782455898,1.0,134677.25545423577,48.0123724412112,15.0,3.0,1.0,0.0,1.0
118203.63570463334,1.0,104063.97090611079,62.88329362892754,10.0,6.0,1.0,1.0,0.0
74253.85618511369,1.0,41041.99443039079,54.06814850428915,14.0,3.0,0.0,1.0,0.0
97814.3108894255,1.0,22449.735924080334,32.697408548265585,15.0,3.0,1.0,0.0,1.0
189600.68352782124,1.0,122837.6404112995,42.7843645262191,15.0,1.0,1.0,0.0,0.0
43893.706913017464,0.0,20185.670238480958,29.40847721074387,19.0,1.0,1.0,1.0,0.0
101493.74137171077,1.0,80388.7823633398,27.416444971971856,14.0,1.0,1.0,0.0,0.0
132915.27861187342,1.0,56404.44491555765,60.29548837026645,18.0,5.0,1.0,1.0,1.0
126975.61760802011,0.0,38113.741882154,33.943765741043265,14.0,3.0,1.0,0.0,1.0
259649.3702022704,1.0,143250.2314593639,32.019797654797415,16.0,3.0,0.0,1.0,1.0
211302.0014863796,1.0,147530.8894686539,61.09638817393488,14.0,2.0,1.0,0.0,1.0
210053.1437323467,1.0,125369.55586408671,31.365539902525718,18.0,2.0,1.0,0.0,1.0
172910.10132144712,1.0,56636.38515667305,63.79942974674615,15.0,2.0,1.0,1.0,1.0
187966.516990588,1.0,133882.78602295642,43.658484236789455,13.0,4.0,0.0,0.0,1.0
13340.63719698532,1.0,39982.7246991436,46.17528392307994,14.0,5.0,1.0,0.0,1.0
53046.006551322,1.0,35578.48823213475,54.81107824548261,15.0,4.0,1.0,1.0,0.0
194766.91556076406,1.0,69817.25692639334,33.879963026382484,15.0,3.0,0.0,1.0,1.0
86651.59735518793,0.0,14258.390897942127,44.24754832953797,14.0,2.0,1.0,0.0,1.0
123844.25236034558,0.0,63497.67116779429,33.3154991867933,16.0,3.0,1.0,0.0,1.0
147049.7325175358,1.0,66282.1112382956,47.024321871772955,12.0,4.0,1.0,0.0,1.0
357729.4191340053,1.0,287221.61331917194,35.36127541774469,15.0,1.0,1.0,1.0,1.0
139681.41367502688,1.0,65025.739795575435,36.51215052535609,14.0,5.0,0.0,0.0,1.0
-30011.792121238046,0.0,27236.63608109414,33.910194751904285,10.0,4.0,0.0,1.0,0.0
129807.59725526666,1.0,106583.02571513124,39.96228448360041,14.0,1.0,0.0,0.0,1.0
157620.38411030348,1.0,75436.62609198582,51.15757976016556,14.0,3.0,1.0,0.0,1.0
199126.56340940073,0.0,71445.2761476125,42.82644543724601,14.0,1.0,1.0,0.0,1.0
120075.92486181765,1.0,49329.37581172715,48.95636912755526,12.0,3.0,1.0,0.0,1.0
8708.24712577658,0.0,30717.843911500422,37.72291481739857,13.0,2.0,1.0,1.0,1.0
207786.9043846321,1.0,114157.78623067364,61.604382227558546,15.0,1.0,0.0,1.0,0.0
126396.12725913998,1.0,74852.95267843465,45.81165697136905,14.0,3.0,1.0,0.0,1.0
96876.35621072003,1.0,24312.533806236206,62.72653403360669,12.0,5.0,1.0,0.0,0.0
38790.6230521861,0.0,49144.03894606114,48.57958853384038,11.0,1.0,1.0,1.0,1.0
5521.417789880936,1.0,40692.92781427786,40.02712922769602,14.0,2.0,0.0,0.0,1.0
62886.738380488896,1.0,74363.50423304284,40.18246008193026,17.0,3.0,0.0,0.0,1.0
250161.1562735017,1.0,178787.53284414345,40.90556127549621,14.0,5.0,0.0,0.0,1.0
145824.40917201788,1.0,55226.82008671922,63.909843562429174,14.0,3.0,0.0,1.0,0.0
167464.46995329988,1.0,91065.6769248894,55.13335254173186,14.0,2.0,0.0,0.0,1.0
224860.82120323682,1.0,93817.13398783501,56.242629956034875,16.0,1.0,1.0,0.0,0.0
146113.0623780814,0.0,52661.98576520664,45.63453708025859,18.0,1.0,0.0,0.0,0.0
184196.983332749,0.0,83557.9193480006,57.5797489605083,13.0,2.0,0.0,0.0,0.0
269426.4914243361,1.0,170051.71792182556,49.29909581897813,15.0,3.0,0.0,0.0,0.0
164108.75452112145,1.0,30900.621185452354,51.11585327909737,14.0,3.0,1.0,1.0,1.0
97752.66595183848,1.0,71339.87621234903,50.100612120539665,14.0,4.0,1.0,1.0,1.0
155836.91311401708,1.0,105003.61951107736,54.848054759530974,11.0,5.0,1.0,1.0,0.0
174879.61638877017,1.0,50560.14949637792,42.084843098238935,17.0,2.0,1.0,1.0,1.0
79924.87136711724,1.0,45638.12780902016,50.19822975274869,14.0,2.0,0.0,0.0,1.0
30009.33388466691,1.0,39499.74494493424,37.92803515961744,14.0,3.0,0.0,0.0,0.0
125933.41924995556,0.0,35234.780109692045,47.6939435576286,12.0,3.0,1.0,0.0,0.0
244278.2728850639,1.0,149716.1881499606,48.26332816660533,14.0,3.0,0.0,0.0,1.0
195717.67524721357,1.0,93328.52437007685,49.546701017557076,13.0,3.0,1.0,0.0,0.0
68300.76809831533,1.0,101487.77865441435,37.58371233718654,11.0,1.0,1.0,1.0,1.0
75444.33156382362,0.0,29949.859526445285,44.42183950876742,16.0,3.0,1.0,0.0,1.0
176864.07972673592,1.0,54711.64672103833,63.06624078108544,12.0,2.0,0.0,0.0,0.0
134746.742827014,1.0,31861.75086041297,40.16527416338963,16.0,1.0,1.0,1.0,0.0
110068.19438337015,0.0,44654.73977630163,52.08823764609281,11.0,1.0,1.0,1.0,1.0
58024.301380682155,0.0,47637.72305980505,49.77290306205795,10.0,4.0,1.0,0.0,1.0
209087.2789698723,1.0,91153.01526844426,45.50425082186709,13.0,1.0,1.0,1.0,1.0
80524.94121750492,0.0,38289.414742183675,49.093361521575076,14.0,4.0,0.0,0.0,0.0
98866.26640277028,0.0,93163.38396635656,52.22875792054913,10.0,6.0,0.0,0.0,1.0
137236.34234519023,1.0,55214.8809593889,55.305557657557515,14.0,1.0,1.0,1.0,0.0
163775.61594111213,1.0,91091.28681624056,41.7402309781324,14.0,2.0,1.0,0.0,1.0
75809.13719948485,1.0,49447.52464832033,41.47116890516155,12.0,2.0,1.0,1.0,0.0
140866.47975003903,1.0,108927.72226228559,26.414899195814694,14.0,3.0,1.0,0.0,0.0
216914.41364339413,1.0,103673.16252527591,53.059828695821565,12.0,1.0,0.0,0.0,0.0
-2104.763021109182,0.0,38147.973504139256,36.56674333903579,15.0,2.0,0.0,0.0,1.0
117491.67269010411,1.0,43396.097327787866,57.59281475316132,14.0,4.0,0.0,0.0,1.0
141453.64126508124,1.0,51809.19642811415,59.704687657699466,14.0,2.0,1.0,0.0,1.0
188133.13289968623,1.0,115791.11299649508,53.6147565662483,14.0,3.0,0.0,1.0,0.0
97821.10347120315,1.0,89924.69440099971,55.05831759739002,13.0,3.0,1.0,0.0,0.0
206268.39518182966,0.0,99333.40701053207,47.76387538811199,13.0,3.0,1.0,0.0,0.0
160320.21352423352,1.0,100159.3003449809,43.24582805918267,13.0,4.0,0.0,0.0,0.0
188182.65904780524,1.0,103143.46825265393,49.52007569378138,16.0,3.0,1.0,0.0,1.0
55872.24487316854,0.0,27898.87907152616,49.744191004736635,14.0,2.0,0.0,1.0,0.0
7595.120181185535,1.0,33970.43263769128,31.990272239142232,13.0,2.0,0.0,0.0,1.0
-12242.373143512534,1.0,18285.87605626691,59.43485082653743,14.0,6.0,1.0,0.0,0.0
128191.66828841613,1.0,75246.05269548365,43.54403440913718,15.0,3.0,1.0,0.0,1.0
25667.67703838788,0.0,25662.26201905769,48.05726103818709,11.0,5.0,1.0,0.0,1.0
53283.842274279945,1.0,78530.17511062571,26.69312771926217,14.0,3.0,0.0,0.0,1.0
71402.8976312899,0.0,18632.993912952978,44.87995505433234,15.0,3.0,1.0,0.0,1.0
63378.37983408512,0.0,23048.821303841993,31.810911716087023,15.0,3.0,1.0,0.0,1.0
10214.265610770803,1.0,34817.34646337866,44.48629377170028,13.0,3.0,0.0,0.0,1.0
83370.09063294559,1.0,22268.738430155998,28.81386557539824,20.0,3.0,1.0,0.0,1.0
119069.28365701015,1.0,119992.09604497558,38.92925201302599,11.0,2.0,1.0,0.0,0.0
53430.04252424659,0.0,52336.56396757738,30.33608930064623,12.0,1.0,1.0,1.0,0.0
55490.57968841214,0.0,50321.082435073346,43.593838683912374,14.0,4.0,1.0,1.0,1.0
99393.68448209562,0.0,36576.48916728373,49.11376273240046,12.0,3.0,0.0,0.0,1.0
199118.10177129763,1.0,112834.78862102826,48.08226235883215,10.0,2.0,1.0,0.0,1.0
194916.4923200108,1.0,42325.64894760055,39.64291066494761,11.0,1.0,1.0,1.0,1.0
191931.43864739418,1.0,105507.66030329403,32.12190727017715,12.0,3.0,1.0,0.0,0.0
-8305.930922308129,0.0,27852.74025482757,61.30480260167028,15.0,2.0,1.0,0.0,0.0
170482.8726264992,1.0,54994.86061754306,33.83186295389143,20.0,3.0,1.0,0.0,0.0
13516.683421386195,0.0,49862.37431135639,33.83772583684743,11.0,2.0,1.0,0.0,0.0
73748.70844055778,1.0,85740.28132340328,54.31239985081161,15.0,4.0,0.0,0.0,0.0
207050.69243664842,0.0,107212.06509804483,48.24204073839469,10.0,3.0,0.0,0.0,1.0
49375.473381014206,1.0,36355.36065884741,29.93065668910786,20.0,4.0,1.0,1.0,0.0
114725.84908396665,1.0,48113.108080943835,63.34984737834017,15.0,2.0,1.0,1.0,1.0
122376.10047879905,1.0,75868.73423971175,37.88519883927361,10.0,2.0,1.0,1.0,1.0
227696.368827681,1.0,102643.44971364793,62.74287431232363,12.0,3.0,1.0,0.0,1.0
149416.3903578621,1.0,88295.80454139058,46.44612776455511,16.0,6.0,1.0,0.0,1.0
-28325.71529315158,0.0,18236.415570840305,49.88153351993677,15.0,4.0,0.0,1.0,1.0
77325.16592590927,1.0,66673.49352575917,32.577519728678105,14.0,4.0,0.0,1.0,0.0
92880.90137614195,0.0,58293.393440744665,47.79238207185766,10.0,3.0,1.0,0.0,1.0
311888.04579209915,1.0,176074.94249859985,25.7006035899631,17.0,2.0,1.0,0.0,1.0
138377.9914521788,1.0,76402.74487814396,56.86579968036148,14.0,1.0,1.0,0.0,0.0
128508.55083817693,1.0,98727.10005262909,60.52559582506388,15.0,1.0,1.0,1.0,0.0
62095.73254067029,1.0,53000.30778778708,33.88662055806613,15.0,3.0,1.0,1.0,1.0
-57305.91089510264,1.0,42230.56776042167,37.924431863883186,14.0,4.0,1.0,0.0,1.0
216713.1883991058,1.0,72147.01298388647,39.46710459486787,19.0,2.0,0.0,1.0,0.0
176631.43780588597,1.0,128242.9592875306,36.554919933586135,15.0,2.0,1.0,0.0,1.0
356669.21415903704,1.0,224568.03291137065,60.04668421733251,15.0,2.0,0.0,1.0,0.0
158680.79000142065,1.0,75481.62757502536,61.26055988507331,19.0,3.0,1.0,0.0,1.0
125896.11304018105,0.0,37045.56310157412,57.326086683364515,16.0,3.0,1.0,0.0,0.0
68764.07218328601,0.0,26156.053250667115,45.68934411124596,17.0,1.0,0.0,0.0,0.0
268690.52006890014,1.0,153619.31004037018,47.18790504184486,13.0,3.0,0.0,0.0,1.0
-11648.963416873401,0.0,24287.817262558267,30.99820579619648,10.0,4.0,1.0,0.0,1.0
71931.7251553671,1.0,48039.97457850085,50.66429717813036,16.0,3.0,1.0,1.0,1.0
151798.5756425678,1.0,41606.75223802008,58.31358904343,13.0,3.0,1.0,1.0,0.0
35575.836710581396,1.0,37353.77947916395,53.35877007091172,14.0,2.0,1.0,0.0,1.0
146409.45954733156,1.0,65159.8581522549,61.28999480545683,11.0,4.0,1.0,0.0,1.0
189733.6681897625,1.0,108146.2531668294,60.442114208702364,15.0,2.0,1.0,0.0,1.0
89544.08268284317,1.0,65105.48612659508,57.682170129562664,16.0,4.0,0.0,1.0,0.0
59915.66891054253,0.0,31358.393162249584,55.55945882156888,15.0,1.0,0.0,0.0,1.0
56364.861452181285,1.0,25506.180320742606,54.29011484432471,12.0,4.0,0.0,0.0,1.0
159862.43967695668,1.0,115699.43960661125,59.610460914908266,17.0,4.0,0.0,0.0,0.0
149601.6975265371,0.0,36536.68326250103,30.541563640117378,16.0,1.0,1.0,1.0,1.0
87185.79375897917,0.0,45006.82664808017,25.269114045754637,12.0,3.0,1.0,0.0,1.0
130830.84611204649,1.0,77108.75128155325,56.92105103260279,10.0,3.0,0.0,0.0,0.0
58843.99785846996,0.0,63075.55048205038,41.963101696443125,13.0,5.0,1.0,0.0,1.0
283926.77199659473,1.0,117755.27891734726,61.077639747152254,17.0,4.0,1.0,1.0,1.0
180715.7799518715,1.0,75972.90831025076,56.559277304255204,17.0,2.0,1.0,0.0,0.0
172435.16023788616,1.0,114808.49157610838,51.784642110083105,13.0,2.0,1.0,0.0,1.0
41429.22554021536,1.0,40724.56468901266,59.963982686131786,14.0,2.0,1.0,0.0,1.0
26736.574107681932,1.0,45449.58360674641,30.55292631481372,15.0,5.0,1.0,0.0,0.0
78705.29339560862,1.0,55413.89276690173,63.71614829364328,14.0,3.0,1.0,0.0,0.0
15580.36027296921,0.0,33066.43981615659,43.04245123959045,12.0,1.0,0.0,1.0,0.0
38141.62231654019,0.0,27190.001738087416,56.49464610187248,14.0,4.0,1.0,0.0,1.0
81739.92773938573,1.0,37494.379625710906,62.02775845740415,16.0,4.0,0.0,0.0,0.0
-8583.482057772504,0.0,51147.62430430857,30.252416592294168,15.0,3.0,0.0,0.0,1.0
30418.70801403375,1.0,46390.2404785991,29.989091661919332,11.0,2.0,1.0,1.0,1.0
98306.59498747234,1.0,84935.47828653063,57.75548556247929,13.0,6.0,1.0,0.0,1.0
60552.54056050762,1.0,72096.4541627481,57.25537702204878,14.0,3.0,1.0,0.0,0.0
156768.2005918435,1.0,105600.60947418735,63.1006260220189,13.0,3.0,1.0,1.0,0.0
10897.304779541082,0.0,33965.02189911885,25.33804499558825,13.0,2.0,0.0,0.0,0.0
124083.5274391364,1.0,48264.48888735554,57.24614862792483,16.0,2.0,1.0,1.0,1.0
-18263.88644648402,0.0,14264.801117430254,58.556127599399886,12.0,2.0,0.0,0.0,1.0
35047.23944525123,0.0,32954.583924891456,31.80939541346565,13.0,4.0,1.0,0.0,1.0
42537.39468591242,1.0,54571.956143165,61.31929803329889,14.0,6.0,1.0,0.0,0.0
67326.44071726069,1.0,61580.811129234586,61.84489797945771,13.0,2.0,0.0,0.0,1.0
9209.59265375383,1.0,13830.078373822174,54.011503780319785,13.0,4.0,1.0,1.0,0.0
156336.53308250714,1.0,81746.55800509968,41.42568320087827,17.0,1.0,1.0,0.0,1.0
101188.34211559777,0.0,78126.05981840203,47.47831924060206,11.0,1.0,1.0,0.0,0.0
174771.2753963533,1.0,70202.9070521006,54.35914389376866,16.0,2.0,1.0,0.0,1.0
-16650.557587074043,1.0,41402.03908791765,51.75651046651396,15.0,3.0,0.0,0.0,0.0
124928.73267420227,1.0,102689.2627317693,36.01357670242713,16.0,2.0,1.0,0.0,1.0
139209.77999562712,1.0,76496.6923236357,33.1361847550588,13.0,3.0,0.0,0.0,1.0
249589.7856879538,1.0,124325.89650943699,53.48354051555066,14.0,2.0,1.0,0.0,0.0
111694.92943387915,1.0,94662.61063798581,45.834445448960736,14.0,3.0,0.0,1.0,1.0
103910.07344807827,1.0,85874.10855722471,34.25366324462597,14.0,3.0,1.0,1.0,0.0
173824.23582455044,1.0,73041.70488781485,44.77106144751454,13.0,3.0,1.0,1.0,0.0
171811.48666673896,1.0,91365.00857869996,47.45479283441289,12.0,2.0,0.0,0.0,1.0
277864.5837027008,1.0,178134.44814731253,50.153879214442284,12.0,3.0,0.0,0.0,1.0
32723.918622603225,1.0,29938.013062628994,39.11587270948446,15.0,2.0,0.0,0.0,1.0
138636.12237569058,0.0,50485.5091185302,54.11756251366924,11.0,3.0,1.0,0.0,1.0
76886.79767661943,1.0,107520.26146423742,56.52813961615952,14.0,2.0,1.0,0.0,1.0
160783.11783298562,1.0,71782.24974744479,28.83055431726591,17.0,4.0,1.0,1.0,1.0
90664.33794151424,1.0,11364.800646593163,45.64044057213773,17.0,2.0,1.0,0.0,0.0
94533.94119394783,1.0,33139.57945242701,45.84751199550044,16.0,1.0,1.0,1.0,1.0
80150.35783786823,0.0,66089.02445996866,42.73207516622367,14.0,3.0,0.0,1.0,0.0
66349.97531051388,1.0,93891.5719469862,36.84450378483666,15.0,3.0,1.0,0.0,1.0
224696.8676838549,1.0,147277.4501828445,41.600375934958706,13.0,6.0,0.0,1.0,1.0
75041.17933765723,0.0,55174.526950396255,55.34265225402004,10.0,4.0,0.0,0.0,1.0
206895.16875761843,1.0,90022.67247705623,36.88523804422614,17.0,1.0,0.0,0.0,1.0
36997.93033373305,1.0,30136.426379901448,35.04278631139966,14.0,2.0,0.0,0.0,1.0
149874.81867487179,1.0,77029.99374591268,50.48800035059189,16.0,3.0,1.0,0.0,0.0
218603.15703127452,1.0,130791.71275993642,59.747086590655265,12.0,1.0,1.0,0.0,0.0
43894.22165691359,1.0,32445.556359491482,38.082248162148765,15.0,2.0,1.0,0.0,1.0
169189.52663316025,1.0,56919.50778482568,49.9176284748911,11.0,2.0,1.0,0.0,1.0
140058.7392716593,1.0,60747.26409550984,60.891247713666644,17.0,4.0,0.0,0.0,1.0
87589.76925683145,1.0,32485.15645718696,35.23363254864977,17.0,6.0,1.0,1.0,1.0
-12056.102290345632,0.0,32095.466267932807,57.23410188078875,11.0,2.0,1.0,0.0,0.0
130759.489741466,1.0,84232.95786118135,38.52527000625426,17.0,2.0,0.0,0.0,0.0
133149.08892785158,1.0,142395.12800699455,37.59918295153995,15.0,4.0,0.0,1.0,1.0
165556.34364405915,1.0,137814.6984604102,33.38294526980972,12.0,5.0,1.0,1.0,1.0
238023.33824586458,1.0,76106.45816908768,57.951064460372315,12.0,2.0,0.0,0.0,1.0
31455.64817508642,0.0,25945.223477576692,26.140789126550313,17.0,2.0,1.0,0.0,0.0
140933.46685023903,0.0,44330.67313415939,38.08155209703081,17.0,1.0,1.0,1.0,1.0
-16198.349271709034,0.0,23929.810228022834,36.810857005789686,13.0,1.0,1.0,0.0,1.0
113039.56395707694,1.0,35972.379443876715,47.2138825175154,12.0,4.0,1.0,1.0,0.0
94965.06233174342,1.0,43114.369190508034,26.813939949706775,15.0,3.0,1.0,0.0,0.0
190003.36956942486,1.0,140814.14212855115,34.837686283112575,15.0,1.0,1.0,0.0,0.0
53385.35840380825,1.0,29215.025773859466,63.4804522736792,17.0,5.0,0.0,0.0,1.0
139655.35895040637,1.0,49251.40033850998,35.51104208697818,12.0,4.0,0.0,1.0,1.0
156481.27182494864,1.0,83950.96656130922,33.53376223979535,13.0,3.0,1.0,0.0,0.0
121909.2691338782,1.0,91809.60193670816,49.717174985668265,13.0,5.0,1.0,1.0,1.0
62930.910712412595,1.0,32746.260042379654,44.71736658965107,16.0,3.0,1.0,1.0,1.0
64968.75559165269,1.0,39629.24750756148,57.31741390912765,14.0,2.0,0.0,1.0,0.0
146711.17038591843,1.0,45508.849109429124,53.55911463275007,14.0,2.0,1.0,0.0,1.0
150397.114456878,1.0,92084.65027113758,36.72108470564397,13.0,2.0,0.0,1.0,0.0
186069.56638805036,1.0,100228.1234459022,29.321581152262524,15.0,2.0,1.0,0.0,1.0
170539.91905620063,1.0,67499.14161415889,57.10539259022515,17.0,2.0,1.0,0.0,1.0
77798.04266336415,1.0,24300.746881784682,59.49723059247107,13.0,1.0,1.0,1.0,0.0
229277.77057948514,1.0,129527.4864498781,31.716995773971547,18.0,1.0,0.0,0.0,0.0
114116.69104387164,1.0,100299.2998139756,58.14031844362954,13.0,2.0,0.0,0.0,0.0
133512.5793463475,1.0,79629.07559207281,31.550666897223014,12.0,3.0,1.0,1.0,1.0
137853.88442883198,1.0,45916.17476002981,38.11965937300903,11.0,1.0,1.0,1.0,1.0
24405.117644967628,0.0,37589.97540086739,40.51545424942681,11.0,3.0,1.0,0.0,0.0
137343.66769615273,1.0,130147.00751888404,41.277097522930106,14.0,3.0,1.0,0.0,1.0
188115.5101011729,1.0,117184.53077964614,39.53533741651128,19.0,3.0,1.0,0.0,1.0
172970.8448184003,1.0,83867.56080890691,54.71221078255438,16.0,1.0,1.0,1.0,1.0
143156.1067145671,1.0,57372.45245354749,56.50662674084303,16.0,1.0,1.0,1.0,1.0
61277.77564989329,1.0,29158.889266007987,35.6351023035353,13.0,2.0,1.0,1.0,0.0
107028.68806653778,1.0,66319.40275432583,63.31347112679541,15.0,4.0,1.0,1.0,1.0
87875.23769812725,0.0,53798.61524387811,55.3917218933438,11.0,1.0,0.0,0.0,1.0
143599.97112748478,1.0,85764.26455891207,45.714841432484235,18.0,1.0,1.0,0.0,1.0
80467.9307125616,0.0,51635.26547142511,33.51971076534706,17.0,4.0,1.0,0.0,1.0
106601.09544368027,1.0,84365.35650415841,28.942143493689997,10.0,4.0,1.0,0.0,1.0
155377.35926272123,1.0,42045.561773155314,37.1699162901989,14.0,3.0,0.0,1.0,0.0
79771.14850353036,0.0,33574.60342341719,31.53946259578593,16.0,2.0,1.0,0.0,0.0
-6190.829192311663,1.0,34149.356941397404,40.282909130112614,11.0,2.0,1.0,0.0,0.0
72963.34250778094,1.0,56486.086003436714,52.88651211105819,10.0,3.0,1.0,1.0,0.0
103669.14216069109,1.0,65655.26186372593,28.038693497894055,13.0,1.0,1.0,0.0,0.0
93981.9250088173,1.0,66091.05172910143,57.51108561425503,16.0,2.0,1.0,0.0,1.0
68458.34666364342,0.0,33093.3235514503,41.45191968593453,15.0,3.0,0.0,0.0,0.0
84960.69122352103,1.0,55397.59549947547,29.499478548879228,17.0,1.0,0.0,1.0,1.0
90516.89475748406,0.0,24810.108107424134,35.28415980769813,16.0,4.0,1.0,1.0,1.0
144025.14315329312,0.0,34068.499730802534,48.321928078267675,14.0,1.0,1.0,0.0,0.0
220103.64884999467,1.0,119533.54401198498,51.91717278192601,14.0,2.0,1.0,0.0,0.0
222201.8999234754,1.0,146568.4078517752,29.567540318822736,14.0,5.0,0.0,0.0,1.0
73171.35960092868,0.0,36559.79905006068,60.5622519282488,15.0,1.0,0.0,0.0,1.0
139775.58503304384,1.0,105914.12628539777,32.21878974214023,12.0,3.0,1.0,1.0,0.0
82665.7117459429,1.0,51036.3778114359,49.878933007776524,12.0,1.0,1.0,0.0,0.0
83364.18928138443,1.0,35779.459517100084,62.79407383402609,17.0,1.0,1.0,0.0,1.0
72330.54656238065,1.0,28581.91010199542,50.148214632321896,14.0,2.0,1.0,1.0,1.0
11194.363856527681,0.0,27653.659963274687,44.937291110447404,11.0,3.0,0.0,0.0,0.0
241141.86800723028,1.0,207258.7834640138,47.81751059629241,15.0,3.0,0.0,0.0,0.0
46022.954797177525,1.0,18796.795713558113,47.471554078742145,16.0,2.0,1.0,0.0,1.0
232979.26244853536,1.0,98919.95334495322,60.827539952103656,15.0,1.0,1.0,0.0,0.0
-1013.176467985053,0.0,28124.0892430572,43.55502416210763,16.0,2.0,1.0,0.0,0.0
7923.635944477712,0.0,35695.08456419806,60.23766424563103,12.0,1.0,0.0,0.0,0.0
61598.439054893664,1.0,82137.35508632215,26.156089845827328,14.0,1.0,0.0,1.0,0.0
83369.30948147798,1.0,84383.22537373376,43.412133822704924,15.0,4.0,0.0,0.0,1.0
95456.16871552236,1.0,87585.83095136039,37.15052105311161,15.0,3.0,1.0,1.0,0.0
198624.7285221808,1.0,90736.93611445464,50.98139377080008,15.0,3.0,1.0,0.0,1.0
176973.5747814603,1.0,126851.82695180146,39.777943339145054,12.0,2.0,0.0,1.0,0.0
13839.102991356238,1.0,58305.46544925518,60.42212561932073,13.0,1.0,1.0,0.0,0.0
256533.42981812466,1.0,203511.8993857695,42.12101582552138,10.0,5.0,1.0,0.0,0.0
176185.4061271004,1.0,72511.78834612556,38.77503674942448,14.0,1.0,1.0,1.0,1.0
141768.61817872385,0.0,41884.51146957714,63.36683959368661,17.0,3.0,1.0,1.0,0.0
34294.208167609715,0.0,23100.722342067882,48.039473155097426,15.0,2.0,1.0,0.0,1.0
125886.67878935978,1.0,38285.45675965724,33.53136510980888,18.0,1.0,1.0,1.0,0.0
105473.74505103179,1.0,50629.620831071654,56.2740598877337,12.0,4.0,0.0,1.0,1.0
96030.86313307338,1.0,52205.77396679626,30.49112920064727,14.0,2.0,1.0,0.0,1.0
19074.788381942446,1.0,63470.823218163096,46.27521646519999,10.0,2.0,1.0,0.0,1.0
187485.06977885193,1.0,164345.51667496975,27.95096882794975,14.0,5.0,1.0,1.0,0.0
65995.68894440235,1.0,63847.90641604859,33.54294826409801,12.0,4.0,0.0,0.0,1.0
119289.83506750735,1.0,65521.16964454066,46.79806611883129,12.0,4.0,1.0,0.0,1.0
105980.3250672628,0.0,46636.712259640575,42.92401651174903,11.0,2.0,1.0,0.0,1.0
47250.655057553115,1.0,50938.09801089152,58.26802950435064,15.0,2.0,1.0,0.0,1.0
137290.99490369472,1.0,56143.49861101485,40.57279781611603,14.0,1.0,1.0,0.0,0.0
56067.62459237094,1.0,19459.337288007253,47.18354582714477,16.0,1.0,1.0,0.0,1.0
112149.41416572698,0.0,41078.598852153744,33.99836315102673,11.0,2.0,1.0,0.0,1.0
-55147.29395334538,0.0,47181.86907093991,28.74928050012152,14.0,1.0,0.0,0.0,0.0
174214.39703734525,1.0,72950.63241093201,40.02756877556824,16.0,1.0,0.0,1.0,1.0
94131.34762776001,1.0,75277.0135940502,50.35422728743994,14.0,2.0,1.0,0.0,0.0
65966.75728719817,1.0,75966.29403432627,53.31276250045856,15.0,3.0,0.0,0.0,1.0
266259.58674782846,1.0,157315.39979138097,34.01776580110159,15.0,1.0,1.0,1.0,1.0
118749.2391282779,1.0,84191.4461612154,37.05810029639674,13.0,2.0,1.0,1.0,1.0
90211.3475654248,1.0,48675.36614268439,43.28753350264748,15.0,1.0,1.0,1.0,0.0
292871.4034210732,1.0,99145.32832686424,29.887207533493118,14.0,1.0,1.0,1.0,1.0
310976.8416433669,1.0,105862.39914786052,50.584756486959265,15.0,1.0,1.0,1.0,1.0
61418.50630696079,1.0,40240.22881635412,30.592324823607385,15.0,3.0,1.0,1.0,1.0
47440.20624336631,1.0,27355.490406962293,31.963780730468667,13.0,2.0,1.0,1.0,0.0
265808.5039529287,1.0,154031.81165225038,49.855735030947734,17.0,2.0,1.0,0.0,0.0
187634.20222093526,1.0,84658.8160690019,47.73597857472912,19.0,1.0,1.0,0.0,1.0
57479.51127599471,1.0,55635.08812724763,36.03400040013492,13.0,2.0,1.0,1.0,1.0
125020.03022078563,1.0,85026.34020538387,26.563550446531014,14.0,2.0,1.0,1.0,1.0
177481.82353961142,1.0,79320.9778775381,28.140220377778547,16.0,2.0,1.0,0.0,0.0
143091.1177685652,1.0,88636.54107684175,30.349848534684245,14.0,2.0,1.0,0.0,1.0
101364.22820633856,1.0,70422.05921309203,63.04914787884987,18.0,3.0,1.0,1.0,1.0
143974.06131356544,1.0,63653.8615775123,34.37780856471636,12.0,4.0,0.0,1.0,0.0
62733.3483068733,1.0,42946.6062824575,61.61095046130855,18.0,2.0,1.0,1.0,1.0
78520.80674664633,1.0,47105.275848870806,55.706302855033876,15.0,4.0,1.0,0.0,0.0
242951.85242580366,1.0,146449.85636195494,55.4908239598309,13.0,5.0,1.0,1.0,1.0
124171.63558752392,1.0,109513.95193105981,50.3165698593521,10.0,5.0,1.0,0.0,1.0
80748.22869555028,1.0,106759.26905134237,51.79097618706071,15.0,1.0,0.0,1.0,0.0
78164.82213496091,1.0,47081.357062287134,31.959574212786865,17.0,4.0,0.0,1.0,1.0
288834.0988927118,1.0,150685.37590192485,53.79820551215232,17.0,5.0,1.0,0.0,1.0
232686.75089666812,1.0,96772.62925890542,29.47187939419865,17.0,1.0,0.0,0.0,1.0
72406.00908155182,1.0,57484.746764189484,61.187208008810714,14.0,2.0,1.0,1.0,1.0
97570.13965344899,1.0,88826.24502673789,51.31320919101812,12.0,1.0,1.0,0.0,1.0
117477.48706424973,1.0,117347.5197938863,42.68909496386043,12.0,6.0,0.0,0.0,1.0
216642.61010642885,1.0,98887.26580005225,51.03212542777961,15.0,4.0,1.0,0.0,1.0
95417.90364564846,1.0,93420.1583818606,28.07297436859374,15.0,2.0,0.0,1.0,1.0
122787.43856458095,1.0,52152.88141979639,51.90249519854069,15.0,1.0,0.0,1.0,1.0
131091.68283563317,1.0,26014.741413161242,62.80997877449206,14.0,3.0,1.0,0.0,1.0
190603.49008747336,1.0,129771.71415500459,27.519777474634722,12.0,2.0,1.0,0.0,0.0
122822.39825889462,1.0,39146.065877420224,32.68664225841306,17.0,5.0,1.0,1.0,0.0
102626.51251878787,1.0,34225.10137050501,31.792597590634216,13.0,1.0,1.0,1.0,1.0
96137.90770252135,1.0,48239.96688636169,38.93360332017958,13.0,3.0,1.0,0.0,1.0
38038.345966096174,1.0,14242.371320355012,34.39854293208373,13.0,2.0,0.0,1.0,0.0
28021.510551741143,0.0,41117.19649036777,59.7566433002375,14.0,5.0,0.0,0.0,1.0
376574.0140509332,1.0,210361.16032120746,47.076305423813196,15.0,1.0,1.0,0.0,1.0
150601.51677791172,1.0,75889.00371515685,46.20627632452522,14.0,1.0,0.0,0.0,0.0
225772.02394246578,1.0,140056.19440708263,48.12459218925772,15.0,1.0,1.0,0.0,1.0
88011.05187356294,1.0,33886.03510658794,55.38227165007636,16.0,3.0,0.0,1.0,0.0
103251.48914194497,1.0,25395.49816577017,61.59222787780112,14.0,1.0,1.0,0.0,1.0
362473.8812937212,1.0,229043.1923466975,63.88536499868247,14.0,1.0,1.0,0.0,0.0
158254.27104622382,1.0,106415.2200126138,27.826643683386727,20.0,1.0,1.0,1.0,1.0
67190.30030968222,1.0,41141.9438680712,35.19356071500428,13.0,3.0,0.0,0.0,0.0
90942.46121929561,1.0,55244.11147918919,26.832029261339674,16.0,1.0,0.0,0.0,0.0
202908.36849346236,1.0,119372.6250461153,51.68803743223502,11.0,5.0,0.0,0.0,0.0
164195.6094698183,1.0,97231.11010286336,31.351440109622164,16.0,5.0,0.0,1.0,0.0
235477.00937761256,1.0,115192.93420114087,50.81772848845824,14.0,1.0,1.0,0.0,0.0
28037.30511470793,0.0,31785.734445743685,28.23231032505314,14.0,3.0,1.0,0.0,1.0
254798.5970123471,1.0,166843.50247399736,38.92631204098653,18.0,4.0,0.0,0.0,0.0
79394.08071464361,1.0,60336.766116819344,39.77315172153601,15.0,4.0,1.0,0.0,0.0
130006.27173448974,1.0,51678.624946764314,41.313408439240206,14.0,1.0,0.0,1.0,1.0
5883.609298863972,0.0,47812.89841621731,60.35302376447149,12.0,5.0,0.0,0.0,1.0
158022.88714628632,1.0,59354.39291780726,42.80158954570099,13.0,1.0,1.0,0.0,1.0
131416.69866354263,1.0,126702.3913414126,49.02303159954019,11.0,3.0,1.0,0.0,0.0
75833.64105290214,1.0,55300.22211989457,48.43950507736746,11.0,2.0,1.0,0.0,1.0
37115.130100396025,1.0,30450.66036909416,29.958804384591133,12.0,2.0,1.0,0.0,0.0
89808.77227493245,1.0,93591.60610245074,43.79022736285329,15.0,3.0,0.0,1.0,1.0
183745.0495896318,1.0,81571.21303693675,60.2611267348996,16.0,1.0,1.0,1.0,0.0
59363.33638812296,1.0,27941.90282434264,43.319582882108655,13.0,4.0,1.0,1.0,0.0
181230.6053608753,1.0,33615.49375264457,63.77036893360183,15.0,3.0,0.0,1.0,0.0
127148.8314959053,1.0,76037.58542659483,58.265995536300416,14.0,1.0,0.0,1.0,1.0
170759.73142042014,0.0,55533.15420406404,52.6466105854436,17.0,1.0,1.0,0.0,1.0
72277.74542379672,1.0,26140.94492557473,47.32669150964341,16.0,2.0,1.0,1.0,1.0
210495.295793718,1.0,121481.66198980015,40.10816844896796,16.0,3.0,1.0,1.0,0.0
146597.14617902198,1.0,89537.14017765681,43.40520999433208,14.0,2.0,0.0,0.0,0.0
204397.98968522396,1.0,95953.87885345271,56.55285665614845,17.0,5.0,0.0,0.0,1.0
28120.03955227039,0.0,33826.48478489582,28.958684418204214,17.0,2.0,1.0,0.0,0.0
-8973.804707799136,1.0,31972.364987176745,63.989424641886124,12.0,2.0,1.0,0.0,0.0
148718.3156185731,1.0,101263.05649908885,42.59379072750441,11.0,6.0,1.0,0.0,0.0
227164.5445394472,1.0,102767.70064460255,26.669617268266578,20.0,3.0,0.0,0.0,1.0
186158.45950857463,1.0,72884.084992361,59.7332331169689,11.0,5.0,1.0,1.0,0.0
153208.87743882605,1.0,78064.41676589858,57.167407892188386,14.0,2.0,0.0,0.0,1.0
215808.39970774009,1.0,128821.46417862509,45.15000136385642,14.0,1.0,1.0,0.0,1.0
8357.324345753965,1.0,30932.505085595003,49.761377278999305,14.0,2.0,0.0,1.0,0.0
116298.83150500135,1.0,23595.386885413962,50.75738651031159,20.0,5.0,1.0,1.0,1.0
164985.2900899426,1.0,51642.39031288574,47.123344916133355,15.0,1.0,1.0,0.0,1.0
489188.26189449336,1.0,400000.0,41.43702559111665,12.0,2.0,1.0,0.0,0.0
63515.064462495415,0.0,60427.57855421226,39.04490883483412,15.0,2.0,0.0,0.0,0.0
102569.53551732152,1.0,59411.234562261205,55.47443702613684,15.0,5.0,1.0,0.0,0.0
147575.65318780532,1.0,73858.99693387798,37.807277366496976,13.0,2.0,0.0,1.0,0.0
172650.61344761922,1.0,103972.63892503314,44.39601336570991,15.0,2.0,1.0,0.0,1.0
45569.94560872429,0.0,46204.02048599389,25.69202448141475,16.0,3.0,0.0,1.0,1.0
20923.526384293535,1.0,22064.527336902982,58.346772122129906,14.0,5.0,0.0,0.0,1.0
73618.38077743305,1.0,77462.65881415113,28.781134343358122,15.0,1.0,0.0,0.0,1.0
175785.03287610982,1.0,144132.4371716669,42.185987611413736,17.0,2.0,1.0,1.0,1.0
117387.89631599883,1.0,69134.38900822493,25.7947702244515,16.0,2.0,1.0,1.0,1.0
58005.62548553671,1.0,35805.24790155023,48.94586745145422,14.0,4.0,1.0,0.0,0.0
99316.40731580544,0.0,77874.60843140194,45.68319455023425,14.0,2.0,0.0,0.0,0.0
103602.11964205347,1.0,46288.95700526803,55.959493872733674,14.0,3.0,1.0,0.0,1.0
152209.72402832215,0.0,56952.96731824299,28.267686376700894,10.0,4.0,1.0,0.0,1.0
49227.59174991071,0.0,27247.087568963947,36.27744215494024,17.0,4.0,1.0,0.0,1.0
116519.769142086,1.0,85798.17388333961,59.33271229834315,14.0,1.0,1.0,0.0,0.0
150961.92413667782,1.0,56256.02511512663,27.06072653479821,13.0,4.0,1.0,1.0,0.0
179971.96071191915,1.0,81491.24045484002,40.66471156852897,16.0,3.0,0.0,0.0,1.0
114970.59440905049,1.0,68276.54975956371,52.44337354050459,13.0,3.0,0.0,0.0,1.0
35424.630796485355,1.0,41236.06319984315,45.615879904954255,17.0,1.0,0.0,1.0,0.0
92164.02116237377,1.0,115048.80494199913,43.42861601431265,13.0,2.0,0.0,1.0,0.0
95539.36532268595,1.0,63252.22960987664,29.454735565757172,14.0,2.0,0.0,0.0,1.0
41234.58248282487,0.0,26430.656546115588,43.49970422180404,14.0,1.0,1.0,1.0,1.0
40004.180794965665,0.0,37134.58425497611,30.181065104988008,16.0,3.0,0.0,0.0,1.0
231129.38034517388,1.0,83413.12684582456,47.759456901031434,12.0,3.0,1.0,1.0,1.0
177800.92357721433,1.0,98740.5457924039,55.18218459148231,14.0,3.0,1.0,0.0,0.0
132795.47113899814,1.0,46493.453600083725,56.39443442707642,15.0,4.0,0.0,0.0,1.0
186998.15144526178,1.0,82428.19280993742,48.28103514368108,11.0,1.0,0.0,1.0,0.0
276790.777997897,1.0,149942.92169703468,42.23371998791895,15.0,1.0,1.0,1.0,1.0
95189.16174462697,1.0,44528.780747607816,51.96509477228801,11.0,4.0,0.0,1.0,1.0
94577.26137744858,1.0,98488.91098916791,44.73553901530073,10.0,1.0,1.0,0.0,0.0
111754.78785357012,0.0,80295.50441604765,37.62235900751143,18.0,4.0,1.0,0.0,1.0
54914.866368360366,1.0,39099.67605359748,49.863838517684144,14.0,1.0,0.0,1.0,0.0
29232.689580101294,1.0,51616.03568242196,25.414645333758322,10.0,2.0,0.0,0.0,0.0
140128.8653322941,0.0,89163.21692493075,25.995369029414714,17.0,3.0,1.0,0.0,0.0
82971.00430794293,1.0,55993.95584725878,29.250887916695206,12.0,1.0,1.0,1.0,1.0
161954.2333707266,1.0,67377.38965438388,48.42156105090506,10.0,5.0,1.0,0.0,1.0
113383.32355901577,1.0,40869.989373190474,55.67863293597287,15.0,2.0,1.0,1.0,1.0
81821.8716692293,1.0,79494.51141027545,38.85834446159667,13.0,2.0,1.0,0.0,1.0
94918.06750839695,1.0,116129.05609283331,39.25359159634223,13.0,2.0,0.0,1.0,0.0
271022.89780573593,1.0,135646.56799347617,60.04018117672762,16.0,2.0,0.0,1.0,0.0
29118.743348404227,1.0,67682.53955161865,50.141723355989626,13.0,2.0,1.0,1.0,0.0
309129.611584149,1.0,175445.03959611687,51.91821048309323,11.0,4.0,0.0,1.0,1.0
72780.56503931886,1.0,60044.48105815259,38.37286618092314,15.0,4.0,1.0,1.0,0.0
148929.60844251484,1.0,86446.444626662,54.7033516563821,16.0,1.0,1.0,0.0,0.0
227150.37851052618,1.0,129882.69533140746,57.55184758022988,15.0,2.0,0.0,1.0,0.0
76059.51192090407,1.0,65711.1067062356,62.49506764721557,16.0,5.0,0.0,0.0,1.0
61653.41137084593,1.0,56604.532418255636,52.82569067459974,12.0,1.0,1.0,1.0,1.0
111973.07959952328,1.0,83633.09796558655,49.957489826373624,12.0,3.0,1.0,0.0,1.0
52578.26625635431,0.0,27632.22690339709,33.85403356511784,13.0,3.0,0.0,0.0,0.0
160731.113547477,1.0,114796.0685605821,28.85888514229997,13.0,2.0,1.0,0.0,0.0
150174.1460854627,1.0,51492.013746346565,59.8897927519956,16.0,6.0,1.0,0.0,0.0
23718.05811070124,1.0,22922.52745186512,40.46520421754745,14.0,5.0,1.0,0.0,0.0
30254.280473545878,1.0,74088.67656622382,49.35921238951828,10.0,3.0,1.0,0.0,0.0
349528.74436290516,1.0,185395.62056916396,57.89941757664416,14.0,3.0,1.0,1.0,1.0
237964.77571277315,1.0,70878.73029719063,44.199932049256155,18.0,1.0,1.0,0.0,1.0
155179.70999880324,1.0,46470.07158816562,55.38859191692049,17.0,2.0,1.0,0.0,0.0
66663.76331715507,0.0,42579.89231309086,38.37650399984219,13.0,2.0,1.0,0.0,1.0
73946.06113538818,0.0,61779.33537041634,30.825854671792577,17.0,3.0,1.0,0.0,0.0
23555.413728029962,1.0,41222.236949025966,37.17494833293932,18.0,3.0,1.0,0.0,1.0
147055.50640167957,1.0,101355.59562119587,43.38153525162426,12.0,3.0,0.0,0.0,1.0
261752.2151548474,1.0,198078.21813192763,57.34168594667858,11.0,2.0,0.0,0.0,1.0
-9489.84940274652,0.0,33418.32024236328,38.430987922130555,19.0,6.0,1.0,1.0,0.0
119353.23483402863,1.0,61959.33540990599,37.09801272085674,14.0,2.0,1.0,0.0,1.0
104065.32555949099,1.0,78818.01369841819,32.039571188189846,13.0,2.0,0.0,0.0,1.0
48649.98668204568,1.0,28917.210605616758,57.59034501159159,10.0,3.0,0.0,1.0,0.0
129796.11599231118,1.0,70713.69804124528,55.66157042690304,15.0,3.0,0.0,0.0,1.0
190346.45026618926,0.0,107327.17958060397,32.57255167936215,16.0,3.0,1.0,0.0,1.0
82247.35290257516,0.0,60200.20559567909,35.40518601457069,10.0,2.0,0.0,1.0,0.0
154444.25314174843,1.0,90160.26721662979,55.9686326247913,10.0,1.0,0.0,0.0,0.0
78328.26584493421,1.0,59418.37003327821,59.30952278629539,13.0,2.0,1.0,1.0,1.0
120834.4194585842,1.0,37283.760670338306,49.65536959144947,17.0,2.0,1.0,0.0,0.0
5909.758732007118,0.0,43183.537845853214,62.61998619004369,12.0,1.0,0.0,0.0,1.0
190178.45473178636,1.0,115226.9815677752,35.00595563666839,16.0,3.0,1.0,0.0,0.0
218285.91426184244,1.0,181627.42705074415,49.82740509027998,14.0,4.0,1.0,0.0,0.0
131534.7561326355,1.0,60474.23688780781,56.797461425055985,15.0,2.0,1.0,0.0,1.0
48939.93227553501,0.0,41403.17354144677,37.887860866566044,17.0,1.0,1.0,0.0,1.0
50332.275246946985,0.0,80830.77536042544,45.005811099779095,11.0,3.0,0.0,0.0,0.0
166967.19881713754,1.0,83509.69424830182,59.42813719456898,11.0,1.0,0.0,0.0,0.0
47261.1015387369,0.0,28899.58501486348,26.764840987137585,14.0,2.0,1.0,0.0,0.0
265560.64573061914,1.0,97551.75652676924,45.479137816034324,15.0,2.0,1.0,0.0,0.0
169576.32799428568,1.0,81938.39174788962,55.677773554026146,15.0,3.0,1.0,0.0,1.0
52347.40045250776,1.0,46075.48631221886,46.61995230762236,12.0,2.0,0.0,0.0,1.0
110581.05395029162,1.0,27064.106837503274,50.42138647299179,17.0,3.0,1.0,0.0,1.0
90323.54395485856,1.0,58358.34860057525,32.53820124606458,15.0,4.0,1.0,0.0,0.0
110963.10835073687,1.0,55020.08919310252,57.516708697793,10.0,2.0,1.0,0.0,0.0
119436.32264364682,1.0,95496.92602879087,49.79320494021948,12.0,2.0,1.0,0.0,1.0
94182.79133838156,0.0,52316.64122768566,37.213492726237334,15.0,3.0,1.0,0.0,1.0
61449.91858116712,1.0,76905.51266075844,60.8434731159273,15.0,2.0,0.0,0.0,0.0
132597.95310274765,1.0,96879.75049073549,29.950470393261064,14.0,3.0,1.0,0.0,0.0
94506.92865321561,1.0,67758.72163174572,36.050438180462194,15.0,2.0,1.0,0.0,0.0
152756.66507515477,1.0,94745.69856472836,28.120858217170806,15.0,6.0,0.0,0.0,1.0
81995.20774910536,1.0,46908.40851734354,32.510728990978826,18.0,1.0,1.0,0.0,1.0
76050.65277182695,1.0,37795.411093880466,25.183607592960087,14.0,1.0,1.0,1.0,1.0
153463.20960217906,1.0,70134.98656285538,62.437215572667675,14.0,4.0,1.0,0.0,0.0
135877.70866729954,0.0,40049.146178935836,35.378663263594404,12.0,2.0,1.0,0.0,0.0
131791.5126699853,1.0,27370.279051820922,25.142408908788816,13.0,3.0,1.0,0.0,1.0
90588.39326246374,1.0,44527.306048294166,43.3509017522217,17.0,2.0,1.0,1.0,0.0
60716.054215777855,1.0,41627.161250915226,34.58536523013724,11.0,2.0,0.0,1.0,0.0
111240.37450939565,1.0,58457.37878971205,25.438056383453134,14.0,4.0,1.0,0.0,1.0
46425.173484168394,0.0,37064.99473805596,29.863080287628016,11.0,2.0,0.0,0.0,0.0
161075.10981315456,0.0,57487.23906093202,58.10033610411007,11.0,2.0,0.0,1.0,0.0
147000.96331949157,1.0,71771.6284880691,42.570216579193016,16.0,2.0,0.0,0.0,1.0
159094.09651001455,1.0,72629.01801208738,26.30031142257399,12.0,2.0,1.0,0.0,1.0
70508.0156483292,1.0,61432.30942564423,52.39200655172114,12.0,3.0,0.0,0.0,0.0
182828.8924996393,1.0,95980.58585335806,58.990496201334274,16.0,2.0,1.0,0.0,0.0
113307.85062669191,1.0,54591.00093330999,50.74623101216929,13.0,2.0,1.0,0.0,0.0
271692.4637449392,1.0,91525.55899150904,52.55173181629971,14.0,2.0,0.0,0.0,1.0
165705.4343535067,1.0,72670.14096252991,33.31072045205855,13.0,3.0,1.0,0.0,1.0
108655.06159084878,0.0,69149.41029325608,60.391391926554746,10.0,1.0,1.0,0.0,0.0
151545.3474487074,1.0,49764.102514442675,52.19951654136422,15.0,2.0,1.0,0.0,0.0
48770.61012785929,1.0,50908.8535484045,62.46340735912348,12.0,2.0,0.0,1.0,0.0
75991.96694403197,1.0,24810.769281044646,61.17823882042262,16.0,3.0,1.0,1.0,1.0
47578.32563804088,1.0,48595.041166367155,56.570778448500825,15.0,1.0,0.0,0.0,1.0
168798.03404684912,1.0,66450.90725268095,33.41499459209127,19.0,3.0,1.0,1.0,0.0
-17779.129606978495,0.0,25813.92497350794,31.356340463642464,11.0,2.0,1.0,0.0,0.0
-115167.89032370411,1.0,29914.211307064383,26.891617712283363,16.0,4.0,1.0,0.0,1.0
141969.86611682794,1.0,81695.33974065195,30.619363843343375,17.0,4.0,1.0,0.0,0.0
45142.30975579287,1.0,40152.716770949584,44.841842584262366,18.0,2.0,1.0,1.0,0.0
71840.88991616404,0.0,44894.547148165475,38.29945589813131,17.0,4.0,1.0,1.0,0.0
163858.964983777,1.0,91444.32028958706,41.61503150970374,14.0,1.0,1.0,1.0,1.0
207613.75077928338,1.0,156768.15456699277,25.68719344556112,14.0,3.0,1.0,0.0,0.0
191526.2360522309,1.0,90695.47313554618,39.7615311341249,14.0,1.0,1.0,1.0,1.0
103462.32982208818,1.0,79744.56337569773,25.659414299983638,11.0,2.0,1.0,1.0,0.0
264874.9985685544,1.0,129290.1289933593,32.933118493248124,16.0,1.0,1.0,0.0,1.0
61281.40120236679,1.0,25876.449698603006,32.672735849231024,11.0,3.0,1.0,1.0,0.0
42088.96477118255,0.0,22863.145657352026,49.46341483309453,11.0,3.0,1.0,0.0,1.0
35582.388602200925,1.0,76916.12122958057,46.644775773203676,14.0,3.0,0.0,1.0,1.0
53515.37957506951,1.0,71577.30291136733,42.097267071545616,11.0,3.0,1.0,1.0,1.0
318972.7971846766,1.0,189355.26179915192,29.1014828995594,16.0,3.0,0.0,0.0,1.0
189622.08020573438,1.0,77124.07766578134,51.46598493772563,17.0,3.0,0.0,1.0,1.0
86198.12311896037,0.0,64476.62813304697,33.979643182354394,15.0,2.0,1.0,0.0,0.0
135717.10142577515,0.0,87719.64816358121,52.10742553260838,13.0,2.0,0.0,1.0,0.0
48096.57240167554,1.0,41303.86511011796,58.07111157029037,11.0,1.0,1.0,0.0,0.0
49649.98275704705,0.0,61498.54631278342,36.68327395613177,17.0,2.0,0.0,1.0,0.0
202396.29603184023,1.0,128644.36619353341,52.72006632437767,11.0,1.0,1.0,0.0,0.0
190825.0118875701,1.0,132002.22107570185,44.89594956289715,15.0,1.0,1.0,1.0,1.0
62791.78640091362,1.0,67045.09232746586,43.18115715799742,12.0,1.0,0.0,0.0,0.0
186249.40603132977,1.0,100015.27102633397,39.861463286090924,13.0,3.0,1.0,0.0,1.0
72684.76644592604,1.0,41412.73679795737,28.49031384064815,12.0,1.0,1.0,0.0,1.0
244201.3094005224,1.0,116783.26455539717,49.380991363561975,15.0,3.0,1.0,0.0,1.0
231852.7219184929,1.0,92195.72860774808,60.786234003004985,15.0,2.0,1.0,0.0,1.0
239978.44457290554,1.0,132545.50892407272,53.925191029738386,20.0,2.0,1.0,1.0,1.0
46326.46267102325,1.0,25680.303515827185,52.58210003061359,14.0,5.0,1.0,0.0,1.0
174358.96936501164,1.0,77293.30029435489,61.01746191862665,17.0,2.0,0.0,0.0,1.0
201770.31271677453,1.0,99109.05400691407,59.53968580545641,12.0,2.0,0.0,1.0,0.0
87257.23012692174,0.0,56513.676210333884,34.12976850573442,17.0,3.0,0.0,1.0,0.0
168909.32424361643,1.0,41078.962230175464,50.532459639593384,16.0,6.0,0.0,0.0,1.0
57540.0950560043,1.0,55142.42476587364,30.34721655578521,10.0,5.0,1.0,1.0,0.0
165613.9789313976,1.0,101830.22826249267,37.77826305751972,13.0,3.0,1.0,0.0,0.0
47129.86542731442,1.0,27310.30013825236,41.366997689533065,16.0,4.0,1.0,0.0,1.0
64261.3060343258,0.0,50294.75283980951,26.605347925485706,16.0,3.0,0.0,0.0,0.0
139769.8565076659,1.0,57508.95532450558,28.967294366500877,13.0,2.0,1.0,1.0,0.0
61552.38360569613,0.0,36437.452196312486,52.26607150919695,14.0,2.0,1.0,0.0,1.0
211388.68870651073,1.0,80235.09071228339,38.107685405579836,14.0,1.0,0.0,0.0,0.0
138179.06895873565,0.0,42858.98201039718,62.00191781390598,16.0,1.0,0.0,0.0,1.0
121430.80678828139,1.0,49959.17724262064,57.40171829891395,16.0,1.0,0.0,0.0,1.0
141686.59276530473,1.0,67049.80697025554,50.489169158096516,13.0,2.0,0.0,1.0,0.0
149924.19276628495,1.0,114309.88091703145,31.26459405281248,17.0,1.0,1.0,1.0,1.0
71295.3628365294,1.0,80573.19758668984,38.95836413927018,17.0,2.0,1.0,1.0,0.0
155865.13833359242,1.0,83082.88879246678,35.455724883332344,13.0,4.0,0.0,0.0,0.0
-9723.111613320827,0.0,22090.96649703589,58.73194808523887,13.0,2.0,1.0,1.0,1.0
91159.15815928379,1.0,38767.859849527886,26.98779401129112,18.0,3.0,0.0,1.0,1.0
341228.92528518673,1.0,186074.19913130728,31.906893651907556,16.0,2.0,0.0,0.0,0.0
140429.2954190692,1.0,77468.0290928621,57.27604049598418,13.0,1.0,1.0,0.0,0.0
133235.69624579692,1.0,93148.0171458184,45.69478710115682,12.0,1.0,1.0,0.0,1.0
76224.71111854495,1.0,51880.380116451015,37.823472208531236,13.0,2.0,1.0,0.0,0.0
150753.1580070413,1.0,43478.58204959479,63.12980317032289,12.0,2.0,1.0,0.0,1.0
63536.24131400371,1.0,21525.46597595846,28.494530204647624,13.0,4.0,1.0,1.0,1.0
151618.49327157624,0.0,65497.75271465251,44.412900480551286,11.0,1.0,1.0,1.0,0.0
85722.78894826626,1.0,59366.84810581868,43.201811647582836,14.0,2.0,0.0,0.0,0.0
-10480.152801543009,0.0,20105.58113419035,47.420297598786846,13.0,6.0,1.0,0.0,0.0
16256.810860604652,1.0,42395.411942836545,26.627483118547634,14.0,3.0,1.0,0.0,1.0
42032.26288924436,1.0,45448.30153995784,41.85581475112255,13.0,4.0,1.0,0.0,0.0
94712.99587695685,0.0,44653.51248258908,38.02995240541114,14.0,5.0,0.0,0.0,1.0
42146.6564439965,0.0,14181.023973671987,35.164563366357626,15.0,3.0,0.0,0.0,1.0
145535.8545429023,1.0,99775.03902033083,30.31442395081013,17.0,2.0,1.0,0.0,1.0
80006.06976177674,1.0,62582.79124289706,58.64657487320331,11.0,3.0,1.0,0.0,1.0
211566.97574133013,1.0,131100.46840979595,31.26950814456435,18.0,3.0,0.0,1.0,1.0
119342.49511265702,1.0,41026.960513613594,39.03511729845246,12.0,2.0,0.0,1.0,1.0
103294.8000328947,0.0,14846.665939976723,46.21773803498622,17.0,4.0,1.0,0.0,0.0
2728.3149339027805,1.0,33459.05865384947,46.336958887367835,14.0,3.0,1.0,1.0,0.0
184094.42554356522,1.0,78705.10226169057,25.234410163158476,15.0,2.0,1.0,0.0,1.0
117540.62180485576,1.0,90171.71109076688,29.64581170422639,10.0,3.0,1.0,1.0,1.0
145554.80703519264,1.0,174806.27182063943,46.3783302730537,15.0,3.0,1.0,0.0,0.0
318746.5905520166,1.0,178001.73862546432,53.71935884221853,14.0,2.0,1.0,1.0,1.0
114052.21656599542,1.0,47812.71989918833,46.25469241961646,14.0,4.0,1.0,1.0,1.0
112479.67063846637,1.0,41618.1941905458,53.43914587186259,14.0,5.0,1.0,1.0,0.0
17188.102296397017,0.0,30164.034671137768,26.032359254069235,16.0,4.0,0.0,0.0,0.0
104612.92350247312,1.0,75489.16242571949,32.96004877631327,13.0,2.0,1.0,0.0,1.0
63009.92530974861,1.0,35143.517042881154,31.375761326607456,13.0,4.0,0.0,0.0,0.0
206943.98069501697,1.0,155300.41208536434,28.04879282780832,11.0,1.0,1.0,1.0,0.0
54744.01111263265,1.0,54707.202094316024,29.810626832197386,15.0,3.0,1.0,1.0,1.0
-36700.83626142578,1.0,38785.10232451917,43.42368554466364,13.0,4.0,1.0,1.0,0.0
227431.29361772048,1.0,96257.15807790583,49.197227715348916,14.0,2.0,0.0,0.0,1.0
-13895.594839634068,1.0,13593.395235484237,27.695531705061438,13.0,2.0,0.0,1.0,1.0
30533.802591725493,0.0,30963.945886286197,26.11330559761455,16.0,1.0,0.0,0.0,1.0
51296.2766783386,1.0,38611.89721653712,61.58428773313922,10.0,2.0,1.0,0.0,0.0
368541.6594537258,1.0,221674.73219838372,54.91596309549058,14.0,3.0,1.0,0.0,0.0
188619.76220684015,1.0,55662.76273579588,61.38085278239237,13.0,2.0,1.0,0.0,1.0
-13950.00441902646,1.0,65388.0941704869,53.493814786542174,15.0,2.0,1.0,1.0,0.0
82925.39075751681,0.0,24521.192127464226,57.42313453582706,16.0,4.0,0.0,0.0,1.0
214594.52750989303,1.0,90676.2273767339,61.28527462973996,14.0,1.0,0.0,0.0,1.0
50511.59014844175,1.0,49553.41356412106,54.22687922678004,14.0,3.0,1.0,1.0,1.0
108023.10596721516,0.0,71263.07740202003,44.430010546426715,13.0,5.0,1.0,0.0,1.0
235331.75581860123,1.0,135250.8863388958,31.525970091471297,15.0,5.0,1.0,0.0,0.0
659.7600034602074,1.0,62656.676702271856,25.1746774256442,15.0,5.0,1.0,0.0,0.0
193118.74169211404,1.0,70624.78194510103,49.039748969055736,14.0,1.0,0.0,1.0,0.0
80904.21441002242,1.0,40724.94008884356,63.75930980975023,13.0,1.0,1.0,0.0,1.0
170652.67321820016,1.0,51810.25785224895,59.56253764074328,17.0,2.0,1.0,1.0,0.0
32137.211989328483,0.0,53983.51053542177,34.6943198681255,16.0,4.0,0.0,1.0,0.0
52552.5984586389,1.0,47386.858557021704,51.81693028249737,13.0,1.0,1.0,0.0,1.0
-16660.493064524097,0.0,30824.467336166468,27.308387614095324,14.0,1.0,1.0,0.0,1.0
207052.5863521131,1.0,125925.74699035374,59.85181991173482,17.0,3.0,1.0,1.0,0.0
74227.97522951545,0.0,34949.084108069655,55.41568228984585,15.0,4.0,0.0,0.0,1.0
-5426.3515366043575,1.0,19486.332309074853,55.20942516771018,13.0,3.0,1.0,0.0,1.0
74483.9490329083,1.0,71407.33018614928,25.215329138977815,17.0,4.0,1.0,1.0,1.0
25403.32548235345,0.0,37207.18755046535,25.65373537618848,13.0,3.0,0.0,1.0,1.0
218706.87597584774,1.0,78676.21687139319,45.911911999472224,10.0,2.0,1.0,0.0,1.0
159770.22158594825,1.0,74955.09548064557,26.651358823386808,13.0,5.0,1.0,0.0,1.0
40152.98969112179,0.0,29205.32456583315,63.70082575071031,16.0,3.0,1.0,0.0,0.0
124133.31376940919,0.0,62161.02958068734,43.16514025995858,12.0,3.0,0.0,0.0,1.0
169275.02823997725,1.0,79079.02131221347,48.47280861832313,16.0,3.0,1.0,0.0,1.0
93701.93523440661,1.0,37862.69617760114,61.52474469112409,18.0,4.0,1.0,0.0,1.0
70920.18203307824,1.0,44192.50446819359,51.16316914212162,15.0,3.0,1.0,0.0,1.0
216111.62002421138,1.0,120434.8851068433,51.44736810042236,16.0,2.0,1.0,1.0,1.0
110957.53323256955,0.0,20354.08491206975,41.41896348478845,12.0,2.0,1.0,0.0,0.0
116892.72371900122,1.0,52919.45765489339,52.95557081699924,15.0,5.0,1.0,0.0,1.0
236229.12287516694,1.0,142995.49514983947,38.45049211963544,10.0,1.0,1.0,0.0,1.0
99908.48667534652,1.0,30845.200127801592,63.88849662205851,17.0,3.0,1.0,0.0,1.0
103545.30353419756,1.0,55037.3517922068,44.88794438120365,17.0,4.0,0.0,0.0,1.0
160068.72598102794,1.0,119722.6895065175,31.609430178381366,15.0,2.0,1.0,1.0,0.0
66510.50519827974,1.0,62575.877922393345,36.67127879589271,15.0,2.0,0.0,0.0,1.0
47238.023180883225,0.0,52099.63522501665,50.19831263527992,13.0,3.0,0.0,1.0,1.0
279887.3463135222,1.0,138855.00489750548,53.48664688327542,12.0,1.0,1.0,0.0,1.0
83714.63313248905,1.0,49894.147077586014,33.50797509752959,17.0,1.0,1.0,0.0,1.0
128749.28232879049,1.0,114258.96433965748,58.68023333772221,16.0,2.0,0.0,1.0,0.0
113974.46134938406,1.0,38862.185675601715,39.86126907585988,14.0,3.0,1.0,0.0,1.0
36857.419342547524,1.0,102622.4612225981,31.467585847253215,13.0,2.0,0.0,0.0,1.0
86426.36228001419,1.0,64619.58697335993,49.19137151201793,16.0,2.0,1.0,0.0,0.0
175612.24875718547,1.0,154925.3538497907,46.60633310782326,11.0,1.0,1.0,1.0,1.0
117532.40521045795,1.0,70900.0880584134,59.54048264047666,12.0,4.0,1.0,0.0,1.0
115973.58294683098,1.0,47583.040462459765,51.44459397553038,14.0,5.0,1.0,0.0,1.0
133866.17217303606,0.0,48504.88481878054,40.86851671907429,14.0,2.0,0.0,1.0,0.0
77860.81287519273,1.0,27023.910247932818,55.19435011787992,17.0,1.0,0.0,0.0,1.0
43908.42391417187,1.0,85166.48850475215,33.17524793955472,15.0,5.0,1.0,1.0,1.0
58817.90814138799,1.0,37399.77890388674,50.240038124243384,13.0,2.0,0.0,1.0,0.0
48310.4577336529,0.0,21963.746018722468,38.864987957015494,15.0,3.0,1.0,0.0,0.0
87927.7120128682,0.0,59358.752620103915,55.44367459993736,15.0,1.0,1.0,1.0,1.0
64215.02949750899,0.0,36122.52421385326,25.47564166387071,15.0,6.0,1.0,1.0,1.0
117154.63610334776,1.0,47326.41164349844,58.89443101510957,14.0,3.0,1.0,1.0,1.0
190016.8535103206,1.0,139987.17323848465,44.53852854479353,14.0,3.0,1.0,0.0,1.0
156926.92513922296,1.0,94021.5064683348,42.27394551944069,16.0,6.0,1.0,0.0,1.0
118954.60206946623,1.0,74516.65610206983,56.20557259169061,13.0,3.0,1.0,0.0,0.0
1667.612560768379,1.0,44160.39808031363,30.597570742376405,12.0,1.0,1.0,0.0,0.0
143777.0373662681,1.0,61415.660594996,60.02940795636605,19.0,2.0,0.0,0.0,0.0
99050.6878705541,0.0,39974.8433924079,52.76725551497363,13.0,3.0,0.0,1.0,1.0
92267.45876806111,1.0,47158.733099741854,37.64773792293971,13.0,5.0,1.0,0.0,1.0
277854.6070363922,1.0,212981.8692312719,29.53227344973994,11.0,2.0,0.0,1.0,0.0
175712.11591125565,1.0,123767.65243804913,59.95012404078627,17.0,3.0,1.0,0.0,1.0
42864.56751445536,1.0,62306.69061639719,35.971340222417936,13.0,4.0,1.0,0.0,0.0
9060.641512128233,1.0,34914.437906139,33.651810631827594,12.0,2.0,1.0,1.0,0.0
-12238.575896253005,0.0,20451.064443633994,56.3387072152443,14.0,2.0,1.0,0.0,0.0
15374.044261309518,1.0,23230.762232291556,35.545960353477824,14.0,1.0,1.0,0.0,0.0
282900.87791458325,1.0,142083.37179073578,25.259720404740595,16.0,1.0,1.0,1.0,1.0
142906.85588611042,1.0,109453.6914344506,62.77645586793936,13.0,3.0,0.0,0.0,0.0
76652.78368630624,0.0,44427.12020299501,34.823425059365064,12.0,4.0,0.0,0.0,0.0
77014.166363355,0.0,82123.75684992528,29.897870718340663,15.0,2.0,0.0,0.0,1.0
158699.30637650302,1.0,72779.97855851927,44.47728293318845,16.0,2.0,1.0,1.0,1.0
174839.39885776112,1.0,49055.871723278586,62.255821410750926,16.0,2.0,1.0,1.0,1.0
11799.101513195834,0.0,28624.790708773977,52.088571458096496,15.0,1.0,0.0,0.0,0.0
163155.884674622,1.0,85962.05669340664,26.646189214050008,15.0,1.0,0.0,0.0,1.0
2104.0256945287547,1.0,45879.53241020024,53.32424973791686,14.0,1.0,1.0,1.0,1.0
54975.95695672114,1.0,45407.9797986441,53.16666587762484,14.0,3.0,1.0,1.0,0.0
349467.12628885976,1.0,193083.21059896756,58.11066388129296,19.0,2.0,1.0,0.0,1.0
118307.37135004552,0.0,53865.451953324344,30.121225975036488,16.0,2.0,0.0,0.0,1.0
121061.18205157325,0.0,38043.48747557223,57.342225762726386,13.0,3.0,1.0,0.0,0.0
95951.57196833145,1.0,56369.73104317943,58.24469178178971,14.0,3.0,0.0,0.0,0.0
-7124.430606976248,0.0,12018.629179780466,36.72897591422276,13.0,5.0,1.0,0.0,0.0
120593.49032165915,1.0,77130.22327329451,47.320668887648296,14.0,3.0,1.0,0.0,1.0
-55542.300572423585,0.0,17591.062383393357,26.68432880325861,13.0,1.0,1.0,0.0,0.0
98923.25257820569,0.0,81985.26489839505,59.09766584911915,14.0,3.0,0.0,0.0,0.0
10740.263823577847,1.0,21461.904107173155,44.387880658764615,12.0,4.0,0.0,0.0,1.0
153443.6346817381,1.0,67081.23648639329,60.32333127686297,16.0,1.0,1.0,0.0,0.0
73230.36770442396,1.0,44650.96771783503,40.73073104154535,16.0,3.0,1.0,0.0,1.0
222707.98891344265,1.0,78367.45965382979,52.582357569487215,14.0,1.0,1.0,1.0,1.0
68279.2292808842,1.0,66216.9959174477,38.313798138584005,14.0,2.0,0.0,1.0,1.0
28956.773471815308,0.0,62875.911421978875,45.31165681164347,13.0,3.0,1.0,0.0,1.0
28383.964152557994,0.0,54060.07644750993,33.206130439997665,16.0,4.0,1.0,1.0,1.0
44059.439956505485,1.0,11039.384401127929,63.69424604212427,13.0,1.0,1.0,0.0,1.0
179471.56394062407,0.0,69200.00780681954,49.6640949135532,15.0,3.0,1.0,0.0,0.0
35194.2582587333,1.0,54107.11514297124,48.06821096088319,16.0,3.0,1.0,0.0,0.0
171499.27604397098,1.0,121393.21978243446,31.854366674868345,15.0,5.0,1.0,1.0,1.0
159177.4716640322,1.0,134717.25847369275,42.540783570626886,12.0,2.0,0.0,0.0,1.0
33434.35485881422,1.0,25216.076082452855,49.60484491221094,13.0,2.0,1.0,0.0,1.0
100368.00409604255,0.0,48304.68145059896,25.102596034604925,16.0,3.0,1.0,1.0,1.0
62479.46414557412,1.0,65122.71503264019,36.20747384210051,14.0,2.0,0.0,0.0,1.0
47758.928189455415,1.0,51248.32015566749,60.905294842296634,15.0,3.0,1.0,0.0,1.0
400081.222086034,1.0,240747.14939776104,53.01678500048641,10.0,2.0,1.0,1.0,1.0
42737.30832419116,1.0,60588.78861307999,26.134067439857297,16.0,1.0,1.0,1.0,0.0
224620.27033057704,1.0,59986.04933552115,50.803703203533075,10.0,3.0,1.0,0.0,0.0
-67605.29823206653,0.0,10945.434522960548,27.178635274262245,10.0,3.0,0.0,1.0,1.0
37989.16591812204,1.0,52439.155577393845,27.45818272319046,16.0,3.0,1.0,0.0,0.0
153301.35615986027,1.0,58464.151128988444,50.014038719580256,14.0,5.0,1.0,1.0,1.0
69431.76031738396,1.0,32088.310387862457,39.01263203889116,14.0,1.0,0.0,1.0,1.0
48709.983728089115,0.0,15529.423167454765,55.12745846677579,15.0,2.0,0.0,1.0,0.0
118473.22461151471,1.0,77028.4197521052,60.81624580715686,17.0,1.0,1.0,0.0,1.0
148884.52027881437,1.0,84754.17915918762,47.591016594064996,15.0,3.0,0.0,1.0,0.0
20612.820321953346,1.0,37665.395760619416,27.41864523987633,15.0,2.0,1.0,1.0,0.0
86393.30868085712,0.0,72161.45489305629,29.953258926715723,13.0,1.0,0.0,0.0,0.0
-53397.81611959504,0.0,25386.439266068443,41.12531387986648,14.0,2.0,0.0,0.0,1.0
136714.56143503633,1.0,69251.47316147757,62.13702417313149,14.0,2.0,1.0,1.0,0.0
222584.2305395915,1.0,166006.68483690824,27.909754044394006,14.0,4.0,1.0,1.0,1.0
59959.600111408356,1.0,43777.585263046945,62.386484951690626,15.0,2.0,0.0,0.0,0.0
-29192.52221359548,1.0,16792.99285157102,48.988356412486525,11.0,3.0,1.0,0.0,0.0
144794.11122743608,1.0,63044.48250877543,56.4091784737676,13.0,1.0,1.0,0.0,1.0
130516.80605168037,0.0,64728.86554300193,28.098548112712077,12.0,1.0,1.0,1.0,1.0
68305.82385338355,1.0,49423.72286571206,29.798918040330847,16.0,2.0,0.0,0.0,0.0
111769.41285121342,1.0,66021.31638571311,25.243753650118965,11.0,2.0,1.0,0.0,0.0
40530.18085224593,0.0,21587.24824580373,26.276507774858608,15.0,1.0,0.0,0.0,1.0
72071.56955885558,1.0,83039.90733681749,31.03779442724265,14.0,2.0,1.0,1.0,0.0
43492.07859631891,1.0,36909.7669101456,60.504089250814225,11.0,1.0,0.0,0.0,0.0
68258.4421080699,1.0,30947.472105041918,42.55100522213273,10.0,3.0,1.0,1.0,1.0
54939.17467492329,1.0,51164.862560957146,38.93167937767958,15.0,4.0,0.0,0.0,0.0
144691.07128873956,1.0,119032.19518180394,25.222901726554774,13.0,4.0,0.0,1.0,0.0
48762.97675715212,1.0,58959.45213965438,39.309823818119185,16.0,4.0,0.0,1.0,1.0
200401.96066224755,1.0,76967.00866810072,53.65894823127939,15.0,1.0,1.0,0.0,1.0
9706.905083297599,0.0,10661.947006746352,32.63707658046472,14.0,2.0,0.0,1.0,0.0
84474.44239229365,1.0,81952.8594076674,28.113909375640336,12.0,3.0,1.0,1.0,1.0
358466.6201360935,1.0,213428.02944664162,26.566958634586694,17.0,2.0,0.0,0.0,0.0
168500.90500942655,1.0,72069.27991893633,61.10348852688273,10.0,2.0,0.0,0.0,0.0
350150.740575027,1.0,249838.52021433265,29.753429071445208,10.0,1.0,0.0,0.0,0.0
-24965.307298964166,1.0,22266.397550708414,50.10901762789619,15.0,4.0,1.0,1.0,1.0
75412.2818686513,1.0,38370.78929964549,32.000216555594605,13.0,1.0,1.0,0.0,1.0
99699.98856804182,1.0,52543.96624820101,41.22629333023538,16.0,4.0,1.0,0.0,0.0
167336.23442392217,1.0,87452.98153764484,44.38853273141446,15.0,3.0,1.0,0.0,0.0
13060.652111201665,1.0,20076.84473289272,33.662265959586236,16.0,3.0,0.0,1.0,0.0
204630.0460390664,1.0,61154.53269157981,37.75710467307378,11.0,2.0,1.0,1.0,0.0
69414.42953216772,0.0,40301.1119216412,53.97369560851502,13.0,3.0,0.0,0.0,1.0
47422.46579222995,0.0,67988.8031777181,61.47547818646425,13.0,3.0,0.0,0.0,0.0
41473.06505512957,0.0,10593.903127646001,48.76349515482345,14.0,3.0,0.0,1.0,1.0
84920.60182600965,1.0,55332.78348481273,35.64274158030028,14.0,1.0,1.0,0.0,1.0
194110.46105600652,1.0,85174.35263950613,40.837750569703516,13.0,3.0,0.0,0.0,1.0
154489.92817619187,1.0,70964.56546765562,35.13083164086914,15.0,2.0,0.0,0.0,1.0
97896.89584425904,0.0,25579.02575525101,54.894424868725345,10.0,4.0,1.0,0.0,1.0
15687.947983560589,0.0,45885.138531438766,50.87570621199295,13.0,3.0,0.0,0.0,1.0
51816.3064994212,1.0,27561.41440688968,44.13716553874242,13.0,2.0,1.0,1.0,1.0
230721.71615359472,1.0,97146.23949713189,27.147447033960805,14.0,1.0,1.0,0.0,1.0
31310.988229803486,1.0,42830.89301049042,38.75426805858835,14.0,4.0,1.0,0.0,0.0
129923.64797459861,1.0,52063.37856080882,29.93847151996981,10.0,4.0,1.0,1.0,0.0
122935.34121263798,1.0,21245.90984067858,55.03671235433662,17.0,1.0,1.0,0.0,0.0
116553.99663662545,1.0,61949.156739453894,30.20200882432906,17.0,2.0,1.0,0.0,1.0
261995.13113599352,1.0,135518.7640844126,40.96477244111421,17.0,3.0,1.0,0.0,1.0
285003.3394880761,1.0,159704.16934673212,57.54537118481468,12.0,2.0,0.0,1.0,1.0
129334.87928355072,1.0,94235.08821532653,41.27545271320726,12.0,3.0,1.0,0.0,1.0
131543.98836833,1.0,95745.05969838283,25.572586276174217,16.0,1.0,1.0,1.0,1.0
39210.652122182,0.0,23500.4163530919,51.302162708337704,16.0,3.0,1.0,0.0,0.0
54312.10034793144,1.0,29790.199812143954,41.596126298296724,12.0,2.0,1.0,0.0,1.0
240979.33972120084,1.0,122699.06687356891,36.20793276866378,17.0,1.0,1.0,0.0,1.0
162159.4291499944,1.0,73132.00182571526,62.282795681526615,15.0,4.0,1.0,0.0,1.0
129024.65312986696,0.0,66808.05113558003,54.199369842070865,11.0,2.0,0.0,1.0,0.0
106963.77621693947,1.0,112753.28205660412,54.17164043311257,14.0,4.0,1.0,0.0,1.0
-16779.979642668084,1.0,35801.578212859145,60.93436337640658,16.0,5.0,0.0,0.0,1.0
144175.16186640612,1.0,89629.86586260736,33.34788849937402,14.0,3.0,1.0,0.0,1.0
113639.8170136179,1.0,55158.33627389239,47.8396723947173,16.0,3.0,1.0,1.0,1.0
97675.66639199434,0.0,56754.76630801314,41.63936238758724,15.0,6.0,1.0,0.0,1.0
217774.73665039416,1.0,95499.40827374821,55.604408777901945,17.0,2.0,0.0,0.0,1.0
111235.90229513319,0.0,51414.672438881214,26.302942411940716,15.0,3.0,0.0,0.0,0.0
153101.95160822797,1.0,42776.56370804592,56.36688051796088,17.0,2.0,1.0,1.0,0.0
70001.89512784293,1.0,54644.2322733725,52.29271479104453,17.0,4.0,1.0,1.0,1.0
2323.1303472940217,1.0,13344.535099500572,27.64337234234348,12.0,1.0,1.0,1.0,0.0
395381.64806221967,1.0,285967.7914835954,50.72959715286879,17.0,1.0,0.0,1.0,0.0
14304.281975547969,0.0,17023.641970310382,63.58432999064908,15.0,4.0,0.0,0.0,1.0
136719.21230973065,0.0,58247.89124011422,47.11092078424466,12.0,1.0,1.0,0.0,0.0
167720.9833654377,1.0,135154.55238688015,55.8906790588203,10.0,3.0,1.0,0.0,1.0
-16610.449298486696,0.0,15793.703582713882,60.78496356635454,16.0,1.0,1.0,0.0,0.0
206723.10173688488,1.0,142263.12455952368,25.70914038191692,10.0,3.0,1.0,0.0,1.0
70409.8631759185,0.0,36024.05634517059,27.977442629798457,13.0,2.0,1.0,0.0,1.0
207729.43222344114,1.0,121980.38238299754,32.15026160076253,16.0,2.0,0.0,0.0,1.0
216688.59957517043,1.0,123871.87293769394,28.01824223316929,16.0,1.0,0.0,0.0,1.0
27750.217453706726,0.0,47412.923329702964,44.64272916998432,13.0,1.0,1.0,1.0,0.0
127372.33617012766,1.0,55467.207610189536,58.46143429429159,12.0,2.0,1.0,1.0,1.0
148528.92885432107,1.0,62913.100132447595,55.46933468988376,11.0,3.0,0.0,0.0,1.0
6569.856259997205,0.0,14336.000067762116,61.14409241216384,12.0,2.0,1.0,1.0,0.0
142448.98715301353,1.0,62064.330422825566,34.43013354412888,12.0,4.0,1.0,0.0,0.0
73870.84607942258,1.0,30957.276642714416,60.35104428114657,18.0,2.0,1.0,0.0,1.0
68493.7756968016,1.0,34294.536451475025,48.78003304474935,13.0,2.0,1.0,1.0,1.0
100186.00919251535,1.0,65455.834806328596,32.542382338008814,10.0,1.0,1.0,1.0,0.0
63892.77408328421,1.0,28985.288190919706,25.049611500821285,12.0,2.0,1.0,1.0,1.0
74173.4430733341,1.0,19223.705955015103,44.5695112839576,10.0,4.0,1.0,1.0,1.0
156704.4174604574,1.0,58694.072431793065,43.11615667814999,18.0,4.0,1.0,1.0,0.0
23925.759719371163,0.0,34681.214204351396,41.933003619400786,14.0,2.0,1.0,0.0,1.0
124578.82833025025,0.0,56206.9134633901,55.431891564164246,10.0,1.0,0.0,0.0,1.0
291392.1641191095,1.0,144707.13803623806,61.874453032477035,16.0,4.0,1.0,0.0,0.0
34857.168397117784,1.0,22851.26298835658,26.655924809755756,13.0,2.0,1.0,1.0,1.0
227281.30614390838,1.0,105983.99120462628,50.57449964544432,15.0,2.0,1.0,1.0,1.0
71947.19505463587,1.0,34328.67846803113,38.24658092469578,16.0,1.0,1.0,0.0,1.0
132171.71755402052,1.0,93900.98264934598,53.37043801287395,14.0,5.0,0.0,1.0,1.0
19014.582146313056,0.0,39162.2878844775,57.035110149068245,11.0,2.0,1.0,1.0,1.0
126324.01466047924,0.0,44039.70374928463,38.55336678209204,18.0,2.0,0.0,0.0,1.0
-61109.92967592296,1.0,28694.63044143026,60.724488445316204,15.0,2.0,0.0,0.0,0.0
278205.88527176005,1.0,137364.75214727444,59.84268683799231,15.0,2.0,1.0,0.0,1.0
204278.80164633258,1.0,118671.35273252995,54.40037997775843,16.0,1.0,1.0,0.0,1.0
142484.80961333233,1.0,51679.25093419263,63.02750440852397,13.0,3.0,1.0,0.0,0.0
88734.30755080504,1.0,58861.249485477434,25.209076257842174,13.0,2.0,1.0,0.0,1.0
16084.066465298674,0.0,55714.924044212275,33.504323375810685,13.0,4.0,1.0,1.0,1.0
278672.53495400026,1.0,195241.51231655432,27.834231598622594,13.0,2.0,1.0,0.0,1.0
129035.04018739106,1.0,73663.31203254414,53.13283123605744,11.0,1.0,0.0,1.0,1.0
6853.918154045274,1.0,17297.930923257813,44.81111512049653,13.0,2.0,0.0,1.0,1.0
94707.44763001699,1.0,57533.3695806688,63.066759728235986,16.0,6.0,1.0,1.0,0.0
141181.58433165666,1.0,101341.23116501859,49.39019222532793,12.0,1.0,0.0,0.0,0.0
105352.90160246848,1.0,34232.51678727374,52.43201001625701,17.0,4.0,1.0,1.0,1.0
26269.503839058554,1.0,61208.896472728615,45.339930864472166,15.0,5.0,1.0,0.0,0.0
-6763.641289049876,1.0,73539.2472386966,28.335721416930216,16.0,2.0,1.0,0.0,1.0
154829.80315664154,1.0,59467.656301333096,63.96654149894531,16.0,4.0,1.0,1.0,0.0
-24743.52881865503,1.0,29019.776068948933,47.28674022826927,15.0,3.0,0.0,1.0,0.0
112396.11065048716,1.0,84025.85510429353,48.091076156569976,14.0,1.0,0.0,0.0,1.0
132265.65715553868,1.0,77674.4105129963,38.30053896117535,15.0,3.0,1.0,0.0,1.0
69793.14316273271,1.0,40601.626800957914,45.25123045248158,16.0,1.0,0.0,0.0,1.0
131629.373604779,1.0,47411.43477263702,44.37092854903936,13.0,3.0,0.0,0.0,1.0
216908.99473137848,1.0,125536.62199856917,58.88188223427294,14.0,5.0,1.0,0.0,0.0
120681.61274732654,1.0,59159.73308206686,49.28080726747906,18.0,3.0,1.0,0.0,0.0
154417.38154934644,1.0,48554.538556357875,61.040072559464384,14.0,4.0,0.0,0.0,1.0
143563.13424366098,1.0,103888.41642931785,49.368856417236586,12.0,4.0,1.0,0.0,1.0
145536.8908710942,1.0,57837.01503693853,32.254507964895225,11.0,2.0,1.0,0.0,1.0
214239.8121028482,1.0,81262.8894248829,38.925994885843146,17.0,3.0,1.0,0.0,0.0
84535.94294722799,0.0,34384.3503286615,53.8393230954335,13.0,2.0,1.0,0.0,0.0
162390.74957459612,1.0,109526.6002628358,61.282909698973434,11.0,3.0,0.0,0.0,0.0
70556.11574024617,1.0,117953.26429184084,52.95785481124149,13.0,1.0,0.0,0.0,1.0
77181.29812048556,1.0,49462.216967208864,27.331595590940736,13.0,4.0,0.0,1.0,0.0
138880.97426117514,1.0,46274.363962743635,29.640784078903216,15.0,3.0,1.0,1.0,0.0
-15466.018988871449,0.0,14072.283764739246,41.312512248811096,16.0,3.0,1.0,0.0,1.0
-1451.406526415718,1.0,31212.311753270867,43.65884777635659,14.0,2.0,0.0,0.0,0.0
175203.97755242808,1.0,92862.66586218358,52.08995913828302,18.0,3.0,1.0,0.0,0.0
214286.33014290177,1.0,100378.76889723995,43.76027945964477,13.0,2.0,1.0,0.0,1.0
248029.88921076944,1.0,136651.2510026036,60.74846746487739,11.0,2.0,0.0,1.0,1.0
216139.4022103971,1.0,156398.32909863454,25.484486839321768,17.0,3.0,0.0,0.0,1.0
109648.6821765095,0.0,31116.49437133626,46.48891782084639,16.0,1.0,1.0,0.0,0.0
159094.44510211714,1.0,75845.28374820962,57.597620984614004,16.0,1.0,1.0,0.0,1.0
103258.63733417261,1.0,74869.00104691254,53.872603031638924,14.0,2.0,1.0,0.0,1.0
78702.58966037235,1.0,70330.90573425879,25.155096930462506,15.0,3.0,1.0,0.0,1.0
132969.22437720996,1.0,66957.7936368769,47.206492606225126,14.0,2.0,1.0,0.0,1.0
-71535.39169047258,0.0,10000.0,34.90449069048626,14.0,6.0,1.0,0.0,1.0
157905.21192749668,1.0,94678.1835802381,59.29156343836302,14.0,3.0,1.0,1.0,1.0
146431.75643343612,1.0,66403.38312132271,53.68980294341118,13.0,3.0,1.0,1.0,1.0
227246.39446142653,1.0,117490.76923223496,56.90609273744524,14.0,3.0,1.0,0.0,1.0
-2630.937370197356,0.0,12219.795685641855,28.98561662342771,16.0,4.0,0.0,0.0,1.0
150805.4177817884,0.0,93707.26675173236,58.598752024348,14.0,4.0,1.0,1.0,0.0
40830.234170115,0.0,34725.69627800388,50.40987664124914,16.0,2.0,0.0,0.0,1.0
108397.06848617729,1.0,66262.35346924556,27.077207036138205,15.0,6.0,0.0,0.0,1.0
249446.73517921573,1.0,117187.59695282711,45.77288294594105,14.0,4.0,0.0,1.0,0.0
205119.21990795285,1.0,97218.12954496396,59.59406987384109,16.0,2.0,1.0,0.0,1.0
50308.29972729581,1.0,42423.689403503224,46.25403621900067,15.0,2.0,0.0,1.0,1.0
102522.57123489828,0.0,72231.32355164814,44.656845198352386,13.0,3.0,1.0,0.0,0.0
65511.03625982793,1.0,47343.484614943765,51.57763617359334,18.0,3.0,1.0,1.0,1.0
143991.10120410658,1.0,49583.67869067378,35.17650463077601,14.0,3.0,1.0,1.0,1.0
116674.68557590191,1.0,35287.78949316181,53.157785594142595,11.0,3.0,1.0,0.0,1.0
31456.61185634799,0.0,25303.133379969287,52.352866529111,16.0,5.0,1.0,0.0,1.0
90893.68391353499,1.0,85739.70584446174,54.694253371099386,12.0,2.0,1.0,1.0,1.0
116708.5779114666,1.0,73625.88286132738,27.435054034555545,15.0,4.0,0.0,1.0,1.0
23168.332201801946,0.0,47907.903979295326,25.209525787198594,15.0,2.0,0.0,0.0,1.0
116586.24381114732,1.0,47975.12938140682,54.48447633689341,15.0,3.0,0.0,1.0,1.0
109930.13013753813,1.0,56553.759896040145,29.81175248471449,15.0,3.0,1.0,0.0,0.0
233098.6404665588,1.0,93244.44239803834,45.667532174252415,15.0,4.0,1.0,0.0,0.0
142206.53969170156,1.0,120947.72704622954,43.33303439211889,16.0,3.0,1.0,1.0,0.0
127048.76849561186,1.0,56867.97234965533,36.17795576239478,18.0,2.0,1.0,0.0,0.0
104424.44664851464,1.0,44248.6264627621,25.266677726229094,15.0,3.0,1.0,0.0,1.0
75236.45049933181,0.0,39298.01927457331,63.98953622218271,15.0,2.0,0.0,0.0,0.0
212767.57939167254,1.0,119296.15387552885,53.10417436781407,15.0,2.0,1.0,1.0,1.0
28748.538407512962,0.0,22783.869464572857,53.03202288102783,14.0,3.0,1.0,1.0,0.0
93507.23209868293,1.0,83319.38788480214,55.24424771241914,15.0,6.0,0.0,1.0,1.0
151984.99229644728,1.0,85839.35829189549,41.865687494071636,12.0,2.0,1.0,0.0,0.0
208953.29341834702,1.0,102720.94432983214,52.70754268267409,17.0,2.0,1.0,1.0,1.0
269240.90623903077,1.0,174123.1406494037,61.994443298764146,14.0,4.0,0.0,0.0,0.0
208288.32089912306,1.0,78062.04569119889,43.393419467667044,15.0,3.0,0.0,0.0,1.0
188002.88326379817,1.0,148962.08660628332,45.27103442670558,11.0,2.0,0.0,1.0,1.0
134651.8910809093,1.0,79151.6133145744,56.98443560826189,14.0,1.0,1.0,0.0,1.0
21564.05337395591,1.0,30623.10699791212,39.805287979626236,19.0,4.0,1.0,1.0,1.0
206298.5025633217,1.0,58069.624034664215,60.07367031196826,17.0,1.0,1.0,0.0,1.0
212568.67043728734,1.0,119719.79519950916,50.14333159783454,14.0,1.0,0.0,0.0,1.0
82983.13500089693,1.0,29923.278101594904,29.60125244334683,18.0,6.0,0.0,0.0,1.0
162433.03290676718,1.0,83741.6964591592,45.20299384631063,14.0,1.0,1.0,1.0,1.0
162587.03072659855,1.0,74363.05926519833,59.29857564118285,18.0,1.0,1.0,1.0,1.0
208698.4176706598,1.0,117836.95752134206,43.79296938117888,16.0,2.0,1.0,0.0,0.0
127852.3642571376,1.0,86110.11509164066,41.922721418356296,10.0,1.0,1.0,0.0,0.0
38356.65193475805,1.0,15892.289689505,52.60797954173714,17.0,2.0,1.0,1.0,1.0
34930.3030569111,0.0,44349.06069126613,26.37325830157021,14.0,3.0,1.0,1.0,0.0
44405.676461434654,1.0,45510.681286279934,40.65950177946657,15.0,3.0,1.0,0.0,1.0
89587.7174738426,1.0,35604.38524116682,35.34701274515713,16.0,1.0,1.0,0.0,1.0
190679.22762425235,1.0,96638.23051512174,36.258122622370095,15.0,4.0,1.0,0.0,1.0
266822.36087399843,1.0,159139.52172360374,49.356730412581854,12.0,1.0,1.0,1.0,1.0
59238.77926776292,1.0,30396.063815652233,56.945384734677575,16.0,3.0,1.0,0.0,0.0
86777.77834923602,1.0,49385.95338766716,44.487676211112884,20.0,3.0,0.0,0.0,1.0
56938.712340994025,1.0,38347.303918132406,25.543558671059532,16.0,2.0,0.0,1.0,1.0
298057.72069121315,1.0,187493.23782503963,63.56539662886214,11.0,3.0,0.0,0.0,0.0
139674.41838597623,0.0,28142.147871675148,36.88752327719631,14.0,1.0,1.0,0.0,0.0
187207.6644284732,1.0,95118.77367966477,30.05426174159131,16.0,1.0,1.0,0.0,1.0
170102.51859504194,1.0,77618.5864611662,56.70173493092108,13.0,1.0,1.0,0.0,1.0
138404.93039135734,1.0,53681.48198909031,61.75182758546989,14.0,3.0,1.0,0.0,0.0
254189.0175353415,1.0,138496.20244511962,46.23528074104761,15.0,1.0,1.0,0.0,0.0
34045.454136477696,0.0,29657.28920108368,38.981566074296765,12.0,1.0,1.0,1.0,0.0
197692.08395798903,1.0,139686.7862063785,54.81568878193002,13.0,3.0,1.0,1.0,0.0
180792.22202168155,1.0,111026.75364765777,51.08942437113022,11.0,3.0,1.0,0.0,0.0
94274.99127927737,1.0,35146.30358094935,54.3218554951802,15.0,2.0,1.0,1.0,1.0
99618.83973234327,1.0,60526.633262634576,34.4468543397622,14.0,3.0,1.0,0.0,1.0
202331.34888947563,1.0,90211.33242249386,60.21421193233305,15.0,3.0,1.0,0.0,0.0
118509.8748507366,1.0,158064.31569689757,25.76208253995923,14.0,1.0,0.0,0.0,0.0
186819.28065191125,1.0,107253.841175517,43.53605219063819,14.0,1.0,1.0,0.0,0.0
43055.89500823696,0.0,31144.107304095854,30.74427199983223,15.0,3.0,1.0,1.0,1.0
171862.20823648822,0.0,53476.727170628,60.7429233321504,15.0,4.0,0.0,0.0,1.0
202232.2291535967,1.0,123685.16359938045,29.35263990412852,12.0,3.0,1.0,1.0,0.0
98136.46547130337,1.0,64353.32883525041,27.660965650116047,13.0,4.0,0.0,0.0,0.0
129329.17412463154,1.0,40664.23581890875,30.91102566384562,15.0,3.0,0.0,1.0,0.0
206352.70195989616,1.0,52676.928162918324,62.46789633054996,15.0,2.0,1.0,1.0,0.0
-38740.75401695977,0.0,12334.560177195352,54.944383724471564,10.0,2.0,0.0,0.0,0.0
104650.59725568716,1.0,33469.00673823429,60.93846676939228,13.0,4.0,0.0,1.0,0.0
14795.107001288547,0.0,39657.98661133802,63.124865153505816,18.0,4.0,1.0,0.0,1.0
84171.01025164222,0.0,61495.77913622749,34.125961026562,12.0,2.0,0.0,0.0,0.0
78554.77599730689,1.0,48146.36775521616,44.30842335195655,13.0,2.0,0.0,0.0,1.0
7609.5607313499495,0.0,30883.646232568564,47.02006648416902,16.0,2.0,0.0,0.0,0.0
22917.653310674054,1.0,39136.73383249307,36.126765579559034,16.0,2.0,0.0,1.0,1.0
177137.08097157627,1.0,99377.95840236604,30.33207322828825,11.0,1.0,0.0,1.0,1.0
-15223.053493453583,0.0,22510.57987701136,34.40290058016644,16.0,1.0,1.0,0.0,1.0
179819.81762519825,1.0,118265.33571876686,25.695832096335486,15.0,3.0,1.0,0.0,0.0
95495.28061912945,1.0,50439.411430370026,58.33837948918949,17.0,2.0,0.0,1.0,1.0
173409.72379291625,1.0,50500.45642365817,54.184470326176545,10.0,4.0,1.0,0.0,0.0
64800.37350680704,0.0,58737.53733899076,39.96975432798706,12.0,2.0,0.0,0.0,1.0
50913.837089963665,0.0,29727.370636288768,44.86849089931387,14.0,6.0,1.0,0.0,0.0
128628.42348227899,1.0,83225.63142629577,35.441533315089174,11.0,1.0,0.0,1.0,0.0
112909.81076279038,1.0,76742.163320826,32.990697079101224,20.0,2.0,0.0,1.0,1.0
96737.5605531669,1.0,65735.84859914077,54.618500550075055,17.0,2.0,0.0,0.0,1.0
108366.5226458973,1.0,46225.00238365105,55.64752132895802,16.0,2.0,1.0,0.0,1.0
37737.74381951771,0.0,31903.855758459107,37.74712816429865,14.0,2.0,1.0,0.0,0.0
79631.04824748661,1.0,36848.75791895726,60.425267851179676,17.0,2.0,0.0,0.0,1.0
146065.90068571753,1.0,64165.82754271964,58.18832705142735,16.0,4.0,1.0,0.0,0.0
21329.058207789338,1.0,24104.581143866217,60.92318840758757,16.0,2.0,0.0,0.0,0.0
73961.93283084636,1.0,47075.33790432351,27.197737982482288,17.0,2.0,1.0,1.0,1.0
119947.1748714276,1.0,44383.66503704153,40.23889457637756,13.0,6.0,1.0,0.0,1.0
182691.96341526954,0.0,19401.461271047505,52.01424099324568,16.0,3.0,1.0,1.0,0.0
-17401.051722705422,1.0,54211.87155111247,51.34369832399851,16.0,4.0,1.0,0.0,1.0
133693.3423434423,1.0,77226.10821568867,58.69737405609743,14.0,1.0,0.0,0.0,1.0
395679.8803471643,1.0,302976.4762347139,57.30272411078162,14.0,2.0,1.0,1.0,1.0
282342.90088015335,1.0,113157.20877529906,31.632873224692936,18.0,2.0,1.0,0.0,1.0
60459.04847200474,0.0,58865.76746429183,31.38451125020463,14.0,4.0,0.0,0.0,0.0
165900.2624250136,1.0,140876.57215065532,58.04768846758833,10.0,1.0,1.0,0.0,0.0
49471.05134704635,1.0,29302.166698520476,44.19444881360109,14.0,3.0,0.0,0.0,0.0
151839.24302931887,1.0,112971.77425643447,62.15535818518358,10.0,3.0,1.0,1.0,0.0
112075.85665164777,1.0,33620.60914532136,38.69195478347739,17.0,2.0,0.0,0.0,1.0
81257.16677217564,1.0,63376.549162431016,51.45762413336627,13.0,4.0,1.0,1.0,0.0
66424.51281926021,1.0,27746.51720060899,38.452934393520664,11.0,3.0,1.0,1.0,1.0
95469.24652901012,1.0,77949.20275094308,31.908240852528955,15.0,2.0,1.0,1.0,0.0
91512.14705453612,0.0,35744.4815886062,49.754061722143085,14.0,3.0,0.0,0.0,1.0
227940.26989736175,1.0,139639.8176893218,49.149012412620095,16.0,1.0,1.0,0.0,0.0
126982.02310977172,1.0,44917.650441894635,44.48902591396788,14.0,2.0,1.0,1.0,1.0
176886.30767281013,1.0,110615.32850998272,61.653503374510244,17.0,2.0,0.0,0.0,1.0
96181.37346607307,0.0,35549.609488320886,40.28874891673916,12.0,2.0,1.0,1.0,0.0
18165.33744582512,0.0,41357.75107581998,50.26870674868305,15.0,4.0,1.0,0.0,1.0
58074.74442423137,1.0,66600.69635831968,36.847466285296946,14.0,5.0,1.0,0.0,0.0
139450.07669716142,1.0,58030.00503816713,50.63538896966658,18.0,3.0,0.0,1.0,1.0
164786.8483653802,1.0,139094.92154275766,53.71617148452099,17.0,3.0,1.0,0.0,0.0
-6159.338113550395,0.0,47940.96295760749,28.47665663525527,10.0,3.0,1.0,1.0,0.0
44881.90464367108,0.0,26751.65597160941,53.377105202787526,13.0,2.0,1.0,0.0,1.0
134040.78275079164,1.0,64376.84382860844,48.98378630261498,15.0,2.0,1.0,0.0,1.0
57449.28221746684,0.0,42494.25697631987,54.14182430502564,15.0,3.0,0.0,0.0,0.0
83424.46411716123,1.0,89071.23568126817,50.46103072846595,13.0,2.0,1.0,0.0,0.0
108511.06911929391,1.0,69404.22602106733,63.63250118368021,17.0,3.0,1.0,1.0,1.0
53016.83196403467,0.0,43422.88731385821,28.528833890340106,11.0,1.0,1.0,0.0,1.0
116516.35402175522,1.0,58785.53209795148,49.44430509397329,12.0,4.0,1.0,0.0,1.0
143440.04656676558,1.0,88221.84854320624,36.854340168047635,13.0,4.0,1.0,0.0,1.0
85524.69878519831,1.0,46817.54057867818,53.19647489858693,14.0,2.0,0.0,1.0,1.0
152546.5638671824,1.0,93789.9718785576,42.85816536753861,15.0,4.0,0.0,0.0,1.0
12934.844210342024,1.0,26640.866185257986,43.35405996369862,13.0,2.0,1.0,0.0,1.0
249687.82550690896,1.0,107659.93814699288,58.97662108846427,15.0,2.0,1.0,0.0,0.0
71697.96646718428,1.0,22394.19227184157,59.91492969455702,13.0,2.0,0.0,1.0,1.0
186960.33734525007,1.0,82511.16568512331,52.891389250069,11.0,2.0,1.0,1.0,0.0
144521.0486911016,1.0,74410.17906522067,29.512240791284647,15.0,2.0,1.0,1.0,1.0
275292.297775309,1.0,186931.4338142423,41.16597459024503,16.0,3.0,1.0,0.0,0.0
99379.65977051566,0.0,75535.80931576283,39.41944034839278,16.0,1.0,1.0,0.0,0.0
126620.37456085495,1.0,53569.59679150378,34.71529449473705,15.0,2.0,1.0,1.0,1.0
170750.73370423052,1.0,77933.88986891511,59.177166311649806,15.0,3.0,1.0,0.0,0.0
-21101.915722609116,0.0,25697.356082654434,36.35054159572949,10.0,4.0,1.0,1.0,1.0
93593.29096893153,1.0,44153.52075967728,44.15334733591069,16.0,1.0,1.0,0.0,0.0
212047.94845776045,1.0,87709.38126038236,56.94026062707705,17.0,2.0,0.0,0.0,0.0
37769.70858665781,1.0,43444.100558040795,27.681158803692067,17.0,4.0,0.0,0.0,1.0
121182.26162335854,1.0,59887.19028756675,27.649619526174682,15.0,1.0,1.0,1.0,0.0
59240.434240375514,1.0,20130.923251585267,55.426658111137,13.0,2.0,0.0,0.0,1.0
109033.11044881122,1.0,90274.88706794965,58.80456280269047,12.0,2.0,0.0,1.0,0.0
214155.35908867075,1.0,53026.30206115425,59.971417106852925,19.0,3.0,1.0,0.0,1.0
70546.34055918525,1.0,67658.70378226924,63.346198467208616,16.0,3.0,1.0,0.0,0.0
66738.46294231951,1.0,44673.75001522914,43.53319415746995,12.0,4.0,0.0,0.0,1.0
-60614.097196770876,1.0,20050.64782317501,31.02758281234526,15.0,1.0,1.0,0.0,0.0
253410.0024267632,1.0,117719.08160071443,32.65483530313258,16.0,3.0,1.0,1.0,0.0
89716.84733638588,0.0,43039.31839170678,43.16587735414117,14.0,2.0,0.0,0.0,1.0
180053.03141537795,1.0,104370.92132392667,52.04700125237417,13.0,3.0,1.0,1.0,1.0
81729.1176606253,0.0,16799.891763166223,53.68731653931704,15.0,2.0,1.0,0.0,1.0
141176.0718937939,1.0,69226.04511645326,44.44426632968933,14.0,1.0,1.0,0.0,0.0
54346.11532122127,1.0,40307.937901458434,50.94802754873367,15.0,3.0,1.0,0.0,0.0
40497.909394012735,0.0,18619.59563777678,53.445870841031436,16.0,2.0,1.0,1.0,0.0
158854.48091839542,1.0,88942.83663459423,49.19383593861146,19.0,4.0,0.0,1.0,1.0
69112.96295762456,1.0,36841.17095057307,57.37285440262705,15.0,3.0,0.0,0.0,1.0
207092.7304152274,1.0,102178.12415784907,41.35035534832011,12.0,4.0,1.0,1.0,0.0
49509.62777188254,1.0,67779.17560695064,27.855276886228182,10.0,4.0,0.0,0.0,0.0
129448.13524970046,0.0,47624.334228946835,42.15660544367195,13.0,2.0,1.0,0.0,0.0
30461.682222545955,1.0,53008.49643917066,34.45327067629217,16.0,3.0,1.0,0.0,0.0
100047.73051076711,1.0,78668.40146426419,51.17024745241888,11.0,2.0,0.0,0.0,0.0
25262.66712209132,1.0,59025.23639962744,25.244817423018578,13.0,2.0,0.0,0.0,0.0
173679.6380149014,1.0,60462.619867462454,54.553907415180745,16.0,2.0,1.0,1.0,1.0
208512.48742536886,1.0,165032.04458496344,36.80277545217447,15.0,2.0,1.0,0.0,1.0
130454.4356352707,1.0,28933.686450101133,58.763761259955736,10.0,1.0,1.0,0.0,1.0
90685.96828339665,1.0,29165.911868849227,26.37309246875099,15.0,5.0,1.0,0.0,0.0
252741.95337680576,1.0,146283.72106495555,62.88449082277853,12.0,1.0,1.0,1.0,1.0
102266.39156110176,1.0,59900.56000218133,31.486899919417084,11.0,2.0,1.0,0.0,0.0
149724.96808594585,1.0,30637.630337635284,54.41118471590144,15.0,2.0,1.0,0.0,1.0
243313.58533982493,1.0,129385.96355554707,59.616423160163066,13.0,4.0,0.0,0.0,1.0
165504.38407808042,0.0,80162.0648086772,48.094080818055964,13.0,3.0,1.0,0.0,0.0
58321.509349394124,1.0,76118.98915163035,61.20638847321662,13.0,3.0,0.0,1.0,1.0
-39293.94720589959,1.0,12853.241525721734,28.759743095594345,13.0,3.0,1.0,0.0,0.0
-5767.394718113217,1.0,20822.525513660188,54.146529405525065,14.0,4.0,1.0,1.0,1.0
152078.1322153409,1.0,71765.93590085067,37.17500107602635,12.0,1.0,1.0,0.0,1.0
175614.00197375685,1.0,86969.9487541815,48.55194363546141,10.0,5.0,0.0,0.0,1.0
157.08722869477788,0.0,33803.65608841552,42.941830908489464,15.0,2.0,1.0,0.0,1.0
91298.18930265638,0.0,104687.21562951931,29.55153914338108,12.0,5.0,0.0,0.0,0.0
117112.04971945685,1.0,110067.51923837212,38.63531791641271,11.0,4.0,1.0,1.0,0.0
134134.47254272347,1.0,47311.159476673194,32.0436527546342,15.0,3.0,1.0,1.0,0.0
124404.01722154484,0.0,68014.3746579111,30.883507898597166,14.0,2.0,0.0,1.0,1.0
72350.13540646549,0.0,81201.92232144662,42.83558735691848,12.0,2.0,0.0,0.0,1.0
145432.01573968236,1.0,83732.2685468249,56.27284547376955,17.0,4.0,0.0,0.0,1.0
121110.50834118293,0.0,41342.55098813084,63.06734936445046,15.0,4.0,0.0,0.0,0.0
81050.55400030257,1.0,36139.29321879387,45.43321111316928,15.0,3.0,1.0,0.0,1.0
184832.03080488156,0.0,102801.99322334265,56.37065028804137,13.0,2.0,1.0,0.0,1.0
151648.1486892655,0.0,56757.02116961193,61.96280306661544,14.0,2.0,1.0,0.0,0.0
27054.150543231794,1.0,38088.180173182634,39.15294472229846,13.0,2.0,1.0,0.0,0.0
59006.90073211309,1.0,58851.218073961805,27.81411250874868,15.0,3.0,1.0,0.0,1.0
130096.65321723404,1.0,99224.18670781136,45.16663522923679,11.0,1.0,0.0,1.0,0.0
184237.3741254794,1.0,92884.56019705742,42.1321204496024,16.0,1.0,1.0,1.0,0.0
-6008.836283703189,1.0,49659.10006060407,34.531488237401646,15.0,1.0,1.0,0.0,1.0
10223.076775652153,1.0,53869.17685577571,47.42843050152568,14.0,1.0,1.0,0.0,0.0
172456.26733736176,1.0,120158.72482661453,49.385968940391805,19.0,5.0,1.0,1.0,0.0
7837.826719239032,0.0,18911.320558899366,25.547600141636433,16.0,3.0,1.0,0.0,0.0
126876.99818402663,1.0,81051.74958603569,34.08570077289206,14.0,3.0,0.0,0.0,1.0
62253.72089279458,0.0,39177.165908829076,51.67963932729063,12.0,3.0,0.0,0.0,0.0
120488.65207212105,1.0,67239.80462562687,36.67725316312323,10.0,1.0,0.0,0.0,1.0
206579.71019766634,1.0,127929.35109010122,45.83940315213968,18.0,1.0,1.0,0.0,0.0
43912.70834605846,1.0,27572.358101175865,38.53300440723888,17.0,3.0,1.0,0.0,0.0
109408.65482326766,1.0,37584.76066347182,59.088143258144534,11.0,2.0,0.0,1.0,1.0
160456.7071177854,1.0,76130.83905072024,51.49376867957608,14.0,3.0,0.0,0.0,0.0
128999.36588529227,1.0,70377.48426004194,44.87820170505381,16.0,2.0,1.0,0.0,0.0
113116.16775782962,0.0,86719.0461251509,37.61816600583098,11.0,3.0,0.0,0.0,0.0
125493.610116353,1.0,40095.5901978935,56.83729158746621,14.0,6.0,1.0,1.0,0.0
162661.69102232598,1.0,62646.57906291708,38.56172386164219,18.0,2.0,1.0,0.0,0.0
86467.24606895496,1.0,72515.19313055262,62.011393502050375,11.0,5.0,1.0,0.0,1.0
-11031.437618158401,1.0,31414.445422123114,38.21387408197397,10.0,1.0,1.0,1.0,0.0
21762.56882574215,0.0,56041.01940666303,27.68604532115018,15.0,2.0,1.0,0.0,0.0
170197.28831420687,1.0,74872.76877725849,59.10828274780048,18.0,1.0,1.0,0.0,1.0
184709.06092171484,1.0,78865.7746746127,43.4924893576012,12.0,2.0,1.0,0.0,0.0
154857.17649586033,1.0,63223.71804185606,56.2239969220559,15.0,1.0,1.0,0.0,1.0
124307.87627918733,0.0,32840.456502365974,25.791209118966943,16.0,2.0,0.0,0.0,0.0
152911.28301464248,1.0,159916.47368791618,39.98824569583502,16.0,4.0,1.0,1.0,0.0
-44614.43715039945,1.0,10000.0,61.26389660372815,12.0,4.0,1.0,0.0,0.0
121051.17678500788,1.0,36030.71823153643,48.527870605956366,15.0,1.0,1.0,1.0,1.0
189703.90381229873,1.0,72919.31113389146,40.71442915606726,14.0,1.0,1.0,0.0,0.0
53963.675884635406,1.0,66826.21814277058,34.01553724127254,14.0,2.0,1.0,0.0,1.0
-8357.785316795787,0.0,25008.996950673838,31.995699718538816,15.0,1.0,0.0,0.0,1.0
28721.41782396567,1.0,28538.15964345508,29.787052732623067,14.0,1.0,1.0,0.0,0.0
42341.02753985861,1.0,69318.14790903355,27.42088231389753,12.0,5.0,0.0,0.0,0.0
60774.41079713866,1.0,25067.126435458944,60.66639369285615,18.0,3.0,0.0,0.0,0.0
53468.76610317767,1.0,42451.33475416248,58.96298560748061,15.0,1.0,1.0,0.0,0.0
122469.96900846262,1.0,63485.19183938526,63.4462166082765,13.0,5.0,1.0,0.0,1.0
81457.84377274722,1.0,61458.025793749744,50.60330132334018,15.0,3.0,1.0,0.0,1.0
108988.09876756722,1.0,62693.9786757555,57.67537468511257,12.0,4.0,1.0,0.0,1.0
344083.8830875961,1.0,327718.2821620185,53.78678627156854,14.0,3.0,1.0,1.0,0.0
220783.52738526568,1.0,160030.24522834385,62.592311710776094,14.0,3.0,1.0,0.0,1.0
104703.184947475,1.0,42411.6394652625,44.003265564121534,14.0,2.0,1.0,0.0,1.0
140908.1951954637,1.0,48344.08352288907,45.95506760959954,18.0,2.0,1.0,1.0,1.0
134945.22501267304,1.0,69384.26251390166,50.456729046119534,16.0,4.0,0.0,1.0,1.0
-16551.973773701568,0.0,19494.91675294443,59.38216720301977,16.0,5.0,1.0,0.0,1.0
175633.12821792118,1.0,72727.06231818613,52.709176970604034,13.0,1.0,1.0,1.0,0.0
175943.08460995875,1.0,111387.3822471709,36.46672186693351,13.0,1.0,0.0,0.0,0.0
110699.81007593832,0.0,63744.33168813217,25.921735576037225,18.0,2.0,1.0,0.0,1.0
122886.49188311752,0.0,28594.95862224554,57.47549970291249,15.0,4.0,0.0,0.0,1.0
155515.929467084,1.0,49095.583304824235,38.85344097998453,13.0,3.0,1.0,0.0,0.0
95837.70422561132,0.0,52245.25143881615,32.6353267713613,18.0,3.0,1.0,0.0,0.0
1748.0210164216114,1.0,39244.05227972315,50.46001527174424,13.0,6.0,1.0,0.0,1.0
-7011.427222946331,1.0,22452.597970865783,63.47603851532747,12.0,3.0,0.0,1.0,0.0
88566.04811443268,0.0,32734.837650484253,43.69953362373057,16.0,4.0,0.0,0.0,1.0
267133.21068491717,1.0,179337.2898791997,43.460107544206664,15.0,2.0,1.0,0.0,1.0
80637.05347768212,0.0,42458.49618317393,43.94530614242561,18.0,2.0,0.0,0.0,1.0
159957.30713945336,1.0,66194.82247425617,29.28692667733801,16.0,5.0,0.0,0.0,0.0
144440.60722695844,1.0,71141.53023888162,56.08366668557999,19.0,1.0,1.0,0.0,1.0
67491.81835741235,1.0,53472.40849812529,45.947290893828864,17.0,1.0,1.0,0.0,0.0
190868.1060398401,1.0,75377.29712221152,44.337779394245274,13.0,1.0,1.0,0.0,0.0
215178.0132470322,1.0,143650.56780129636,45.76826186530036,13.0,4.0,1.0,0.0,1.0
94945.73675450633,1.0,43583.789520950915,57.049943721868445,12.0,1.0,1.0,1.0,1.0
84646.64341311752,1.0,66805.08113470682,37.15914173481887,14.0,3.0,1.0,0.0,1.0
137638.8946200642,1.0,66431.05779980747,53.2324530484215,14.0,2.0,1.0,0.0,1.0
20231.853400427113,1.0,39197.507001832215,45.59138364358583,13.0,4.0,1.0,0.0,1.0
117223.1052599629,1.0,83546.33991405032,58.801252484496565,17.0,4.0,1.0,0.0,0.0
41565.87954103075,1.0,44701.63216967551,30.49396761879042,15.0,5.0,1.0,0.0,1.0
122726.82639171902,1.0,35048.05233578428,52.270338855582295,15.0,2.0,0.0,0.0,1.0
160302.2863895271,1.0,68750.76476524588,51.05633201803822,13.0,3.0,1.0,0.0,0.0
107578.32970126809,1.0,52146.65785735227,48.41444358959936,16.0,3.0,0.0,0.0,0.0
129894.09440088246,1.0,78826.28959301156,26.377130991623815,18.0,2.0,1.0,1.0,1.0
70157.32039219054,1.0,65119.67789995346,34.50262197848468,11.0,5.0,1.0,0.0,1.0
13995.103557933544,1.0,41004.48909205568,51.15095649332153,10.0,3.0,1.0,0.0,0.0
179236.2344948533,1.0,103978.38845650757,39.20444466509366,14.0,3.0,0.0,0.0,1.0
5230.845461525871,0.0,20634.98994118662,30.50698597581381,13.0,3.0,0.0,0.0,1.0
129814.29462764449,1.0,75192.18085911218,40.513924528974385,16.0,3.0,1.0,0.0,1.0
33747.77268213587,1.0,57545.31562167591,39.542806641715174,12.0,3.0,1.0,0.0,0.0
173642.55991134158,1.0,109904.3178998605,59.294722293136616,16.0,4.0,1.0,0.0,1.0
60580.224236892886,0.0,66040.52099721855,34.072077617510104,18.0,1.0,1.0,0.0,1.0
331057.70304826554,0.0,227071.58504828264,36.45841960162038,14.0,2.0,1.0,1.0,1.0
222690.76577794284,0.0,111767.17461113253,37.721889936559236,14.0,1.0,1.0,0.0,0.0
239771.46090821218,1.0,86250.3953057679,28.39843201785438,14.0,5.0,1.0,0.0,1.0
9394.205473885158,1.0,19084.919843610183,30.33445849441599,11.0,2.0,1.0,0.0,1.0
103769.20418193359,1.0,51959.526983358286,26.253917538611915,15.0,2.0,1.0,0.0,1.0
76061.92139948261,1.0,45354.77451683244,52.28664012749204,13.0,2.0,0.0,0.0,1.0
131928.11072821938,0.0,53225.59038751946,32.97576207816461,14.0,2.0,1.0,1.0,1.0
165934.6708858996,1.0,77640.97312089358,63.29304398377049,14.0,2.0,1.0,0.0,1.0
90760.58337607223,1.0,40171.88377615007,46.955005036240095,14.0,3.0,1.0,1.0,1.0
132831.9436804865,1.0,78924.91128505302,35.96942098054116,13.0,4.0,1.0,1.0,1.0
-3809.563143463427,1.0,23204.126950306487,53.29234088660209,10.0,4.0,1.0,0.0,0.0
304362.5989320947,1.0,207616.46739273908,58.99915046471126,15.0,2.0,0.0,0.0,1.0
-82653.80109506483,0.0,16548.997486929344,53.028358198035676,14.0,3.0,0.0,0.0,0.0
294362.234602614,1.0,164058.75360102335,38.725959847477455,18.0,3.0,1.0,0.0,1.0
94685.67456452707,1.0,65784.32422257155,27.664829919391597,16.0,5.0,1.0,0.0,0.0
145965.89130027412,1.0,78010.4636141881,58.86720472737103,14.0,5.0,0.0,0.0,0.0
168540.81841347102,1.0,85763.23585113374,34.57807426545689,15.0,1.0,1.0,1.0,0.0
96236.57724589694,1.0,34048.82853071088,50.589985844712615,14.0,1.0,1.0,0.0,0.0
92294.57154266814,1.0,31767.574563290433,59.9474534870733,15.0,4.0,1.0,0.0,1.0
171221.7077964673,1.0,33352.97481741464,52.11800390846217,15.0,3.0,0.0,1.0,0.0
6260.849341968304,1.0,23537.507277341865,41.46361431412656,14.0,4.0,1.0,0.0,0.0
62840.8139080818,0.0,26399.852921400347,46.74462681225866,13.0,2.0,1.0,0.0,1.0
190342.12047361597,1.0,94912.93331004346,61.97953071172505,13.0,4.0,1.0,0.0,0.0
471349.42500053614,1.0,281586.226905087,59.73248836109597,15.0,2.0,0.0,1.0,1.0
60749.45447247945,1.0,86021.28106883173,29.658251041994035,10.0,2.0,0.0,1.0,1.0
78123.6351704564,1.0,78437.50230541582,51.799566131677196,12.0,1.0,1.0,0.0,1.0
46899.01482027684,0.0,24687.22760228643,59.25192835620811,11.0,3.0,0.0,0.0,0.0
299109.21723125514,1.0,143751.16164991993,44.55994049771539,11.0,2.0,1.0,1.0,1.0
174797.59331504686,1.0,61093.44248115978,33.55448380326268,16.0,2.0,1.0,1.0,0.0
54400.5840973708,1.0,26560.06218228183,48.66099325135525,16.0,1.0,1.0,0.0,1.0
156039.42478111573,1.0,47252.27668873269,43.473275454666954,12.0,2.0,1.0,0.0,1.0
30825.790079309776,0.0,44003.75473579255,39.63344677109742,14.0,3.0,0.0,0.0,0.0
149107.00865568558,1.0,11934.804515826521,25.144879887706345,15.0,1.0,1.0,1.0,1.0
106246.47723691922,1.0,67687.8860638476,53.42418574953727,16.0,6.0,1.0,0.0,1.0
88751.32022657833,1.0,54243.06210801023,40.429206684319325,12.0,4.0,0.0,0.0,1.0
49911.49143421298,0.0,34761.49229919114,58.073464216292756,14.0,2.0,1.0,1.0,0.0
111194.85812065193,1.0,51377.082057793654,31.933909636496253,14.0,2.0,1.0,0.0,1.0
-4163.238667712078,0.0,18929.26605259252,48.367118346698845,11.0,3.0,1.0,0.0,1.0
180676.98896940143,1.0,83575.40381635733,57.020241104429616,15.0,3.0,1.0,0.0,0.0
273294.8369523185,1.0,149248.05652796273,63.334305124397495,14.0,1.0,0.0,1.0,1.0
72188.28341673927,0.0,59060.22164080081,29.908278672671493,16.0,3.0,0.0,0.0,1.0
1430.9350672949804,1.0,54551.89866715336,31.845539687364283,18.0,2.0,1.0,0.0,0.0
215978.59833818313,1.0,149654.15168762978,28.657539981064303,12.0,2.0,1.0,1.0,1.0
-5282.903355625283,1.0,46799.17521506017,45.61966415365772,11.0,1.0,0.0,0.0,1.0
41569.916610827786,1.0,43740.38261348283,43.96613321168604,13.0,3.0,0.0,0.0,1.0
3349.97904934657,1.0,32329.9018546925,37.39531039095661,11.0,5.0,1.0,0.0,1.0
210208.36246197397,1.0,104691.62213545544,31.883001418555267,19.0,2.0,0.0,1.0,0.0
61372.523493768196,0.0,35468.75984369267,29.57878445106988,11.0,3.0,1.0,1.0,1.0
181318.20199000434,0.0,60671.77325589055,58.5459264725976,18.0,1.0,0.0,0.0,0.0
227254.57052543314,1.0,100018.56361919004,43.814853022747386,12.0,2.0,0.0,0.0,1.0
92126.96495274446,1.0,71254.4928484375,27.438385211764718,16.0,1.0,1.0,0.0,1.0
50838.127122067555,1.0,60049.566793886246,46.762387815984,14.0,3.0,1.0,1.0,1.0
102827.44484116434,1.0,37513.76786784666,36.157014187662526,15.0,5.0,1.0,0.0,1.0
94522.93154498457,1.0,41550.1345870241,59.95984665173377,15.0,1.0,1.0,0.0,0.0
-35039.95524260247,1.0,25814.513254686128,51.42663508544504,15.0,4.0,1.0,0.0,1.0
111486.04606269323,1.0,64282.88019344883,46.44173692078011,13.0,3.0,1.0,0.0,1.0
273399.7558848851,1.0,156863.50338428287,45.27689691883721,16.0,3.0,1.0,0.0,0.0
130905.5075166601,0.0,83344.29084560602,34.335198702304666,14.0,2.0,0.0,0.0,1.0
81332.3769061648,0.0,60160.11727619665,47.66262684552554,14.0,3.0,1.0,1.0,1.0
82394.10225444162,1.0,39800.1754744434,63.38012362158847,15.0,2.0,1.0,1.0,0.0
22606.848568208345,0.0,13525.404968940891,53.690422268108605,10.0,4.0,1.0,0.0,1.0
-713.301222541937,0.0,23297.50660534298,41.53485954610848,13.0,1.0,1.0,0.0,1.0
105526.2033145971,1.0,72216.95800953338,49.90575720006041,15.0,1.0,1.0,1.0,0.0
191324.51322780416,1.0,123298.62446649809,54.87508688140532,12.0,3.0,0.0,0.0,1.0
98014.77326969545,1.0,65477.73935377543,57.07454666863707,15.0,2.0,1.0,1.0,0.0
160414.31315524274,1.0,102841.13476144707,39.254512544131,12.0,1.0,0.0,1.0,0.0
17213.03026192812,0.0,53453.735489028535,39.06967291267928,13.0,3.0,0.0,0.0,1.0
94997.08415989984,1.0,54783.32573017757,55.77581028244253,16.0,4.0,0.0,1.0,0.0
80619.52798410639,1.0,54574.09011339341,30.92388077480124,15.0,4.0,0.0,1.0,1.0
73911.73165038892,1.0,34658.369900491634,56.56733043121551,12.0,2.0,1.0,1.0,1.0
212562.01035397785,1.0,139561.81337707152,50.13276072307817,15.0,2.0,1.0,0.0,1.0
86756.54904837735,0.0,37167.611066057965,37.831282601218554,15.0,3.0,0.0,0.0,1.0
63998.68563535098,1.0,31406.420261745618,58.30611146458383,18.0,3.0,0.0,0.0,1.0
152590.07381084928,1.0,109911.75843321277,62.071732867701854,13.0,4.0,1.0,0.0,1.0
155942.34480405942,1.0,64183.58030371803,57.52785602894859,13.0,2.0,1.0,1.0,1.0
87199.017553458,1.0,51151.69105042661,55.98219710724133,15.0,2.0,1.0,0.0,0.0
108781.1312004909,0.0,31860.928506085995,39.2410816386725,13.0,3.0,0.0,1.0,0.0
130419.8419428287,0.0,106409.94259688289,45.411338332486366,12.0,3.0,0.0,0.0,1.0
74492.13165060873,1.0,39024.7262694808,47.7533105234035,17.0,1.0,1.0,1.0,1.0
175256.8394432231,1.0,65554.53140733657,60.44115737161709,15.0,2.0,0.0,0.0,1.0
102033.07691152919,1.0,64701.14064264398,34.19123884346081,17.0,2.0,1.0,1.0,1.0
65203.270244022104,1.0,82009.76460382283,32.843095270140594,12.0,1.0,1.0,0.0,0.0
18245.730588109815,0.0,41329.00302295478,32.85000620325408,18.0,2.0,0.0,0.0,1.0
75701.61699931318,0.0,33470.350068548374,62.90374776787619,13.0,2.0,1.0,1.0,0.0
103063.43993852718,1.0,78841.68789053781,36.34442006784274,14.0,6.0,1.0,0.0,1.0
130394.07641417888,1.0,68301.47491473936,57.5735352649715,15.0,1.0,1.0,0.0,1.0
44902.85655642989,1.0,95769.3353948447,36.13696453720286,11.0,4.0,1.0,1.0,1.0
138908.87205927935,1.0,80000.93785882744,34.649776521894395,18.0,3.0,1.0,1.0,1.0
250564.72913764085,1.0,103550.86487009368,63.031514586938684,15.0,4.0,1.0,1.0,0.0
123237.14017223255,1.0,70294.41278195987,34.456545579396696,17.0,2.0,0.0,1.0,0.0
275786.8161312441,1.0,156760.30837327256,49.99445980697396,13.0,3.0,1.0,0.0,0.0
153418.4764630298,0.0,60975.81887435024,58.25041654976322,13.0,1.0,1.0,0.0,0.0
11517.778711756,0.0,31544.56951892787,35.65068077418076,16.0,4.0,0.0,0.0,1.0
90603.06890427753,1.0,62030.09847085002,42.65465770902634,13.0,3.0,1.0,1.0,1.0
85657.26639755501,1.0,64227.176311707626,26.97789794519902,15.0,5.0,0.0,0.0,1.0
118625.74920345074,0.0,51575.26374539536,60.81210408169463,16.0,3.0,1.0,1.0,1.0
101501.8573388749,1.0,51025.90682585441,33.20451805514723,12.0,3.0,1.0,1.0,1.0
83482.04466848949,0.0,48300.628982397786,35.70606969046088,11.0,1.0,0.0,0.0,1.0
80635.83500868613,1.0,50466.53961857441,51.99098627299994,19.0,2.0,0.0,1.0,1.0
10016.937636929928,0.0,28633.820926256878,29.38482884310463,18.0,3.0,1.0,0.0,1.0
182599.39174325767,0.0,109176.2536060436,40.05504559150123,10.0,2.0,1.0,0.0,1.0
96128.39687467579,1.0,37429.11409005161,28.81577839413009,16.0,3.0,1.0,1.0,1.0
69089.90695479652,0.0,32580.560168029016,32.6658534788823,13.0,3.0,0.0,0.0,1.0
2692.9866104194516,1.0,39619.505654455264,57.691891742980594,13.0,2.0,0.0,1.0,0.0
103784.65467831453,0.0,80394.81129916779,30.69420693075233,14.0,3.0,1.0,0.0,0.0
240313.7628796353,1.0,108732.17482456191,55.92636157287944,15.0,3.0,0.0,1.0,1.0
95660.49901843951,1.0,57088.19178742921,38.94284743763602,14.0,3.0,1.0,1.0,0.0
123140.57946572643,1.0,18914.130556427262,63.50563791213892,14.0,3.0,1.0,0.0,1.0
84831.78556161793,0.0,92907.14585880587,26.60035474519601,14.0,1.0,0.0,0.0,0.0
169256.42787955864,1.0,181972.7627858928,26.860472304494767,16.0,3.0,1.0,0.0,0.0
-1187.1877548082193,1.0,21776.88310246659,57.84810404451218,14.0,2.0,1.0,0.0,1.0
156911.27280796744,1.0,104444.64296099055,27.760138576920273,13.0,4.0,0.0,0.0,1.0
55286.4802802661,1.0,61039.277869625046,61.18847961357155,15.0,5.0,1.0,0.0,1.0
33370.18376295964,0.0,64818.77012892464,40.80795322641889,14.0,1.0,0.0,0.0,0.0
38322.860874993115,0.0,35006.8236051165,37.88354192944904,10.0,4.0,1.0,0.0,0.0
160731.65928407744,1.0,118350.81335704254,40.84892276534051,15.0,3.0,0.0,0.0,1.0
119904.37622915731,1.0,76422.9089234877,40.162292975260144,16.0,4.0,1.0,0.0,0.0
-19460.27366794707,0.0,53982.52483578357,42.37390823132881,10.0,4.0,0.0,0.0,1.0
274569.5927060429,1.0,182906.41174977226,57.038059333702485,12.0,5.0,1.0,0.0,0.0
17363.337669788052,1.0,38597.88983756528,36.577944258289904,14.0,2.0,1.0,0.0,0.0
74543.83087729418,0.0,24901.209151064748,40.843591878612926,14.0,2.0,1.0,1.0,0.0
356201.15485341713,1.0,210078.49293206824,51.861399236817974,11.0,4.0,1.0,0.0,1.0
77165.8178404132,1.0,28106.377826330412,29.755318088649364,17.0,6.0,1.0,1.0,1.0
79173.33157073488,1.0,24713.506592989135,40.67725105260389,15.0,3.0,0.0,0.0,0.0
-34808.34254599894,0.0,28672.822577013827,38.67778257408948,12.0,3.0,0.0,0.0,0.0
162057.76021385656,1.0,79714.24274117692,58.70859809492982,17.0,2.0,0.0,0.0,0.0
105563.942560053,1.0,56115.47419061182,45.55172747528451,15.0,3.0,0.0,1.0,0.0
19325.410935933185,0.0,45250.4954091644,38.46348428528161,12.0,3.0,0.0,1.0,0.0
85818.95618650547,1.0,35548.781572756765,31.007629415672334,15.0,1.0,0.0,0.0,1.0
59616.98625102883,1.0,24770.937448369117,61.32872203780734,11.0,4.0,1.0,1.0,1.0
118141.00996742235,1.0,105500.57121308161,46.11665102100706,16.0,1.0,0.0,1.0,0.0
217266.55733020557,1.0,78357.71711667639,60.43146483648966,15.0,1.0,1.0,1.0,0.0
-72231.18763693213,0.0,27092.049934853017,25.41028572115378,14.0,2.0,1.0,0.0,0.0
118823.16686597373,1.0,39348.933851304784,49.31072947321705,14.0,1.0,1.0,0.0,1.0
60093.5013456813,0.0,50060.078187143976,30.78591775530944,15.0,2.0,1.0,0.0,0.0
117141.67855913013,1.0,73757.24965826797,52.85658153195034,14.0,2.0,0.0,0.0,1.0
91077.66250209339,1.0,74628.81646363283,25.105704515449606,16.0,3.0,1.0,1.0,1.0
112970.87866107936,1.0,49394.6151157333,63.663111522617044,15.0,3.0,1.0,0.0,0.0
14233.343201809737,0.0,54635.822771479965,26.02430533910753,15.0,1.0,1.0,0.0,1.0
110548.00736702268,1.0,72392.19557627806,36.588051037786364,16.0,1.0,1.0,0.0,1.0
143907.12192127178,1.0,78931.35055771418,46.42095336129384,14.0,4.0,1.0,1.0,0.0
91244.52087836857,1.0,57478.24117969888,47.31332145086877,16.0,5.0,1.0,1.0,0.0
287643.7464304899,1.0,105843.59368980877,45.3360177307017,15.0,1.0,0.0,1.0,1.0
67030.01338348525,0.0,31153.808210718158,53.53730658686208,13.0,1.0,1.0,0.0,0.0
79389.61929626612,1.0,48540.822951058864,60.175594988024805,14.0,3.0,0.0,0.0,1.0
120446.88622493176,1.0,55151.73060547947,55.83232595042502,13.0,2.0,1.0,0.0,0.0
117610.57780015067,1.0,55861.58467491497,54.90176071923061,12.0,2.0,0.0,1.0,0.0
183640.1715996234,0.0,79565.44621844409,25.90667789155761,16.0,4.0,0.0,1.0,1.0
66140.69820885596,0.0,76730.8191554153,28.32816232440351,15.0,2.0,0.0,0.0,0.0
119571.36182154695,1.0,75591.53370194766,38.69698976348261,18.0,2.0,1.0,0.0,0.0
109143.46403649074,1.0,88101.57061679104,26.62649829918841,13.0,2.0,1.0,0.0,0.0
90997.21838613576,1.0,15808.152978150725,46.69922812297173,16.0,2.0,1.0,0.0,1.0
149511.82960692048,1.0,58066.44860035719,56.30199706292245,13.0,3.0,1.0,0.0,0.0
117618.35598065925,1.0,36753.3354628263,54.58566444476614,14.0,3.0,1.0,0.0,0.0
55951.944514190975,1.0,53202.83881184017,33.50976857897519,16.0,1.0,1.0,1.0,1.0
109914.09698955949,1.0,56439.132094293425,41.09307973823517,14.0,2.0,0.0,0.0,1.0
11446.828415920361,0.0,33626.96494106319,52.80298243022798,14.0,4.0,0.0,0.0,0.0
138357.816593476,1.0,63455.65388011015,54.3558540893285,15.0,2.0,1.0,0.0,1.0
24747.673838489616,1.0,41870.14654417681,27.705156282919738,14.0,2.0,1.0,1.0,0.0
404248.273719189,1.0,292352.1354742408,32.69629997395809,14.0,3.0,0.0,1.0,0.0
86840.21282133728,0.0,53042.032863868866,37.943017990835486,13.0,2.0,0.0,1.0,1.0
82965.1189350788,1.0,52335.26685857987,60.18194410433101,12.0,1.0,1.0,1.0,1.0
172952.97912084276,1.0,51441.50341262366,45.90633295358725,15.0,2.0,1.0,0.0,1.0
121390.38851554994,1.0,65340.03430028737,27.775778285089793,12.0,3.0,0.0,1.0,0.0
227529.62867977275,1.0,85507.49762384902,42.03175757157979,11.0,5.0,1.0,0.0,0.0
164622.76262254643,1.0,25142.877779578794,63.829909830237014,17.0,4.0,0.0,0.0,0.0
178580.8094839753,1.0,69242.83538640851,49.7883401198979,13.0,3.0,1.0,1.0,1.0
132977.6455954967,0.0,58663.40526612209,57.48167985094544,15.0,4.0,0.0,1.0,1.0
215669.6977273563,1.0,76328.13496933883,50.656919124605764,14.0,2.0,0.0,1.0,0.0
150553.85698043747,1.0,34649.740483623966,58.71669184929864,12.0,3.0,1.0,0.0,1.0
218534.58803218338,1.0,119085.37788924499,40.44155870982854,15.0,3.0,1.0,0.0,0.0
16410.60120304911,0.0,40883.84644923191,33.92591470195396,14.0,6.0,0.0,0.0,1.0
37585.64747197661,0.0,22536.96565365501,25.522324012195135,14.0,2.0,1.0,0.0,0.0
163551.82964390182,1.0,102558.0018102854,29.239173509338816,14.0,3.0,1.0,0.0,0.0
135144.29752512777,1.0,92953.01460934768,56.568647846493505,12.0,2.0,1.0,1.0,1.0
115150.3850979646,1.0,26093.65749830276,28.71627856237132,16.0,3.0,1.0,0.0,1.0
278708.81109620724,1.0,123396.92682713266,58.17117309167996,12.0,1.0,1.0,0.0,0.0
376819.7917113241,1.0,167013.3289880194,61.122085639752264,18.0,6.0,1.0,1.0,0.0
82359.34781586431,0.0,36813.063095012534,39.135328950385144,13.0,4.0,1.0,0.0,1.0
65068.16111901213,1.0,39357.86446970013,61.49599710929852,14.0,2.0,0.0,0.0,1.0
174318.4337724839,1.0,82671.83776278367,41.92873171007096,14.0,2.0,1.0,0.0,1.0
20016.471185635593,1.0,21506.42238398336,32.06924116894224,15.0,2.0,1.0,0.0,0.0
55178.382821572595,1.0,23240.52286285286,28.91984727656032,16.0,1.0,1.0,0.0,1.0
71998.9787149674,0.0,49299.55341147582,28.578884090661504,15.0,2.0,0.0,0.0,0.0
128805.03891798889,1.0,53300.15622118553,34.657762611303404,16.0,2.0,0.0,1.0,0.0
54139.05771226472,1.0,31009.03067606838,59.38480007981173,14.0,4.0,0.0,0.0,1.0
-71488.12734288812,1.0,37389.84723741858,50.87304823429754,12.0,4.0,1.0,0.0,1.0
15873.076614235848,0.0,30357.435977447654,44.041407773765066,17.0,1.0,1.0,0.0,0.0
75100.13140405553,0.0,55569.53921150796,50.596926073364415,16.0,5.0,0.0,1.0,1.0
104070.00512711247,1.0,25293.207132983764,59.98064200116007,13.0,4.0,1.0,0.0,1.0
9587.300788459412,1.0,33564.3968243446,46.08989029259339,12.0,3.0,0.0,1.0,1.0
124484.73600747896,1.0,116816.14037170963,43.07281819692621,10.0,3.0,0.0,1.0,1.0
15901.139751490402,1.0,21230.0534214966,38.976686105481974,14.0,3.0,1.0,1.0,0.0
94439.0056978972,1.0,38263.50178882953,44.38321768271417,13.0,1.0,1.0,1.0,0.0
148395.4144629914,1.0,61558.09979897274,42.34248315817589,15.0,2.0,0.0,0.0,0.0
132743.7169301602,0.0,59007.15880745995,59.00601410585084,16.0,4.0,1.0,1.0,1.0
108091.04503533384,1.0,102048.18736463715,30.280343353678678,16.0,3.0,0.0,0.0,1.0
95652.7286108465,1.0,33768.54755889735,42.12027649711635,14.0,3.0,0.0,1.0,0.0
126088.17999608797,1.0,73157.99289815509,45.02356631840048,16.0,1.0,1.0,1.0,1.0
174038.32210846903,1.0,96211.47800622572,44.227990752810555,14.0,1.0,0.0,0.0,0.0
121072.13142404745,1.0,86097.95600302402,57.19999867723865,13.0,4.0,1.0,0.0,0.0
239090.10931703783,1.0,91101.75516329163,52.99369065536198,15.0,2.0,0.0,1.0,1.0
88558.846723771,1.0,64292.23987756897,38.64998425913506,14.0,3.0,1.0,0.0,1.0
143784.45109753494,1.0,95601.14996416078,34.127530648361954,12.0,4.0,1.0,0.0,0.0
48519.9357690346,0.0,52473.93935711371,26.851829278470355,12.0,4.0,1.0,0.0,1.0
133783.0564938265,1.0,109645.14564611774,25.19608879995837,12.0,1.0,0.0,1.0,1.0
170368.79717398577,1.0,80809.8722381187,34.69934031320428,15.0,1.0,1.0,0.0,0.0
197476.65525798575,1.0,181412.503654363,44.03369555541611,14.0,2.0,1.0,1.0,0.0
22777.469653935863,0.0,18734.46271817913,62.49702755297877,12.0,5.0,1.0,0.0,1.0
80414.6712564937,1.0,64974.85336005942,50.4097081316952,13.0,3.0,1.0,0.0,0.0
55184.11354829477,1.0,16795.530557629467,53.734647358437286,12.0,1.0,1.0,0.0,1.0
373966.02086252964,1.0,217508.54968054296,56.368562995227165,13.0,4.0,0.0,0.0,0.0
182344.09361224354,1.0,85538.38903226977,60.88411387675842,11.0,1.0,1.0,1.0,1.0
88406.08903019365,1.0,102077.36582064786,46.377932153353726,10.0,2.0,0.0,0.0,1.0
52412.72760417493,0.0,31562.128268280245,26.843764819022315,15.0,4.0,1.0,0.0,1.0
148206.9228123784,1.0,63052.429353949396,53.286541624840126,19.0,2.0,0.0,0.0,0.0
97340.22159318662,1.0,47104.88948736837,33.718532379375254,16.0,3.0,0.0,1.0,1.0
63278.3836937674,0.0,60679.981183053016,49.057286094927505,13.0,3.0,0.0,0.0,1.0
73214.24919570347,1.0,43686.97788492336,43.0615639447649,15.0,4.0,1.0,1.0,1.0
39642.75237221748,1.0,70343.19311410612,48.48680435786706,14.0,2.0,0.0,1.0,1.0
113877.73146713337,1.0,39875.20602874315,31.57350199658666,12.0,2.0,1.0,0.0,1.0
265967.9805633468,1.0,138041.6656235199,31.88659959508583,15.0,2.0,1.0,0.0,0.0
55713.88607793544,0.0,35055.6611590453,60.30311275535997,13.0,2.0,1.0,1.0,0.0
130169.21410526294,1.0,49036.5386685106,41.0388531491132,15.0,1.0,1.0,1.0,1.0
91051.66106535312,1.0,58744.61434680507,43.72603045973236,15.0,3.0,0.0,0.0,1.0
101921.9265747966,1.0,25464.25490651582,25.43294884392935,15.0,2.0,1.0,1.0,1.0
381518.11590411724,1.0,267647.2809961934,39.1123314919883,14.0,1.0,1.0,0.0,1.0
51026.7434792429,0.0,21112.04105924973,27.33596717499356,15.0,2.0,0.0,0.0,1.0
186933.7746665538,1.0,105626.27335165814,43.68998489265174,13.0,3.0,1.0,1.0,1.0
97695.87365217325,1.0,77821.07958119625,60.67758042152181,10.0,2.0,0.0,1.0,1.0
100142.77601358821,1.0,69110.39970891344,33.43423268903278,18.0,2.0,1.0,1.0,1.0
148839.62951617228,1.0,58017.30078643016,48.828082388434,16.0,2.0,1.0,1.0,1.0
36473.730450821306,0.0,34176.46181989738,28.285332771122494,14.0,2.0,1.0,0.0,1.0
31993.620259694057,1.0,18699.75005250403,58.24795690946172,15.0,3.0,1.0,0.0,0.0
94792.05278979464,0.0,52256.21723205207,30.125064707835854,16.0,3.0,1.0,0.0,1.0
-15072.487216826092,1.0,32546.86269082137,55.094181799683916,13.0,3.0,1.0,1.0,0.0
91554.00052739019,1.0,72224.84727497265,27.454657252278647,17.0,1.0,1.0,0.0,1.0
99141.83106354742,1.0,64075.08592123878,31.538135271534717,12.0,4.0,1.0,1.0,1.0
84660.05380329181,0.0,51154.57177274192,26.10968921549076,12.0,3.0,0.0,0.0,1.0
45394.880350197694,1.0,68039.82617736625,39.34192023809082,13.0,4.0,1.0,0.0,1.0
56035.271581380126,1.0,37337.73817853142,57.34491967058049,14.0,5.0,1.0,0.0,1.0
264428.0773159059,1.0,187033.0090993257,46.05530040810026,15.0,1.0,1.0,1.0,0.0
143601.9886556337,1.0,37568.71886409744,63.7706544428558,14.0,4.0,1.0,0.0,1.0
2100.752915406949,0.0,43698.09149616157,49.30374253634876,10.0,4.0,1.0,1.0,1.0
163344.06980137224,1.0,46773.20163841088,34.77679203815985,16.0,4.0,1.0,1.0,0.0
45442.53600751834,0.0,25978.365846340617,56.525860848573416,14.0,4.0,1.0,1.0,1.0
49587.15787550247,0.0,69611.2495159311,62.585767850422386,14.0,2.0,1.0,1.0,1.0
423153.9263581969,1.0,339419.1709117898,51.14962356649701,12.0,4.0,1.0,1.0,1.0
47231.211088969896,1.0,41806.674702880286,37.0921596772118,15.0,3.0,0.0,0.0,1.0
192168.73588126607,1.0,114732.1681331526,41.882478958667804,14.0,2.0,0.0,1.0,0.0
79024.05762721814,1.0,46985.81540916687,50.81961248657082,16.0,3.0,0.0,1.0,0.0
50064.90065068826,1.0,85534.9677638886,41.61767132819476,10.0,3.0,1.0,0.0,1.0
182226.0181683204,1.0,96138.6945749745,58.81646017670092,16.0,3.0,1.0,0.0,1.0
225501.67975564732,1.0,65260.28530769719,34.59770410911615,14.0,2.0,1.0,1.0,0.0
149099.60574882882,1.0,46278.805679759695,49.94325309312566,14.0,3.0,1.0,1.0,0.0
-22652.29224123888,1.0,31656.205233093824,47.78356741101642,15.0,6.0,0.0,0.0,0.0
304418.4269305942,0.0,171484.62548574217,44.35396895778136,12.0,1.0,0.0,0.0,0.0
142825.40892178484,1.0,92677.23301523081,44.90318690870923,12.0,4.0,1.0,0.0,1.0
114269.00760538182,1.0,102925.3206337746,26.564912978782132,16.0,3.0,0.0,0.0,1.0
206563.8093713275,1.0,139117.89048310462,61.41223600280827,16.0,2.0,1.0,0.0,1.0
33916.2536027355,0.0,48641.099494102375,30.3948748641425,10.0,2.0,1.0,0.0,1.0
272042.4595002613,1.0,110616.56736501475,63.5511647489867,14.0,2.0,0.0,0.0,0.0
1533.6805616592756,0.0,20015.711799219916,48.46211440726268,15.0,2.0,1.0,1.0,1.0
-18602.02741065547,0.0,19461.422886809734,53.20377369652452,14.0,3.0,1.0,0.0,0.0
99273.11079066864,1.0,64504.09243840319,46.00920337468326,11.0,1.0,1.0,0.0,1.0
25633.93363107537,1.0,39101.48204871265,58.371267332818306,14.0,1.0,0.0,0.0,0.0
66617.08966314257,1.0,39955.281747941175,32.93786660698174,19.0,6.0,0.0,0.0,1.0
183914.3366615069,1.0,158551.65259722713,54.88721376925993,16.0,1.0,1.0,0.0,1.0
211915.3949744654,1.0,111298.3260995996,47.3936281845363,14.0,4.0,1.0,0.0,1.0
53031.770042824646,1.0,49980.69780526987,28.331714600839536,15.0,3.0,1.0,0.0,1.0
79532.9720659864,0.0,86132.08053954423,36.15109782510882,12.0,1.0,1.0,0.0,1.0
187288.1218232994,1.0,69169.64553251915,59.44941371236379,15.0,1.0,0.0,1.0,0.0
101038.6328854474,0.0,50806.22924779329,28.648897180472773,15.0,3.0,1.0,0.0,1.0
241654.24175008814,1.0,112852.92575869143,34.840973167399554,14.0,2.0,1.0,1.0,0.0
140479.49378832898,1.0,186192.63819578278,53.03255538426248,16.0,4.0,0.0,0.0,0.0
51649.09400889831,1.0,59258.592210759896,36.68356085266452,14.0,3.0,1.0,1.0,1.0
121261.92221954367,1.0,62130.487866281335,47.59793984484159,17.0,3.0,1.0,1.0,0.0
103615.34123744565,1.0,56587.63442904303,30.421261680035943,10.0,2.0,1.0,1.0,0.0
3713.4324643750515,0.0,32091.841015864433,36.34547672042618,14.0,1.0,0.0,0.0,1.0
690.2723596067808,0.0,34741.8930863642,58.80801249365981,15.0,1.0,0.0,0.0,1.0
42421.94466543428,1.0,42527.51727529005,60.05906118759803,12.0,2.0,0.0,0.0,0.0
80914.28372001449,0.0,65079.15536777119,44.4297604054362,12.0,5.0,1.0,1.0,1.0
188083.7842988292,1.0,108707.62395084398,50.24524811682463,15.0,1.0,1.0,0.0,1.0
35158.74378169156,0.0,28334.167703790856,53.24784368698464,16.0,4.0,1.0,0.0,0.0
105605.5560318105,1.0,63185.45862583983,59.708366349099045,15.0,1.0,0.0,1.0,1.0
216750.52534395794,1.0,110063.89602084305,49.911718426927315,16.0,2.0,1.0,1.0,1.0
148964.38320849213,0.0,51377.571407164345,26.984328221257368,16.0,2.0,0.0,1.0,1.0
207214.18141122474,0.0,82699.05596240389,59.59741728417077,15.0,2.0,0.0,1.0,0.0
25674.98280898957,0.0,18036.576476812465,39.32960561377661,16.0,2.0,1.0,1.0,1.0
82847.33577516272,0.0,13013.255295837907,51.642240185473796,15.0,1.0,1.0,0.0,0.0
251238.11114808818,1.0,50475.00694176015,63.138514152355185,16.0,3.0,1.0,1.0,1.0
195127.52511506536,1.0,112215.50957538714,54.30124667508401,14.0,1.0,1.0,0.0,1.0
129141.95417073478,1.0,53541.636923252896,39.37421733419296,12.0,2.0,1.0,0.0,0.0
176450.26776009364,1.0,100782.6895811539,50.92265683138042,12.0,2.0,1.0,0.0,0.0
170344.794345611,0.0,48518.38378703379,57.71914329885398,14.0,3.0,0.0,1.0,0.0
172588.7601043692,1.0,104363.34214256112,31.661225591834764,14.0,2.0,1.0,0.0,1.0
163863.16963710578,1.0,83248.80001172467,33.755512794213885,15.0,1.0,1.0,0.0,0.0
48267.74434139662,0.0,22334.160258713935,48.91034626165349,12.0,2.0,1.0,0.0,1.0
147589.88009770183,1.0,100209.24602886212,26.332389596538818,15.0,3.0,1.0,1.0,0.0
62285.96011571684,0.0,43351.9911112708,39.61147716034182,15.0,5.0,0.0,0.0,1.0
121124.55724691901,1.0,87041.71508228146,30.007439869460473,13.0,1.0,1.0,0.0,1.0
11929.11071851038,1.0,20540.45584840148,60.60467395724716,10.0,3.0,0.0,0.0,1.0
1898.7307438407952,0.0,31794.767208873218,26.662156603788414,12.0,1.0,1.0,0.0,0.0
126889.55128545663,1.0,45336.49015379368,43.02140295399363,14.0,1.0,1.0,0.0,1.0
-5182.76285262742,1.0,67079.46809697578,55.7971658889051,12.0,3.0,1.0,0.0,0.0
282082.66859224904,1.0,84512.72980559924,45.91518692232768,17.0,2.0,0.0,0.0,1.0
47596.369612547795,0.0,34464.01249027673,59.44717343598839,15.0,5.0,1.0,1.0,0.0
275065.83911657525,1.0,186128.83504000292,28.760699850095843,12.0,3.0,0.0,0.0,1.0
139338.20660976705,1.0,124361.71397062512,48.83427494565174,17.0,4.0,0.0,0.0,1.0
127722.25045695057,1.0,76094.3562424114,51.50411573656437,16.0,2.0,0.0,0.0,0.0
-12816.505955472256,0.0,10000.0,27.520529145169654,14.0,1.0,0.0,1.0,1.0
156436.42844534296,1.0,132032.36200751434,27.606550759410457,12.0,3.0,0.0,0.0,1.0
171872.64829758828,1.0,111296.27559254647,28.047412135496526,10.0,1.0,1.0,0.0,1.0
106940.42932102435,1.0,61753.89809997207,53.24877925689046,12.0,2.0,0.0,0.0,0.0
83965.62843086406,0.0,14171.78813036866,52.75246435963912,14.0,2.0,1.0,1.0,0.0
45833.579336988434,1.0,37051.40569573793,25.678704699324857,14.0,4.0,0.0,0.0,1.0
248315.8607685431,1.0,86157.37742385779,57.1814955928303,14.0,2.0,1.0,0.0,0.0
58072.07419195389,1.0,39559.315898042805,38.90466622303964,14.0,3.0,1.0,0.0,1.0
230498.20864723224,1.0,84050.44954238362,48.74090760999201,16.0,3.0,1.0,0.0,1.0
228053.3033015955,1.0,166477.49819840904,27.240625043786505,14.0,1.0,1.0,1.0,1.0
22252.679310500127,1.0,35855.635935367274,28.06641082990486,13.0,1.0,0.0,0.0,1.0
124056.65633429105,1.0,44014.629125327,48.79290396010617,15.0,2.0,1.0,0.0,1.0
53165.33528700458,0.0,27689.484088155008,29.54704126205028,11.0,3.0,1.0,0.0,1.0
25074.17726571644,1.0,62995.94021777521,33.05711832617935,14.0,2.0,1.0,1.0,1.0
190482.81301565334,1.0,90369.85107037397,54.27115746033648,20.0,1.0,1.0,0.0,0.0
59587.44340896045,1.0,66898.36644049772,37.17980535512995,17.0,3.0,1.0,0.0,1.0
35015.020953575106,1.0,46795.49170609413,63.093882515708934,12.0,2.0,0.0,0.0,0.0
197329.1698663078,1.0,131025.76659236336,38.53811988490232,14.0,2.0,0.0,0.0,1.0
154843.76581332434,1.0,84847.73858240976,55.70537149985941,19.0,2.0,1.0,0.0,1.0
197471.5278098079,1.0,165542.1717229779,53.10144746593572,13.0,6.0,0.0,1.0,0.0
167237.76738198634,1.0,67040.27008192346,32.54076879633155,15.0,3.0,1.0,1.0,1.0
176157.8740570157,1.0,56042.80890725276,58.46574536340052,15.0,2.0,0.0,1.0,0.0
146752.25840224995,1.0,84102.03371373491,28.517064953178,20.0,6.0,1.0,0.0,0.0
333710.38179587515,0.0,189202.19525031588,58.69840541306656,18.0,2.0,1.0,0.0,1.0
72616.25520973996,1.0,39685.4033331708,35.00539956208111,14.0,2.0,0.0,1.0,0.0
70484.4495558975,1.0,49778.28105745458,46.25839118815976,10.0,3.0,1.0,0.0,1.0
193557.76227460743,1.0,89177.35103939039,55.10496775911586,17.0,2.0,1.0,1.0,1.0
174151.87948958378,1.0,79325.52432596563,60.74046831087265,12.0,2.0,1.0,1.0,0.0
171925.19131386932,1.0,76741.03500322135,45.855884194083465,14.0,1.0,1.0,0.0,1.0
61411.333538930994,0.0,39767.94979258894,40.05431672739494,16.0,2.0,0.0,1.0,1.0
165272.0875184348,1.0,91690.155321098,43.33207745444598,13.0,4.0,0.0,1.0,1.0
11011.428423418947,1.0,23256.11602580362,49.66649424351931,18.0,2.0,1.0,1.0,1.0
-5443.761135106935,0.0,45928.87045223382,49.9055852768579,13.0,6.0,1.0,0.0,0.0
139265.5216226006,1.0,79541.93145658089,52.01826394320877,16.0,1.0,1.0,0.0,1.0
76445.645333007,1.0,41536.75782814895,46.912939756632916,14.0,1.0,1.0,0.0,1.0
89823.08598557256,1.0,72930.89600071537,42.176602641896864,15.0,2.0,0.0,0.0,1.0
185325.00518656577,1.0,134018.80439908901,51.153460977899336,14.0,3.0,0.0,0.0,0.0
130449.70806263277,1.0,37230.29466081574,41.484942427779266,16.0,3.0,1.0,1.0,1.0
84297.87035136002,0.0,48213.613346680126,29.209263840540338,16.0,3.0,0.0,1.0,1.0
90613.30701062494,1.0,90844.64131243175,27.557829451655493,14.0,3.0,1.0,1.0,1.0
114121.736247521,0.0,52825.341868726,33.1175147841453,15.0,4.0,1.0,0.0,0.0
53860.8010108938,0.0,32850.68898824647,25.63426579029335,18.0,1.0,0.0,0.0,1.0
153762.3686982197,1.0,74313.73280789492,58.45385834635318,15.0,1.0,1.0,1.0,0.0
130779.9652986439,1.0,56890.115997009496,61.85029006838056,11.0,4.0,1.0,0.0,1.0
84349.02197702434,1.0,46186.497153572265,31.62646528629668,15.0,1.0,0.0,1.0,1.0
105780.7123135562,1.0,115383.25380171792,49.19480678664081,10.0,4.0,0.0,0.0,1.0
27096.342858818334,0.0,31126.085503432438,47.65106364085625,16.0,2.0,0.0,0.0,1.0
235884.62446414854,1.0,148584.36145152824,47.30800005030271,10.0,2.0,1.0,0.0,1.0
125888.16562378575,1.0,82618.14134134298,34.17565301321694,17.0,2.0,1.0,0.0,0.0
113937.59839624466,1.0,52866.374051228886,59.2509369270155,13.0,2.0,0.0,1.0,1.0
76587.90897451263,1.0,39129.838993428966,28.323885105274904,16.0,4.0,1.0,1.0,0.0
115834.22854821096,1.0,41560.824749418396,57.1363889102233,17.0,4.0,0.0,1.0,0.0
13013.834842827195,0.0,16493.885853734948,54.61564063937775,11.0,2.0,0.0,0.0,1.0
72273.43472957017,1.0,60314.77037556805,62.58199691650743,10.0,3.0,1.0,1.0,1.0
102393.19709645529,1.0,43652.7303326331,62.395536563986546,14.0,2.0,1.0,0.0,0.0
57091.104407696206,1.0,38318.45949867959,51.373173889729145,13.0,2.0,1.0,1.0,1.0
27332.33058070876,1.0,32004.10585353565,26.36311733387792,13.0,6.0,1.0,1.0,1.0
179927.75996727147,1.0,82959.79059120188,28.730336345825375,14.0,2.0,1.0,0.0,0.0
-8711.371389720458,0.0,41216.241579876136,30.42805432349012,14.0,3.0,1.0,0.0,1.0
86864.57314772293,0.0,54532.947220500275,25.79694468177037,12.0,3.0,1.0,0.0,1.0
28734.111338817456,1.0,52319.56891106432,26.11228786961137,11.0,3.0,0.0,0.0,1.0
122183.27689760138,0.0,48521.80145119239,46.62019267888283,12.0,2.0,1.0,0.0,0.0
143227.9532090266,1.0,75121.96770659562,37.67969095569609,14.0,3.0,0.0,0.0,1.0
-20286.36148763924,0.0,46598.41804637259,41.15972861967495,13.0,2.0,0.0,0.0,0.0
165395.9548953291,1.0,80210.71179543303,36.42184392017039,14.0,1.0,0.0,0.0,1.0
105660.08643444844,1.0,55001.822278483225,39.00118348104809,11.0,2.0,0.0,1.0,0.0
95027.04190976627,0.0,42972.90179958675,47.81718706866206,16.0,1.0,1.0,1.0,1.0
131792.62340289244,1.0,52895.804461557775,51.79626063158079,14.0,3.0,1.0,1.0,1.0
26519.23443157824,1.0,28622.730008664763,55.39728155575666,13.0,3.0,1.0,1.0,0.0
-45088.27662841923,1.0,30924.70411971922,61.3414293078552,11.0,2.0,1.0,1.0,1.0
152901.49422880157,0.0,83307.21074179791,43.527938222981675,13.0,2.0,1.0,0.0,0.0
266793.61050704686,1.0,110506.52814710022,58.98837256947158,15.0,2.0,1.0,1.0,1.0
97452.80379399924,1.0,43594.427455103614,28.02372089909618,16.0,1.0,0.0,0.0,0.0
194504.9383723223,1.0,114222.79146727102,48.631015767487185,15.0,3.0,1.0,0.0,1.0
90686.93803446066,1.0,33184.98180459659,57.82157918028028,17.0,1.0,1.0,1.0,0.0
77996.04121177757,1.0,54292.07838789079,50.54390525617548,14.0,5.0,1.0,0.0,1.0
129059.26303861247,1.0,37868.53267029849,55.62492382611019,15.0,5.0,0.0,1.0,0.0
-71252.88578183811,0.0,26062.793385699526,25.09853161694407,11.0,4.0,1.0,0.0,1.0
52596.868835299625,0.0,54452.47793534119,33.46597017347265,11.0,1.0,1.0,0.0,1.0
170348.08378924668,1.0,88286.3349560822,26.384203116327214,18.0,3.0,1.0,1.0,1.0
52291.49582242596,1.0,70011.25050125865,61.075117295462576,16.0,2.0,1.0,1.0,1.0
36363.327570705704,1.0,36131.85044294718,58.014328905451634,13.0,2.0,1.0,0.0,0.0
102671.47148167214,0.0,15359.822877885059,45.5001712868569,14.0,1.0,0.0,0.0,0.0
123717.16843008541,1.0,37080.83555635513,51.67608293393735,14.0,4.0,0.0,1.0,1.0
136716.7816859801,1.0,83856.70589389614,55.440083878638134,13.0,3.0,1.0,0.0,0.0
133345.66849542555,1.0,58717.69995686408,61.33521917025559,10.0,2.0,1.0,1.0,1.0
160794.97747729375,1.0,111972.70966233916,51.715437775154655,15.0,4.0,0.0,1.0,0.0
176717.83616875115,1.0,64915.00297187041,60.596504593658025,15.0,3.0,0.0,1.0,1.0
426825.7952736544,1.0,298404.18226218334,35.437219041070634,16.0,3.0,1.0,0.0,0.0
100217.35703444065,0.0,50922.353004026336,28.777899953611332,17.0,3.0,1.0,1.0,1.0
87093.70998950682,0.0,53639.57510072952,34.99644471510812,15.0,4.0,0.0,0.0,1.0
209512.67591281707,1.0,130421.40072848258,54.59907239112912,11.0,3.0,0.0,0.0,1.0
30194.643633252148,0.0,20227.76293319271,50.88095894106519,16.0,1.0,0.0,1.0,1.0
133429.83478391872,1.0,89214.1499894639,25.17776823480004,12.0,3.0,1.0,0.0,1.0
172737.8456075663,1.0,111907.4532345299,44.66971456040987,15.0,4.0,1.0,0.0,1.0
101182.28882727235,0.0,44271.28183923583,27.837580175964337,13.0,1.0,0.0,1.0,1.0
79201.75929529403,1.0,30776.68698269507,51.12240982895055,15.0,4.0,0.0,1.0,1.0
135486.4687662256,1.0,76533.67787945442,37.242436314867234,13.0,2.0,0.0,0.0,0.0
71866.97818063763,1.0,57329.50835589191,42.265907912337084,16.0,2.0,1.0,0.0,0.0
39978.31879912803,1.0,35533.25846242302,54.243692973875454,17.0,1.0,1.0,1.0,1.0
56278.80092075818,1.0,52168.09370238247,49.87110887762452,12.0,4.0,1.0,0.0,1.0
202301.05950058764,1.0,121638.01016827555,31.734394293304916,14.0,2.0,1.0,0.0,1.0
61990.27425207109,1.0,49783.44141807813,57.973426677392254,11.0,5.0,1.0,0.0,0.0
81227.2028303539,1.0,45959.653626830295,49.33754055352681,13.0,2.0,1.0,1.0,1.0
233511.9401107785,1.0,121537.61127585077,33.192546607912206,15.0,4.0,1.0,0.0,1.0
35640.11256307337,1.0,47945.05205318754,52.72677642755115,11.0,3.0,1.0,1.0,0.0
29423.222223426026,1.0,69888.80259511333,46.491460388654865,11.0,2.0,0.0,1.0,1.0
199274.2654827661,1.0,56623.87481839308,58.282150116586635,14.0,1.0,0.0,0.0,1.0
246842.73949667538,1.0,94172.1504377708,31.53600085825962,10.0,1.0,0.0,0.0,0.0
116965.0588180594,1.0,76670.12122983101,60.41780090326615,15.0,3.0,0.0,0.0,1.0
206368.16061641515,1.0,129861.16826941523,34.466226438134015,13.0,3.0,1.0,1.0,1.0
135377.3775854135,0.0,45952.08070964838,55.66162470391023,12.0,1.0,1.0,0.0,1.0
138507.43310737243,1.0,77233.69695611384,41.94413077405035,16.0,3.0,0.0,1.0,1.0
132719.44373816584,0.0,76679.77961748191,30.510033349727827,16.0,3.0,0.0,0.0,1.0
100246.49786745406,1.0,67617.75518633671,56.805854699238424,16.0,5.0,1.0,0.0,1.0
153218.05089463256,1.0,135825.20707133206,35.00108899062293,16.0,3.0,1.0,0.0,0.0
138685.53868383903,1.0,38050.86019722728,61.820651478601995,15.0,2.0,1.0,1.0,0.0
204788.8400616471,0.0,52396.753327467544,61.299659872583646,13.0,2.0,1.0,1.0,0.0
14549.825783681854,0.0,20020.30792289315,43.0667957880858,15.0,2.0,1.0,0.0,0.0
56973.5845901775,1.0,48789.84621141574,50.29722045087797,13.0,6.0,1.0,0.0,0.0
139027.79814044153,1.0,112362.00755400269,48.8743638812483,17.0,3.0,1.0,0.0,1.0
143310.16784084056,0.0,59210.47756716124,48.20052477265993,12.0,2.0,0.0,1.0,0.0
69143.86046257771,1.0,83917.77123190866,28.29982509101987,14.0,4.0,0.0,1.0,1.0
161245.94184050828,1.0,61092.78523010084,35.36241002700387,18.0,1.0,0.0,1.0,1.0
105041.37739201682,1.0,76530.32283404685,61.71266415772027,15.0,3.0,0.0,0.0,1.0
-51591.05947804492,0.0,18207.401237198203,31.708930151529305,10.0,1.0,0.0,1.0,1.0
161141.78318870583,1.0,102193.18702570554,54.061021747747056,13.0,2.0,1.0,0.0,0.0
76722.91237413713,0.0,51786.87646589233,34.21183885510756,14.0,5.0,1.0,0.0,0.0
254921.62883423403,1.0,102597.05630479669,53.2774918903771,17.0,3.0,0.0,0.0,1.0
-30275.59571130058,0.0,11532.62093820408,63.7100188385985,15.0,2.0,0.0,0.0,0.0
80589.75775899293,1.0,95332.15138190282,32.54697161419066,13.0,3.0,0.0,0.0,0.0
69747.84831360172,0.0,59297.604284937974,41.34377587133511,13.0,3.0,0.0,1.0,0.0
181872.37488689754,1.0,106971.25771738215,51.52935642890644,13.0,3.0,1.0,1.0,1.0
28105.055039648865,1.0,37463.990628201835,36.832787015009664,11.0,2.0,1.0,0.0,1.0
101074.43830201779,1.0,38671.953574212224,60.11169596353414,12.0,3.0,1.0,1.0,0.0
64913.30660968086,0.0,41808.54279614309,63.646395186597196,13.0,1.0,1.0,1.0,1.0
119359.46172732566,1.0,46809.8876035259,63.88144024236373,13.0,2.0,1.0,0.0,0.0
85443.83044124405,1.0,39287.99672030127,34.856672860229224,17.0,1.0,1.0,1.0,0.0
160796.79044786078,1.0,52348.89056878993,25.45886083846967,19.0,2.0,1.0,0.0,1.0
137921.3234049704,1.0,118193.86211266808,58.744393012303085,13.0,2.0,0.0,1.0,1.0
92531.41228185059,1.0,71994.7203966419,52.1590696139927,13.0,5.0,1.0,0.0,0.0
165997.8540191563,1.0,40401.808034280744,26.269499287743542,18.0,4.0,0.0,0.0,1.0
173364.25837691204,1.0,76844.84945301752,55.95273325898468,17.0,6.0,1.0,0.0,0.0
107802.13947081445,1.0,52577.14909562472,54.70166454929045,16.0,2.0,0.0,0.0,0.0
17651.241534790293,1.0,25484.06869108156,52.170365143717014,14.0,2.0,1.0,0.0,1.0
53067.99627484795,1.0,67127.06895416713,44.29694777410434,14.0,3.0,0.0,0.0,0.0
276231.37856241845,1.0,166360.51552257047,60.9878320504495,14.0,1.0,1.0,0.0,0.0
95290.64412635748,0.0,49663.94897453101,38.38928401598898,12.0,2.0,0.0,0.0,0.0
130709.58921407809,1.0,96584.78376584419,28.5097760690047,14.0,1.0,1.0,1.0,0.0
47096.041469273514,1.0,41678.70185457678,59.450819540771974,12.0,2.0,1.0,1.0,0.0
242724.07148615533,1.0,186383.24014363036,36.50315109801699,12.0,2.0,1.0,1.0,1.0
57874.79450078898,1.0,26928.69896295053,56.746074165011834,13.0,2.0,0.0,0.0,1.0
80096.4652721206,1.0,29770.167263443447,38.924628036116474,14.0,4.0,1.0,0.0,1.0
187872.60812988822,1.0,98948.50731056773,52.8097049534301,17.0,3.0,1.0,0.0,1.0
126014.63453649418,1.0,59841.40196765859,45.246599576929896,18.0,2.0,1.0,0.0,0.0
171040.29873139109,1.0,46801.22547247994,45.0782371701651,14.0,2.0,1.0,1.0,0.0
93275.84834980292,1.0,64401.675054937616,51.912445272897585,13.0,5.0,0.0,0.0,1.0
61317.126523260486,1.0,37829.12990225432,53.758382771196956,12.0,3.0,1.0,0.0,0.0
2837.324115575844,0.0,36752.99845729816,55.66561863455074,12.0,2.0,1.0,1.0,0.0
108143.4871360642,0.0,31845.417223680994,53.5338768463114,14.0,3.0,1.0,1.0,1.0
103393.6177711449,0.0,85245.15321348295,28.730439008409785,14.0,5.0,0.0,0.0,1.0
255217.96486256132,1.0,171136.39499918008,60.001749516581995,14.0,1.0,1.0,0.0,0.0
272576.408936686,1.0,169538.96517485083,26.257063251453783,17.0,3.0,0.0,0.0,1.0
247264.05223711667,1.0,150211.25561187195,48.366487513717225,14.0,3.0,1.0,0.0,1.0
91481.03450514056,1.0,127539.73762775821,31.136642488356454,10.0,1.0,1.0,0.0,1.0
95872.22642269745,1.0,32951.75715718097,63.119751578903895,18.0,2.0,0.0,0.0,0.0
146496.2902622142,1.0,95552.42846041777,30.688872254594585,18.0,2.0,1.0,0.0,1.0
97843.3765037939,1.0,78621.2340380952,56.942693994939084,12.0,3.0,1.0,1.0,0.0
120056.16368223008,1.0,53791.017241097055,43.23136512535807,14.0,2.0,1.0,0.0,1.0
273625.8500458504,1.0,135754.55699570524,38.75154185749965,11.0,1.0,1.0,0.0,1.0
91657.83008471948,1.0,38674.79610409003,36.22361998488442,13.0,3.0,1.0,0.0,1.0
-23365.016764911044,1.0,27812.772009958233,36.062977360477234,13.0,2.0,0.0,0.0,1.0
189536.7571821835,1.0,155805.85199533994,60.28667710225722,12.0,6.0,1.0,1.0,1.0
266282.68493970664,1.0,166712.1418463386,46.84443934487103,16.0,3.0,1.0,0.0,0.0
92513.48809457693,0.0,33257.11164217147,44.60205233793842,16.0,3.0,0.0,1.0,0.0
155383.93472878222,0.0,59734.010533740584,41.560159920447944,10.0,1.0,1.0,0.0,1.0
24380.41081426196,1.0,40340.015513464095,34.83580606686159,11.0,4.0,1.0,0.0,0.0
117363.70874701947,1.0,41592.48795209615,52.13444054617261,14.0,3.0,1.0,1.0,0.0
73936.94258046482,1.0,62934.71308768907,41.008743967776155,12.0,2.0,0.0,1.0,1.0
3516.3340360292823,0.0,18359.7203353318,59.54812034283298,13.0,4.0,0.0,0.0,1.0
174927.99677443912,1.0,125535.78289311912,40.614079368143855,18.0,3.0,0.0,0.0,0.0
97304.1254431311,1.0,79335.65547845015,32.32359780963929,14.0,2.0,1.0,0.0,0.0
74245.47863582897,1.0,32847.89385853441,55.286777375920224,11.0,4.0,1.0,0.0,1.0
312910.5983546888,1.0,194565.42501910313,52.80443849287078,16.0,4.0,1.0,1.0,1.0
170511.56471797574,1.0,89979.17916125235,55.16385808913914,17.0,3.0,0.0,1.0,1.0
108337.13540721254,1.0,129914.68670760756,54.68860096161531,13.0,2.0,0.0,1.0,0.0
-7672.455270841587,1.0,16606.32331324458,59.170657001094824,15.0,3.0,1.0,0.0,0.0
281843.79594568734,1.0,193464.76676408947,50.439850849672034,15.0,3.0,1.0,0.0,1.0
203946.92890486776,1.0,81913.20224835734,60.5966094973459,16.0,2.0,0.0,1.0,1.0
92535.89727052118,0.0,63054.77473936043,45.66825208892597,16.0,3.0,1.0,0.0,1.0
174971.8811570917,1.0,80668.29692336038,59.78490860039986,13.0,3.0,1.0,0.0,1.0
254167.06266821251,1.0,119723.38210778467,56.77099254823508,11.0,3.0,0.0,0.0,1.0
97581.20234903852,1.0,79062.28614560902,40.95765440868163,17.0,3.0,0.0,0.0,1.0
175559.90628063626,1.0,89386.928568491,31.00366758710188,13.0,1.0,1.0,1.0,1.0
85591.47765843484,0.0,40536.442297937785,43.61158290444191,13.0,3.0,0.0,0.0,1.0
135461.74668526452,1.0,52499.68649515336,60.6630948429704,16.0,2.0,0.0,1.0,1.0
84477.5620513474,0.0,57789.17219452328,29.435072765267275,14.0,3.0,1.0,1.0,0.0
38649.87737078358,0.0,49664.24334795277,50.38522124528507,11.0,6.0,1.0,0.0,1.0
60472.87450687429,1.0,50639.4213098779,51.421355566945216,13.0,2.0,1.0,1.0,1.0
14625.708631778842,0.0,33017.7993812443,37.04040560059475,13.0,2.0,1.0,0.0,1.0
110965.03023112318,0.0,36728.84929495642,61.324541356177946,12.0,1.0,0.0,0.0,1.0
80659.27798871597,0.0,36516.121984128935,44.81507438626766,12.0,3.0,1.0,0.0,1.0
184064.7496601247,1.0,40644.63289548788,63.07095565851404,16.0,4.0,0.0,0.0,1.0
76702.28643426987,0.0,61137.934573946244,48.75101920228065,14.0,3.0,0.0,0.0,1.0
100774.77410494012,1.0,21633.025533023556,60.55508276292567,15.0,3.0,1.0,0.0,1.0
171065.4611864066,1.0,142625.454203774,32.6880973160251,10.0,3.0,1.0,0.0,0.0
114267.083637303,0.0,72170.5925516444,42.64411523969494,11.0,2.0,0.0,0.0,0.0
209187.2773344922,1.0,113217.29871334604,50.752266505943595,15.0,1.0,0.0,0.0,1.0
-66986.95124438843,0.0,27779.757122022645,50.24044615413621,12.0,4.0,1.0,0.0,1.0
-24215.844945192686,1.0,36755.89982738479,27.732235863274823,17.0,2.0,0.0,0.0,1.0
248806.4034782807,1.0,164300.3901203508,57.69567078816724,15.0,5.0,1.0,0.0,0.0
92678.07179373967,1.0,120920.1265666609,25.28064617927774,12.0,2.0,0.0,1.0,0.0
192828.9139436753,1.0,70915.98131383408,54.744560783194615,12.0,2.0,1.0,0.0,1.0
97458.96557091904,0.0,52682.803654809046,51.31559654596714,11.0,5.0,1.0,0.0,1.0
30089.39201685012,0.0,30579.91275987838,26.29952190142693,15.0,3.0,1.0,0.0,1.0
126115.76418405192,1.0,64738.243783228325,54.81710328898919,14.0,4.0,1.0,0.0,1.0
44783.61112362621,0.0,26627.624625373217,40.28088695619766,15.0,3.0,1.0,0.0,0.0
53505.210607992994,0.0,37278.32196271383,34.83798834507744,12.0,4.0,1.0,0.0,1.0
254751.330812643,1.0,74994.0945326444,63.628567729352476,11.0,3.0,1.0,0.0,1.0
62339.49833757726,1.0,91427.14416683745,40.83558614269256,16.0,3.0,1.0,0.0,0.0
130377.10416727899,1.0,57275.4134697902,55.56725539716204,13.0,3.0,1.0,1.0,1.0
304342.1890337815,1.0,142912.07805485436,32.862795730344125,10.0,1.0,0.0,0.0,1.0
197907.26944082475,1.0,79782.71259043882,39.91132347339992,15.0,2.0,1.0,1.0,1.0
254675.59254732032,1.0,58773.59903996333,62.81377432715123,17.0,2.0,1.0,0.0,1.0
146269.31029179448,1.0,58578.6077171667,26.48713682058115,16.0,2.0,1.0,0.0,1.0
84149.69828021344,1.0,29479.98029402488,48.23721471122394,16.0,2.0,1.0,0.0,1.0
42003.77875404664,0.0,17644.6121157597,28.877528769428075,15.0,5.0,1.0,0.0,0.0
-7104.8708319042125,1.0,31584.313973660748,26.149161923009324,13.0,2.0,0.0,0.0,1.0
13260.938417145924,1.0,50454.74738875503,55.0067786604706,10.0,2.0,1.0,0.0,1.0
24218.60077090717,1.0,51434.62625804871,62.17198887796369,13.0,3.0,0.0,1.0,1.0
115376.66880099583,1.0,44436.79714184064,57.212918923059796,10.0,4.0,1.0,1.0,1.0
104954.17203801751,0.0,44955.34685265998,44.818825625761576,13.0,2.0,1.0,0.0,0.0
249154.6794260797,1.0,76609.42718339025,60.47432350422809,18.0,2.0,1.0,0.0,1.0
138706.07049317658,1.0,58247.11764471444,34.437141430776435,16.0,5.0,1.0,1.0,0.0
134872.03424141544,1.0,98482.14746573326,26.56695817007742,13.0,2.0,0.0,0.0,1.0
97238.94498053253,1.0,63256.773356755984,30.741897917968338,14.0,3.0,1.0,1.0,1.0
95303.35306531073,1.0,48449.76227334303,36.73701257036474,15.0,1.0,1.0,1.0,1.0
78767.0925184931,1.0,43409.417983188905,57.40355394340288,18.0,1.0,1.0,0.0,1.0
73867.23318242941,1.0,67219.17995138728,30.241143005360517,14.0,2.0,1.0,1.0,1.0
-12517.853675709921,0.0,23119.368228900923,53.42912027727865,14.0,4.0,1.0,0.0,0.0
68167.18958554359,0.0,38867.547480316236,39.929617697406584,13.0,3.0,0.0,0.0,0.0
95722.4043912451,0.0,34793.723959026414,59.12415637827708,16.0,3.0,1.0,0.0,1.0
94071.15509555311,1.0,84476.97334240765,25.560829752360476,15.0,4.0,0.0,1.0,1.0
83091.17424667846,1.0,61782.02652258991,33.765172143866536,12.0,3.0,1.0,1.0,1.0
68727.70054315083,1.0,51939.75521273192,25.446675048807517,13.0,2.0,1.0,1.0,1.0
171902.5416533466,1.0,81886.21526754812,49.01761234993342,14.0,2.0,1.0,1.0,1.0
64876.13033543005,1.0,36753.75567950587,51.540489471408,13.0,1.0,0.0,0.0,0.0
53472.8447131428,0.0,32193.073688428816,37.698611450823655,17.0,2.0,0.0,0.0,1.0
24940.03036149878,1.0,43895.308165355025,59.19793538318733,18.0,1.0,0.0,0.0,0.0
118054.51669838722,0.0,38375.60605005349,54.99178120145643,14.0,4.0,0.0,0.0,0.0
200956.77031519104,1.0,76425.87639719342,29.16313609201309,13.0,5.0,1.0,0.0,1.0
44006.97416421106,0.0,25615.643854307782,63.48551084721662,12.0,3.0,1.0,0.0,1.0
97369.43803831922,1.0,55092.005228995324,50.012995888190616,14.0,1.0,1.0,0.0,1.0
112112.50996110855,1.0,80815.54179044577,28.747102567376505,14.0,1.0,0.0,0.0,0.0
85262.693973449,1.0,51352.7067312498,56.598752460008626,14.0,4.0,1.0,0.0,0.0
234457.36844355578,1.0,179925.8466127377,43.125485947650894,18.0,3.0,1.0,1.0,1.0
138793.49272695414,0.0,48925.06716078862,55.20561304895347,13.0,4.0,0.0,0.0,0.0
-1561.1491095981328,0.0,16221.635128521428,63.452310025115565,14.0,1.0,0.0,0.0,1.0
118257.63497423608,0.0,57858.034532929574,48.984187776890685,14.0,1.0,1.0,1.0,0.0
228869.17325319228,1.0,42310.292139878766,57.972172170488115,16.0,3.0,1.0,0.0,0.0
166658.724563319,1.0,67309.04659938627,61.78583461338311,13.0,2.0,1.0,1.0,0.0
149974.98564502326,0.0,51264.09187833678,55.58422457127588,12.0,1.0,1.0,0.0,1.0
215251.08694744977,0.0,60117.84205095194,60.86809244014332,12.0,3.0,0.0,0.0,1.0
183660.8357057603,1.0,121092.42775984893,41.55743017741841,17.0,2.0,0.0,0.0,1.0
230823.20330635575,1.0,101368.1159091057,36.041757420653,14.0,2.0,1.0,0.0,1.0
188858.18669669627,1.0,105900.29764395131,45.55266462515024,15.0,2.0,1.0,0.0,1.0
115827.78269056021,1.0,74689.14464248574,30.14431896532922,19.0,1.0,1.0,0.0,1.0
183219.5989486649,1.0,85439.12960403074,42.75962881947211,18.0,1.0,1.0,0.0,0.0
38696.50634294731,1.0,33733.2514045357,56.98821177135651,14.0,2.0,1.0,0.0,1.0
117021.55147195932,1.0,47780.857875692884,45.96687639255212,17.0,2.0,0.0,1.0,1.0
146301.6604929366,1.0,71522.687484026,58.734636599313376,12.0,2.0,0.0,0.0,1.0
260178.23473542294,1.0,212047.16575775945,43.76189794983692,14.0,3.0,1.0,0.0,0.0
328915.9480304088,1.0,155228.5130787388,56.361398831470446,18.0,1.0,0.0,0.0,1.0
292671.22146413854,1.0,136128.26460281434,62.90462812281328,14.0,4.0,1.0,0.0,1.0
164227.26326048578,1.0,47516.722500163276,43.89372059055662,15.0,2.0,1.0,1.0,1.0
139703.7509446503,1.0,47330.32236388099,63.99389253285396,13.0,2.0,1.0,0.0,1.0
89832.76887364007,1.0,66834.54803557019,39.76074331272173,16.0,4.0,0.0,0.0,0.0
130254.71161094058,1.0,106683.82422596363,36.908664082461215,13.0,3.0,1.0,1.0,1.0
91239.88417990979,1.0,62890.1582689168,36.14138541924219,11.0,2.0,1.0,1.0,0.0
66609.12132922026,0.0,33850.91850911559,45.26263080221031,15.0,4.0,1.0,1.0,1.0
281644.7731295475,1.0,216707.60839536527,50.840082874565866,10.0,1.0,1.0,1.0,0.0
87178.86289813583,0.0,37081.07805511261,43.06979782999211,12.0,3.0,0.0,0.0,0.0
86056.76090273763,0.0,61814.31943333501,31.276462426393124,14.0,2.0,1.0,0.0,0.0
85825.95090746891,1.0,48182.95248603761,44.29157719269724,14.0,4.0,1.0,1.0,1.0
208930.05018197966,1.0,88987.0073167018,48.57336913729448,19.0,2.0,1.0,0.0,0.0
129059.2066209164,1.0,65190.28122980078,33.10941907450058,14.0,4.0,0.0,0.0,1.0
201690.25569576016,1.0,79169.30790577554,35.148142995752636,13.0,2.0,0.0,0.0,1.0
88123.25290979585,1.0,44140.32209440529,35.1478551247372,14.0,3.0,1.0,1.0,0.0
169274.65539271536,1.0,68124.76847709154,58.712091089528165,18.0,4.0,0.0,0.0,1.0
95179.93753000775,1.0,68725.24504164568,33.65515413700791,14.0,1.0,0.0,0.0,1.0
96108.60265619063,1.0,68745.0046399381,57.14407315791158,10.0,2.0,1.0,0.0,1.0
149714.20897214737,0.0,33657.01976496844,32.867240534722654,17.0,2.0,1.0,0.0,1.0
77923.97718559745,1.0,54339.2134763329,58.390152422663995,14.0,4.0,1.0,0.0,1.0
206738.05079147322,1.0,207448.52841963002,31.661771873704282,14.0,2.0,1.0,0.0,1.0
188886.65961368542,1.0,110237.64987719167,39.20976386130749,19.0,1.0,1.0,0.0,0.0
280395.71928000066,1.0,195584.80957052117,30.181056319623526,14.0,2.0,1.0,1.0,0.0
91621.80688368299,1.0,67294.38023914919,63.43364104395071,15.0,2.0,0.0,0.0,0.0
65303.68304505573,0.0,17308.076613669433,29.96163771027232,15.0,2.0,1.0,0.0,1.0
54486.07935240522,1.0,34414.94297656969,35.20268236573931,10.0,2.0,1.0,1.0,1.0
159009.66587789048,1.0,90824.64727385249,54.043818907235135,20.0,2.0,0.0,1.0,1.0
116900.99126043095,0.0,26560.97716752071,44.33908173698149,15.0,1.0,1.0,1.0,1.0
135896.80119951212,1.0,66888.6307565186,55.4136503744753,16.0,1.0,1.0,0.0,0.0
29675.533608812697,1.0,24955.140750403,38.74392045129707,15.0,2.0,1.0,1.0,1.0
70410.90015936727,0.0,21948.335796894873,28.25881265748436,13.0,3.0,0.0,0.0,1.0
199212.16187777312,1.0,57707.24318106197,25.60935135971812,16.0,2.0,1.0,1.0,1.0
135548.9839924543,0.0,49734.2570195671,54.380422995822215,13.0,2.0,0.0,1.0,0.0
91884.81199470666,0.0,29780.554292944427,41.29995166285934,14.0,3.0,1.0,0.0,0.0
31763.648982319773,1.0,31463.913668011657,37.25679572106751,15.0,1.0,0.0,1.0,0.0
118544.42777890965,1.0,98022.9201242182,52.8148285608938,14.0,4.0,0.0,0.0,0.0
69620.83486473473,1.0,71653.83753820072,49.232371974984325,14.0,3.0,1.0,1.0,0.0
126404.77926695795,1.0,47719.48793655292,34.79016657054101,13.0,3.0,0.0,0.0,1.0
-19726.79347195886,0.0,40007.177701473796,46.629867644362164,14.0,5.0,1.0,0.0,0.0
-38703.5173476055,1.0,31145.39396675188,30.498934070930275,15.0,5.0,1.0,1.0,0.0
108725.17917063343,1.0,31795.033019365987,34.412833376737154,15.0,2.0,1.0,1.0,1.0
369885.5159415095,1.0,198532.54808849993,48.629175212410374,13.0,1.0,0.0,1.0,1.0
39155.67629846316,1.0,53118.32167938656,31.931334339648522,13.0,4.0,1.0,1.0,0.0
230167.6146690754,1.0,103446.35633046667,40.08209452057118,13.0,2.0,0.0,1.0,1.0
96144.23458048131,1.0,28551.10372597164,62.45334022961836,14.0,1.0,0.0,0.0,1.0
111391.25750783888,1.0,25842.409895295667,53.270121772316415,14.0,3.0,0.0,1.0,0.0
91774.53084416901,1.0,64759.12058092149,36.64066990588958,16.0,3.0,1.0,1.0,0.0
98141.41473733936,1.0,57253.80152242234,34.124835999517806,11.0,6.0,1.0,0.0,1.0
68018.53752814283,1.0,87479.47946922104,41.924993368597036,14.0,2.0,0.0,0.0,1.0
67860.92202892891,1.0,73673.98824290819,55.896169315182334,13.0,6.0,0.0,1.0,0.0
159120.52373380022,0.0,45315.86654546219,61.3491889324259,15.0,3.0,1.0,0.0,0.0
114571.76749446838,1.0,22289.17961887779,62.45769816313514,14.0,3.0,1.0,0.0,0.0
133981.1540481991,1.0,106710.80455600806,47.96995665054153,15.0,4.0,1.0,0.0,1.0
189478.28965360147,0.0,124599.75663769651,55.32151417946396,14.0,1.0,1.0,1.0,0.0
144933.26268042673,1.0,106392.80298924937,60.90287068993941,15.0,6.0,1.0,1.0,1.0
52424.54735141008,0.0,37474.937801426284,52.4924641627773,12.0,3.0,0.0,1.0,0.0
122369.38419670379,1.0,40560.05314971755,43.44476078969517,11.0,2.0,1.0,1.0,1.0
90938.20639212846,0.0,81518.02860765794,33.958385352221924,10.0,6.0,1.0,0.0,1.0
4798.358034493307,0.0,33655.21489011101,53.974559104559646,13.0,3.0,1.0,1.0,1.0
81139.50319709186,0.0,76856.35710352857,52.524997310651834,11.0,2.0,1.0,0.0,0.0
61686.77798687898,0.0,48786.286503179945,52.46295866268827,16.0,1.0,1.0,0.0,0.0
84534.06108656258,1.0,72260.20521225304,28.916685414222897,15.0,4.0,0.0,1.0,0.0
79040.20685767461,1.0,31409.208396820526,52.25796660565294,14.0,1.0,1.0,0.0,0.0
145670.15434895793,1.0,79390.03341962339,44.171468991185336,16.0,2.0,1.0,0.0,1.0
191564.40776297534,1.0,139361.2325612834,36.09477591096547,11.0,3.0,0.0,0.0,0.0
135930.37358934435,1.0,110108.71820073505,38.02081894570235,11.0,6.0,1.0,0.0,0.0
303401.81189301383,1.0,176834.24071045895,54.18519592969602,11.0,2.0,1.0,0.0,1.0
57355.99548686736,1.0,46406.260147072426,50.3903956655174,11.0,3.0,0.0,0.0,0.0
66589.9984953645,0.0,33569.222763443104,43.34333741171116,12.0,1.0,1.0,0.0,1.0
133812.86550305889,0.0,49956.81346219347,57.595973995438925,12.0,1.0,1.0,0.0,1.0
175997.93324108608,1.0,121472.28150745838,26.854631937087284,14.0,1.0,1.0,1.0,1.0
183562.2160019076,1.0,75076.76883425919,55.092868846472555,12.0,1.0,1.0,0.0,0.0
124210.02967857126,1.0,36949.55632489472,28.241219294922537,15.0,3.0,0.0,1.0,0.0
22447.29436309368,1.0,29798.765305178382,59.16422428552539,14.0,3.0,0.0,1.0,1.0
97853.37453068023,1.0,61938.14644701677,60.27093203172489,11.0,5.0,1.0,1.0,0.0
-12258.244782848938,0.0,27731.0372606264,42.58587319699606,12.0,2.0,1.0,0.0,1.0
222476.2015536395,1.0,135014.61002340875,29.42579783752972,15.0,1.0,1.0,0.0,1.0
229860.70968909466,1.0,185478.1615487623,57.983518304810296,15.0,3.0,1.0,0.0,0.0
174549.4497658643,1.0,111986.58833921119,50.11306181438486,12.0,2.0,1.0,0.0,1.0
6768.011592648909,1.0,37128.84438895655,55.299774121320254,14.0,1.0,0.0,1.0,1.0
164998.84038632,1.0,94582.49046060552,26.7326292093908,15.0,3.0,1.0,0.0,1.0
108836.49452078133,1.0,88672.42452046736,40.9746292360458,14.0,3.0,1.0,1.0,0.0
165036.89386939822,1.0,46105.95717053454,60.922345345297636,15.0,4.0,1.0,1.0,1.0
143286.21009300923,1.0,68435.81201712012,47.87538752506836,15.0,3.0,0.0,1.0,0.0
51004.56813832478,1.0,20393.617336160893,30.57412371589062,11.0,1.0,1.0,1.0,0.0
150808.70090605324,1.0,49957.659135416325,47.947778795133914,16.0,2.0,1.0,0.0,1.0
91376.2548821533,1.0,80025.88227621213,52.696818877943755,15.0,4.0,1.0,0.0,1.0
163115.83943354955,1.0,50511.68344965156,55.82637852786665,13.0,2.0,1.0,1.0,1.0
49264.050178453006,0.0,54212.45333759045,51.85466674803577,10.0,1.0,1.0,0.0,1.0
211866.9497230839,1.0,71001.34469790825,42.232683355295514,18.0,2.0,1.0,1.0,0.0
122151.55258574088,1.0,49777.41579089292,46.02501400500948,11.0,3.0,1.0,0.0,1.0
191074.78658869874,1.0,72061.9712373352,46.96052852457687,12.0,2.0,0.0,1.0,0.0
83586.81808276461,1.0,31261.102850871568,56.005751254488686,16.0,4.0,1.0,1.0,0.0
89135.92733835874,1.0,68740.37701781765,30.101184399940742,15.0,2.0,1.0,0.0,1.0
77687.6709138739,1.0,58198.92563286409,35.09599241614528,12.0,4.0,1.0,1.0,0.0
188095.92214918742,1.0,104352.94872308662,60.97165890603843,11.0,6.0,1.0,1.0,1.0
149277.83592069222,1.0,86450.90147909908,53.203758532806525,14.0,2.0,1.0,0.0,0.0
209798.64952662546,1.0,136995.0026793536,33.13163679982689,13.0,5.0,1.0,1.0,1.0
326525.0843020444,1.0,185492.82083668478,57.10624848065799,15.0,4.0,1.0,1.0,1.0
173340.6371007476,1.0,112043.9906176799,39.87335991816932,10.0,3.0,0.0,0.0,0.0
164421.4168299235,1.0,119888.18323195395,27.353944162371555,13.0,3.0,1.0,1.0,0.0
-28536.421283256772,1.0,17613.554027996564,36.86621774918516,14.0,1.0,1.0,0.0,1.0
122687.08462788953,0.0,63388.53395636604,56.25428517151765,14.0,1.0,0.0,0.0,1.0
80090.8888594982,1.0,45764.79934585657,26.407066026652814,16.0,1.0,1.0,1.0,1.0
134108.6622123316,1.0,84773.17666896412,35.78755920736738,12.0,2.0,1.0,1.0,1.0
13434.741624970571,0.0,35799.85626637719,53.417625989675926,13.0,3.0,1.0,0.0,0.0
210828.4828079067,1.0,159227.96861224185,52.88904039826481,13.0,2.0,0.0,0.0,0.0
141773.9056897285,0.0,39100.850301311424,38.886495158494604,10.0,2.0,0.0,1.0,1.0
153061.86568616575,1.0,50199.99698150554,30.447360169662467,15.0,4.0,1.0,0.0,1.0
100797.07058898953,0.0,48408.62165510635,59.727086906516675,13.0,3.0,1.0,1.0,1.0
271364.41231227596,1.0,187794.4129291527,49.55523542209926,15.0,2.0,0.0,0.0,0.0
153525.2259132833,1.0,94512.60783540508,25.11314918784529,17.0,1.0,0.0,0.0,1.0
216013.16471061428,1.0,110058.0211774734,44.721510561551895,16.0,2.0,0.0,0.0,1.0
72753.92970559106,0.0,60487.91631187357,32.0582919285167,17.0,3.0,0.0,0.0,0.0
344164.1557282395,1.0,161813.5548675686,39.06169237910596,12.0,3.0,1.0,0.0,1.0
83929.0359306002,1.0,38605.17032226121,62.369921659373404,16.0,2.0,1.0,1.0,1.0
199383.13464970113,1.0,105674.0557749208,45.85115291538635,15.0,2.0,0.0,1.0,1.0
84178.61780115563,1.0,75623.1210948327,49.898818984563206,17.0,4.0,0.0,0.0,0.0
79688.74530372917,0.0,41978.323754851044,37.12041373987218,14.0,3.0,0.0,0.0,0.0
195826.2412886674,1.0,146053.2376725804,55.03289723750502,10.0,4.0,0.0,1.0,0.0
122309.26740934176,1.0,37996.55894378684,55.718851682770406,12.0,2.0,1.0,1.0,1.0
127290.96715210356,1.0,107145.13523241371,34.245270417109076,14.0,2.0,0.0,0.0,0.0
109895.32096696776,1.0,69555.02381673834,61.011698034700714,17.0,2.0,0.0,1.0,1.0
182452.77032863733,1.0,106528.42293882137,60.23832221185234,14.0,3.0,1.0,1.0,1.0
309335.9210548839,1.0,137974.3107956553,59.318808973435274,16.0,2.0,1.0,0.0,1.0
94984.20698962019,0.0,48724.52678774745,38.34273886592766,14.0,2.0,0.0,0.0,1.0
139591.61845566833,1.0,53023.67612156247,42.83008269113613,18.0,1.0,1.0,1.0,1.0
95879.06070126843,1.0,58739.67405778692,48.15645193215607,14.0,1.0,1.0,0.0,1.0
59335.7040872318,0.0,43178.06880151059,48.50955716256614,14.0,4.0,0.0,0.0,0.0
284073.42774211307,1.0,182009.39988745435,44.95956861721979,12.0,5.0,1.0,0.0,1.0
115059.42722932826,1.0,91129.82174614721,32.83061228292246,13.0,2.0,1.0,0.0,0.0
33086.70254024967,0.0,29831.629955332894,28.272828563422113,14.0,2.0,1.0,0.0,1.0
83728.52768392106,1.0,82203.95181210284,46.45167031568239,14.0,1.0,0.0,0.0,0.0
191628.8768632263,1.0,87128.61233350348,54.67558486521591,13.0,3.0,0.0,0.0,1.0
42731.489859770234,1.0,50888.068344780746,35.6968941620561,14.0,3.0,1.0,0.0,1.0
50496.69956984375,1.0,19519.543677939306,37.008036137443895,14.0,1.0,1.0,0.0,0.0
79057.07744014054,0.0,78139.57719682458,43.95316865569865,13.0,2.0,1.0,0.0,0.0
77396.54219400094,1.0,52388.00203291018,45.54006505897348,15.0,2.0,1.0,1.0,0.0
113009.25246081475,0.0,70934.79516065112,40.363110662716565,13.0,6.0,1.0,1.0,0.0
91189.88892632845,0.0,43420.50991245152,27.29939092247503,17.0,3.0,0.0,0.0,0.0
-48272.858057819176,0.0,17366.19358934878,30.98784490430962,11.0,3.0,0.0,1.0,1.0
209296.00800347328,1.0,93516.67412955404,63.78901191739435,13.0,2.0,1.0,0.0,1.0
225225.2047619206,1.0,179738.47933907466,54.40230690359846,12.0,3.0,1.0,1.0,1.0
113281.98559281869,1.0,108139.74702943975,36.14975351796593,12.0,3.0,1.0,0.0,0.0
226145.82459859067,1.0,161356.35623159236,40.97795061384732,12.0,3.0,0.0,0.0,1.0
150465.88206887926,1.0,64377.087372734975,33.02107802276578,12.0,2.0,0.0,0.0,1.0
69155.61546174921,1.0,66695.0649179071,45.86637721481617,11.0,1.0,1.0,0.0,1.0
30017.857506714136,0.0,33296.101705739435,31.333899585476725,14.0,2.0,1.0,0.0,0.0
244300.73226158874,1.0,133702.0894866949,27.887485639320392,17.0,3.0,0.0,0.0,1.0
178819.8470856651,1.0,85043.13400797136,29.636722238265534,16.0,2.0,1.0,1.0,0.0
85845.20309934496,1.0,56397.24522513832,28.571461528673083,13.0,1.0,0.0,0.0,0.0
66161.57663295412,1.0,82384.24660314633,27.417874668119413,12.0,2.0,1.0,0.0,1.0
138599.52294006778,0.0,46886.50653219471,28.236362116739702,16.0,1.0,0.0,1.0,0.0
-4751.087401600707,0.0,29355.829105837285,29.48187615740086,15.0,4.0,1.0,0.0,1.0
89743.90715608801,1.0,88607.71580004689,34.332105869031395,14.0,4.0,0.0,0.0,0.0
59764.15554833713,0.0,44486.52648091503,57.687358470179674,14.0,3.0,1.0,0.0,0.0
91936.91874659485,1.0,39747.49825006183,54.47645441386701,16.0,2.0,1.0,0.0,0.0
43517.21357901935,1.0,19564.5861782872,58.89941730412536,12.0,4.0,1.0,1.0,0.0
136985.1118425993,1.0,56313.08927045464,57.609447926622835,10.0,3.0,1.0,0.0,0.0
68906.48583636522,1.0,35914.710777637636,43.6187999227892,10.0,1.0,1.0,0.0,1.0
134705.3128032355,1.0,50952.39159018614,30.570326283626652,15.0,3.0,0.0,0.0,0.0
66507.78530113978,1.0,41719.21833836289,45.60320967476379,13.0,1.0,0.0,1.0,0.0
333523.5541759823,1.0,216519.52597432517,57.846492821049516,16.0,1.0,1.0,0.0,1.0
140200.24634144496,1.0,96306.46273171961,39.7490281629928,16.0,3.0,0.0,1.0,1.0
-2043.1713525631967,0.0,15760.734238710575,43.332083656994996,17.0,3.0,1.0,0.0,0.0
37448.298200286066,0.0,38109.172620746365,29.86379974918536,16.0,2.0,1.0,0.0,0.0
211522.95174036748,1.0,115023.17704743297,34.460683343541255,15.0,3.0,0.0,0.0,0.0
97890.83204645006,0.0,45821.94434008653,55.908316484984695,15.0,1.0,1.0,0.0,0.0
111671.50008948849,1.0,97889.98191535815,48.73432280565985,14.0,4.0,1.0,0.0,0.0
185137.63617183772,1.0,95834.45806807528,25.54538183154571,18.0,5.0,1.0,0.0,1.0
68138.09532253479,1.0,72614.69124323427,39.959302027347555,12.0,1.0,0.0,0.0,1.0
184203.1591899757,0.0,68773.87354106802,54.00615088920274,18.0,1.0,1.0,0.0,1.0
257154.85936941678,1.0,92307.45529346155,57.44930231522744,18.0,3.0,1.0,1.0,1.0
206834.5298690847,1.0,71774.71592987013,45.668147558691466,16.0,5.0,1.0,0.0,1.0
53375.62024276931,0.0,44224.29244230363,31.386359380330106,15.0,2.0,1.0,0.0,1.0
88913.62159098135,0.0,21915.706829347448,31.384947806413194,10.0,1.0,1.0,1.0,1.0
79462.22152226522,0.0,40818.45406468882,47.389125596653244,16.0,1.0,0.0,0.0,1.0
225110.29676736338,1.0,102058.32527532282,45.8147811365983,14.0,3.0,1.0,0.0,1.0
94723.96143290622,1.0,58323.73346479363,41.11061457376678,18.0,3.0,1.0,0.0,0.0
127573.28321775171,0.0,66500.19034677985,41.39676612260492,15.0,2.0,1.0,0.0,1.0
203911.94555407873,1.0,81674.62470072042,46.676498417351105,11.0,1.0,0.0,0.0,1.0
46737.93177839908,1.0,36992.39626785628,40.043589440653406,11.0,4.0,1.0,0.0,0.0
130150.33915259957,1.0,50686.42076299739,63.13318685916412,13.0,2.0,0.0,0.0,0.0
243960.22596970032,1.0,146734.03945383025,42.743447546410465,12.0,3.0,1.0,1.0,0.0
47119.49113827101,1.0,26300.328219462695,38.68684132966347,10.0,2.0,1.0,0.0,0.0
126459.30527844497,1.0,46918.3024552818,37.00855221306308,12.0,4.0,1.0,1.0,1.0
180236.04882368864,1.0,64185.91147034248,60.48662638225815,15.0,4.0,1.0,0.0,1.0
111873.42966738042,0.0,37598.943258845895,30.944076935202837,14.0,4.0,0.0,1.0,1.0
37579.88023136255,0.0,20048.265724147208,55.41555976028985,10.0,2.0,1.0,0.0,1.0
162538.37926411553,1.0,38351.72162986134,55.53949118643749,14.0,2.0,1.0,0.0,1.0
206036.1369050753,1.0,71495.07168595199,40.80814456100768,17.0,1.0,1.0,0.0,1.0
74987.89614215863,1.0,18682.45086678544,58.481504439443015,11.0,3.0,0.0,0.0,0.0
307066.926424057,1.0,183183.5778964448,49.23440233930885,16.0,3.0,1.0,0.0,1.0
78482.2181376593,1.0,42965.972092182164,31.558481897231143,18.0,2.0,1.0,0.0,0.0
61344.980816457726,1.0,65931.12953344373,27.669587683029697,13.0,2.0,1.0,1.0,0.0
186260.5795168071,1.0,77792.71382111796,33.14159567195043,14.0,4.0,1.0,0.0,1.0
216505.12961668655,1.0,108914.98377567357,48.02427259965522,15.0,1.0,1.0,0.0,1.0
52412.28168339707,0.0,23083.434035211656,29.105447036430057,11.0,4.0,1.0,1.0,1.0
48592.708025440304,1.0,28379.93974778018,52.61478734775328,15.0,1.0,1.0,1.0,0.0
100492.90573323239,1.0,72127.69119073379,35.98253821680606,17.0,2.0,0.0,1.0,1.0
35947.02693166785,0.0,43787.00303705205,43.05908420404583,15.0,4.0,1.0,0.0,1.0
495691.3736872112,1.0,340578.6532937855,53.018338970449264,14.0,2.0,1.0,1.0,1.0
185121.10971166886,1.0,158629.39967274218,46.007708241564686,17.0,3.0,1.0,1.0,1.0
119988.30040993972,1.0,50606.00421627025,57.336296065386996,12.0,2.0,1.0,1.0,0.0
139721.60534314593,1.0,90711.25783453714,30.50516086253678,13.0,2.0,0.0,1.0,0.0
274049.053204698,1.0,159164.11121648675,62.49964681841464,13.0,1.0,0.0,0.0,0.0
131311.701295962,1.0,90585.57767964285,61.58911066992624,13.0,2.0,0.0,0.0,0.0
209379.44711550415,1.0,152448.75009462584,42.57255142489268,13.0,4.0,1.0,0.0,1.0
195102.43060154084,1.0,113135.9099710393,39.89450018805676,17.0,3.0,1.0,0.0,1.0
69234.92431312114,0.0,43556.62706038503,47.102151728322326,17.0,4.0,1.0,0.0,1.0
157450.04039317695,1.0,62948.54014358453,39.27863593785989,11.0,3.0,1.0,0.0,1.0
144622.5592027018,1.0,33775.50012296369,60.242396038788975,16.0,1.0,0.0,0.0,0.0
105803.13087520731,0.0,51948.86415688741,28.334134333401426,11.0,2.0,1.0,0.0,1.0
128723.7896156479,1.0,43343.12923631673,51.03954174122977,16.0,2.0,0.0,0.0,0.0
127388.2435283107,0.0,71127.93955638865,45.02655527046193,13.0,2.0,0.0,0.0,0.0
-3819.2075165855495,1.0,33085.01715264397,47.15513128629359,12.0,2.0,0.0,0.0,0.0
154064.94725645403,0.0,45250.86459950222,54.46459543232723,13.0,3.0,1.0,1.0,0.0
304988.44574007427,1.0,86999.17124536117,54.029817758099554,15.0,1.0,1.0,0.0,1.0
10267.00822245215,0.0,28572.729208188975,41.493753384208816,17.0,2.0,0.0,0.0,0.0
138584.03658222719,0.0,73985.51682224032,60.19306272953591,17.0,3.0,1.0,0.0,1.0
106269.99107526438,1.0,77668.1598221942,42.36633012495325,14.0,3.0,1.0,1.0,0.0
23588.636105551454,0.0,39435.432471877866,56.10754683691726,10.0,2.0,1.0,0.0,0.0
99190.60773290365,1.0,102886.469821894,27.154661089974134,17.0,3.0,1.0,0.0,1.0
42669.65468639531,1.0,44271.64493980316,38.68655294197822,15.0,5.0,1.0,0.0,0.0
103106.27523389854,1.0,62053.34953209314,51.63300014701175,14.0,3.0,0.0,0.0,1.0
162674.2537731096,0.0,75470.26682833924,51.28492530568691,16.0,3.0,1.0,0.0,0.0
-5036.388037051045,0.0,60493.29402577661,39.51567559434979,11.0,4.0,0.0,0.0,0.0
60298.43694521187,1.0,46599.50466869622,54.90637794634421,13.0,3.0,0.0,1.0,0.0
32210.241850290447,0.0,69720.2850657937,53.24518532018982,15.0,2.0,1.0,0.0,0.0
166642.67316233713,0.0,39659.212753067215,34.24555065334853,10.0,3.0,1.0,0.0,1.0
73129.3928798028,1.0,45869.53198215636,30.732873435820544,16.0,4.0,1.0,1.0,1.0
148735.9588396205,1.0,78545.51183221472,42.12418747681119,15.0,2.0,1.0,0.0,1.0
138997.9155623182,1.0,110429.49286480842,41.18942675060341,10.0,3.0,1.0,0.0,1.0
182946.5337659955,1.0,118871.77804121024,51.19382192498918,14.0,1.0,1.0,0.0,0.0
262405.4882235122,1.0,187243.1662665138,49.96963883371897,12.0,2.0,0.0,0.0,0.0
88929.64015524132,1.0,81105.53373911687,41.202021049388264,15.0,2.0,0.0,1.0,1.0
135545.60573671653,0.0,72944.56851375075,43.20364529387098,12.0,2.0,1.0,0.0,0.0
22853.57699796625,0.0,35910.26727768371,63.18493246867824,13.0,5.0,1.0,1.0,1.0
-32232.139237893898,0.0,21082.48968102791,56.066015247601264,13.0,5.0,1.0,0.0,1.0
117272.30543500402,1.0,36398.18947390149,60.64313853744922,15.0,3.0,0.0,0.0,1.0
85593.04567853865,0.0,66772.78251927398,34.862267997098215,15.0,3.0,1.0,0.0,1.0
98803.35671498023,1.0,70616.31615401943,28.762818770634468,17.0,1.0,1.0,0.0,1.0
251500.29654347512,1.0,116368.28921350278,54.87696814670329,14.0,2.0,0.0,1.0,1.0
15236.062465475552,1.0,30972.094560819765,26.09569306493842,11.0,3.0,1.0,1.0,0.0
-1147.2602341811871,1.0,58017.77655165854,41.41803073095642,14.0,2.0,1.0,0.0,0.0
91435.6703282007,0.0,46946.448319162024,48.191171459242696,14.0,1.0,1.0,0.0,1.0
127588.51558524035,1.0,77059.10351661089,43.496657315505125,15.0,2.0,1.0,1.0,1.0
77258.05267718062,1.0,51892.020396009604,42.4341957773081,11.0,1.0,1.0,1.0,1.0
127527.01450930045,0.0,88500.34844694415,51.332909341166605,12.0,1.0,0.0,1.0,0.0
-29751.432359927196,0.0,21889.273103643194,25.664345519283714,13.0,4.0,1.0,1.0,0.0
-20926.13273099087,0.0,10000.0,60.713804786353855,13.0,1.0,1.0,0.0,1.0
23996.689538367285,0.0,37247.93557351157,34.88958579538869,12.0,5.0,1.0,1.0,1.0
32240.26234914967,1.0,44430.49374270958,41.7782315857216,12.0,4.0,1.0,1.0,0.0
153785.41079795882,1.0,81604.9739928268,30.070679606579027,15.0,1.0,1.0,1.0,0.0
148014.78609589796,1.0,92173.44097427414,50.80417430155802,13.0,3.0,1.0,0.0,0.0
154289.70232148728,1.0,127862.49538724447,56.407463055322154,17.0,3.0,0.0,1.0,0.0
117981.44080757524,1.0,51370.62378068694,34.835874786123576,16.0,5.0,1.0,1.0,1.0
108307.03316022504,1.0,62835.561847716686,42.66053188548857,14.0,1.0,1.0,0.0,0.0
35852.089737205446,1.0,36049.280984122204,48.52355325763844,12.0,4.0,0.0,0.0,1.0
143205.71428802033,0.0,64095.72812454662,41.50566599080541,12.0,1.0,1.0,0.0,1.0
189433.28100357586,1.0,135294.0822726949,50.848581471873146,11.0,4.0,1.0,1.0,0.0
171325.16811129506,1.0,91185.99406916028,40.84287731759605,11.0,1.0,0.0,1.0,1.0
134844.57057745729,1.0,77640.28580211602,51.03227476932379,14.0,4.0,1.0,1.0,1.0
58488.79909307383,1.0,27915.924617164095,52.05327066676265,15.0,1.0,1.0,1.0,0.0
190546.84565796526,1.0,114106.87432127327,60.961592758852845,15.0,3.0,1.0,0.0,1.0
91693.38477226962,0.0,71681.32632372704,26.34403075452649,14.0,6.0,1.0,0.0,0.0
143327.92392440484,1.0,94881.69596411684,60.97421843221409,14.0,5.0,1.0,0.0,1.0
116235.84002459167,1.0,50311.27211683457,57.49249785137682,11.0,2.0,0.0,0.0,0.0
162807.76434751344,1.0,141240.1668400605,31.197844009541242,15.0,2.0,1.0,0.0,0.0
57383.54876794315,1.0,20782.575975095107,36.28442547533301,15.0,2.0,1.0,1.0,1.0
109214.83173634534,1.0,56609.89789071328,35.17741904948839,15.0,1.0,0.0,1.0,1.0
107200.64763982395,1.0,66501.97133740819,54.126656958812205,11.0,4.0,1.0,0.0,1.0
137789.55714597012,1.0,57626.58537932335,62.22900550565385,12.0,3.0,1.0,0.0,1.0
101715.38108080887,0.0,37304.11017127607,50.54762678995114,16.0,1.0,0.0,0.0,0.0
109945.1909921225,0.0,73686.15770295066,35.16094756666632,17.0,1.0,0.0,0.0,1.0
282841.38033564814,1.0,204636.56824474412,57.79828410247828,13.0,2.0,0.0,0.0,0.0
89163.1736095906,1.0,41711.66316701267,27.812088950379984,13.0,2.0,1.0,0.0,0.0
149126.42362064458,1.0,48001.32507101901,62.82174560793867,11.0,3.0,1.0,0.0,1.0
86687.20573968266,1.0,86748.56796944063,26.731678577901064,14.0,3.0,0.0,0.0,0.0
71085.62777690134,0.0,37110.05683897649,42.12873421451316,14.0,2.0,0.0,0.0,0.0
970.9165602299618,1.0,33874.740080954805,28.92603648683434,12.0,3.0,0.0,0.0,0.0
121268.17587524875,1.0,82566.52414170819,32.522598804235265,11.0,1.0,0.0,0.0,1.0
108461.31490281466,1.0,51161.250103585866,59.7765638722051,11.0,1.0,1.0,0.0,1.0
27558.460274364785,1.0,25641.972583437295,47.411238515637784,12.0,2.0,1.0,0.0,0.0
92201.83729935155,1.0,79162.65586212723,45.351377289617716,14.0,6.0,0.0,1.0,0.0
185982.75365913022,1.0,94211.99981289273,45.272482344696996,13.0,2.0,0.0,0.0,1.0
106346.72783418672,1.0,32509.70271889844,62.54776326205893,15.0,2.0,1.0,1.0,1.0
155262.70083324515,1.0,118086.69164745466,46.82045653464655,11.0,1.0,1.0,0.0,0.0
-9617.081480517892,1.0,28737.094838542045,27.464896861644633,10.0,3.0,1.0,0.0,1.0
64524.89420980303,1.0,61930.89699874929,49.383637176089984,12.0,4.0,0.0,0.0,1.0
77676.56500953526,0.0,39050.1803153865,37.0003551716033,11.0,2.0,1.0,1.0,0.0
41222.686394298464,0.0,30518.824044990775,26.045816972757876,16.0,1.0,0.0,1.0,1.0
306484.6098202963,1.0,157440.31069739698,44.78337375275619,18.0,1.0,1.0,0.0,0.0
99686.23686651015,0.0,49963.19430574897,52.706621082064316,10.0,2.0,0.0,0.0,1.0
15477.826015449466,0.0,29482.06378869016,33.65342801022113,10.0,1.0,0.0,0.0,0.0
23524.330280087936,1.0,18538.873343714484,43.50806383395048,18.0,4.0,0.0,1.0,1.0
107333.22916775719,1.0,46079.95354746558,52.98776996526166,11.0,3.0,1.0,1.0,1.0
129209.978239344,0.0,29129.54315505308,50.75283684240461,12.0,2.0,0.0,0.0,1.0
139923.46003631887,0.0,50714.42698278492,63.07898149633798,13.0,2.0,0.0,0.0,0.0
173496.8741654284,1.0,99949.27480515337,47.666901424919615,17.0,4.0,1.0,0.0,0.0
26896.06118515759,1.0,27238.37335552879,38.719335566075316,12.0,5.0,1.0,0.0,1.0
140894.93708608902,1.0,89126.3241788951,30.626099659680428,14.0,1.0,0.0,1.0,1.0
77168.4023723675,1.0,56396.058570099245,40.498455577139744,16.0,1.0,1.0,0.0,0.0
64482.86597529899,1.0,33323.919998548416,38.187202328176994,15.0,2.0,1.0,0.0,1.0
222401.75741078716,1.0,120303.76738387113,45.1287366007802,17.0,2.0,1.0,0.0,0.0
128669.0921708991,1.0,56882.82536594118,28.246100540325923,15.0,1.0,0.0,1.0,0.0
-23058.339667956498,0.0,10638.063512564195,47.02928725563921,12.0,2.0,1.0,0.0,0.0
127718.1843905582,1.0,77629.03810734178,33.27218087255875,16.0,1.0,1.0,1.0,0.0
103074.96315077592,1.0,73831.5065632199,34.66853243802603,18.0,5.0,1.0,0.0,0.0
90819.94197889262,0.0,71829.76219292144,36.118772090046654,11.0,2.0,1.0,0.0,0.0
133650.4825848076,1.0,58867.60608306162,34.60369537438122,15.0,3.0,1.0,1.0,0.0
195315.6695706874,0.0,54799.790894013226,45.37850985784393,17.0,2.0,1.0,0.0,0.0
118833.53135294611,1.0,51701.51077636433,43.21979449333305,16.0,2.0,0.0,1.0,0.0
160317.1875718874,1.0,55165.36680885759,40.307830515145994,13.0,2.0,0.0,0.0,1.0
147862.3640312731,1.0,56204.39318538763,27.66375103158834,16.0,2.0,1.0,0.0,1.0
156843.75577471816,1.0,109797.02839314929,61.51801861224523,13.0,2.0,0.0,1.0,1.0
20499.814846514273,1.0,30092.966184208257,26.16764323904294,14.0,4.0,0.0,1.0,0.0
104942.54920557725,1.0,45471.8947696052,60.80167651821862,15.0,2.0,1.0,0.0,0.0
132803.07594242037,0.0,109358.29175108958,34.261945413105835,16.0,2.0,0.0,0.0,0.0
111203.0749070163,1.0,59572.12332445133,34.933761867204105,12.0,1.0,0.0,0.0,1.0
52046.65743951198,1.0,73023.72071479938,61.69828797940703,10.0,3.0,1.0,0.0,0.0
101294.14727428602,1.0,94017.56943222534,42.14007692524318,13.0,5.0,1.0,1.0,0.0
64226.145008779014,0.0,43345.92507612324,43.18482213523149,13.0,3.0,1.0,0.0,0.0
357918.7981093356,1.0,217562.45133780557,32.07154978562431,17.0,2.0,1.0,0.0,1.0
164810.5348021204,1.0,43671.813107543414,39.53082272166972,15.0,3.0,1.0,1.0,1.0
52083.64041326394,0.0,49366.55128531739,43.45483277828699,14.0,3.0,1.0,0.0,0.0
-21478.451405491716,1.0,30818.147940431234,43.67960259063526,12.0,4.0,1.0,1.0,1.0
167923.82303852335,1.0,59083.778175186446,60.7778769002967,17.0,4.0,0.0,0.0,0.0
154323.19378577135,1.0,68186.713981944,61.56153998682399,15.0,4.0,1.0,0.0,0.0
120304.48751967968,1.0,81435.87576179155,55.13949623302453,18.0,2.0,0.0,1.0,1.0
94231.32265204412,1.0,58958.26538431519,57.18752012764487,13.0,6.0,0.0,0.0,0.0
170578.8224212483,1.0,63510.01206905137,57.150035184642896,11.0,1.0,1.0,0.0,1.0
57883.67900991476,1.0,75369.30012888458,52.50769541819218,14.0,1.0,0.0,1.0,1.0
67936.94354290281,0.0,64841.99365461836,36.61382646091799,14.0,2.0,0.0,0.0,1.0
21220.577413612424,0.0,15124.12183161591,47.89345678954097,13.0,1.0,1.0,1.0,0.0
164882.90262041867,0.0,88092.38363388469,52.06246553832038,15.0,2.0,0.0,0.0,0.0
136202.29368091954,1.0,65918.48536487967,41.76197153929772,11.0,2.0,1.0,0.0,1.0
160618.09808404205,0.0,67054.27637462056,26.764408704853444,14.0,4.0,1.0,1.0,1.0
117267.80991193373,1.0,86049.53899288975,48.30088879631802,13.0,2.0,0.0,1.0,0.0
52748.04198173131,1.0,94412.57099992817,38.486678426407266,10.0,3.0,1.0,0.0,1.0
-11800.293214858146,1.0,41888.294783369456,52.56274990979252,19.0,3.0,1.0,0.0,0.0
188191.77496713333,1.0,80187.12019586383,25.762757116664684,16.0,2.0,1.0,0.0,1.0
214023.6302813786,1.0,77126.66734043905,45.02250755208304,15.0,5.0,0.0,1.0,1.0
147167.74698906078,1.0,106746.81689093917,39.74441572438347,17.0,2.0,1.0,0.0,0.0
143216.17337514975,1.0,63129.17297269584,48.1961134357325,13.0,1.0,1.0,0.0,0.0
178585.2373055154,1.0,104542.37755711407,33.81895471487682,15.0,1.0,1.0,1.0,1.0
44086.62746703202,1.0,49654.70920166268,35.56948166384163,13.0,1.0,1.0,0.0,1.0
83147.94416004833,1.0,79392.32367722044,45.06024464952466,12.0,3.0,0.0,0.0,1.0
126309.31750477411,1.0,56270.485488405306,52.79878329736963,10.0,6.0,0.0,0.0,0.0
120040.15178249317,1.0,29890.84024487899,46.735648187817375,11.0,1.0,1.0,1.0,1.0
75052.17175529245,1.0,53735.93877488736,45.155509033191336,15.0,6.0,1.0,0.0,1.0
174365.2707833537,0.0,60150.3795740078,50.10121516990084,11.0,1.0,0.0,1.0,1.0
72513.04196220978,0.0,14168.8216246153,41.925654802591055,14.0,3.0,0.0,0.0,1.0
176434.98624680622,1.0,117563.45211049363,39.643650968760724,10.0,1.0,0.0,1.0,1.0
125999.09400957685,0.0,65605.27598333909,62.67414670218981,13.0,2.0,1.0,1.0,1.0
179644.4221824394,1.0,79474.05755613612,57.92293853743233,16.0,1.0,0.0,0.0,1.0
79719.0918895733,1.0,39820.701376487465,44.71036826466506,14.0,5.0,1.0,0.0,1.0
211753.78202169636,1.0,97792.17823831065,61.9043171245769,10.0,2.0,1.0,1.0,1.0
197933.4377511196,1.0,144529.23542836242,58.56096665905827,16.0,3.0,1.0,0.0,0.0
35164.856115478426,1.0,71735.29906389561,26.720121939042613,12.0,1.0,0.0,0.0,0.0
218793.26716762432,1.0,134786.96953450236,60.66812171859627,16.0,2.0,0.0,1.0,1.0
212965.95578169034,1.0,104900.83790096214,62.5647198654392,16.0,3.0,1.0,1.0,0.0
223610.07498825077,1.0,165753.5571328651,47.380786708128056,14.0,3.0,0.0,1.0,0.0
216955.9472301565,1.0,64529.92164743327,48.20201129111264,17.0,4.0,1.0,0.0,0.0
73138.92609077,1.0,75107.54548043256,33.16168897137742,16.0,2.0,1.0,1.0,0.0
178698.31896650328,1.0,119529.34823684284,34.34853070629727,13.0,1.0,1.0,0.0,1.0
85961.14792771888,1.0,28759.287055019144,47.91073739494253,13.0,2.0,1.0,1.0,0.0
84707.26890850357,1.0,64862.4317871659,44.76290294156428,12.0,3.0,0.0,1.0,1.0
253620.40957996,1.0,149203.11906492736,53.477921558465596,15.0,3.0,1.0,1.0,1.0
158429.78165837147,0.0,65078.448918423615,50.55458014926862,13.0,3.0,0.0,0.0,1.0
220981.03648241336,0.0,92721.4321039195,41.58685227773681,16.0,3.0,1.0,1.0,1.0
333681.8654574682,1.0,172738.5016434763,49.70645363507598,15.0,4.0,1.0,1.0,1.0
114736.9125235814,1.0,70167.0540510287,56.87733096268379,14.0,4.0,0.0,0.0,0.0
76716.25357161596,1.0,67892.00800028794,59.47969384492621,12.0,3.0,1.0,0.0,1.0
193069.89326992887,1.0,93461.13235948267,40.23439024428881,15.0,4.0,1.0,0.0,1.0
90902.60266636129,1.0,59784.675774244184,54.794199233214044,12.0,3.0,1.0,0.0,0.0
-612.8659660092744,0.0,25732.12810942652,40.67440526387992,13.0,2.0,0.0,0.0,1.0
77585.1563824569,1.0,41279.66698391828,45.82110249966546,14.0,2.0,1.0,1.0,1.0
108820.59710303994,1.0,63407.3825200544,41.21829677591643,12.0,1.0,0.0,1.0,1.0
27845.739884366812,1.0,36806.875965078856,60.884224827684754,13.0,1.0,1.0,0.0,0.0
10133.284883453667,1.0,40058.15814562927,34.32625732602844,10.0,3.0,0.0,1.0,0.0
-2779.1823370577513,1.0,23892.63792776218,33.33548124548151,11.0,3.0,1.0,0.0,0.0
36081.121940674515,1.0,67882.9384513391,25.545849796126905,16.0,3.0,0.0,0.0,0.0
159955.26579665524,1.0,44870.247768148765,43.73279777786155,18.0,3.0,1.0,1.0,0.0
24937.754472347442,1.0,60373.983004192785,28.260337065656646,13.0,6.0,1.0,0.0,1.0
29726.57100359398,0.0,33858.62240465,39.16724102361043,12.0,1.0,1.0,0.0,1.0
237158.11929439,1.0,165239.05859927344,54.28840675210573,14.0,2.0,0.0,0.0,1.0
151136.34648739194,1.0,67112.78243632402,56.54788460926015,14.0,6.0,1.0,0.0,1.0
120931.8670915918,1.0,69120.95869284334,58.26426900459866,17.0,4.0,1.0,0.0,0.0
51488.17171815789,1.0,42416.060056372386,43.781174208764135,12.0,1.0,1.0,0.0,1.0
101249.09439172302,1.0,35394.26933419569,31.687439198041922,15.0,1.0,0.0,0.0,1.0
287062.30911520036,1.0,148192.3790835364,35.992720627100326,16.0,2.0,0.0,1.0,0.0
202620.24464085174,0.0,83624.64685158247,46.94385121140746,13.0,2.0,1.0,1.0,1.0
178309.37825339026,0.0,65723.5616602048,51.16626399516386,16.0,2.0,1.0,1.0,0.0
215127.9041215152,1.0,87055.87949415538,39.84704984178471,12.0,2.0,1.0,1.0,1.0
35851.89974710085,1.0,24261.154469296358,52.89238224376864,17.0,2.0,0.0,0.0,1.0
18988.17471995639,1.0,49666.18723187328,35.790514149884785,14.0,3.0,1.0,0.0,0.0
97906.45877222868,0.0,84153.56159271247,26.720141047733733,13.0,2.0,1.0,1.0,1.0
109713.81211935448,1.0,39529.6639986354,36.168225911718594,17.0,5.0,1.0,0.0,0.0
64877.82166593704,1.0,47702.25678676789,62.14642287406915,18.0,3.0,1.0,0.0,1.0
127518.71156891782,1.0,96319.6245896944,51.78905853536378,15.0,3.0,1.0,0.0,1.0
52813.57911610336,1.0,63724.151883279104,42.80237367024228,16.0,2.0,1.0,0.0,0.0
66485.0921905046,0.0,52033.429933873165,49.64936239579038,12.0,1.0,0.0,1.0,1.0
173473.62473705376,1.0,83277.29839219326,43.44009596881419,12.0,4.0,1.0,0.0,0.0
130940.47448259316,1.0,76755.53049034912,35.487947920152735,14.0,3.0,0.0,1.0,0.0
74934.7111245855,1.0,54931.46307458041,34.00097950085909,15.0,6.0,1.0,0.0,0.0
180700.9533771877,1.0,47709.69276822503,48.01453422548358,20.0,2.0,1.0,1.0,1.0
18984.12666029646,0.0,33155.68912535593,39.30614201751361,12.0,3.0,1.0,0.0,1.0
76886.53397045512,1.0,48931.0158208076,47.435746653576594,12.0,4.0,1.0,0.0,1.0
40300.12498415833,0.0,24374.064502540015,58.18947810158748,16.0,4.0,0.0,0.0,0.0
-71732.43172608258,0.0,18344.380173206722,27.67303077183647,15.0,4.0,1.0,0.0,1.0
41921.73341303728,1.0,51488.38209469881,29.77519148407226,12.0,3.0,0.0,0.0,0.0
160355.55234035535,1.0,120136.10192650504,31.476164028656004,10.0,2.0,1.0,0.0,1.0
76263.34027582245,1.0,28700.08035163985,57.639811692802404,14.0,2.0,1.0,0.0,1.0
280861.52056783135,1.0,167598.8984451106,57.304071988549374,14.0,2.0,0.0,1.0,0.0
78377.35365404432,1.0,44557.79344626612,44.025181892503284,11.0,2.0,0.0,0.0,1.0
158984.40527289992,1.0,85159.21770175996,53.086284140103274,15.0,3.0,1.0,0.0,1.0
316240.7789264313,1.0,128632.81609387392,44.78152152903273,14.0,1.0,0.0,1.0,1.0
32041.269294333844,0.0,25992.1635054299,58.13337845800664,15.0,1.0,0.0,1.0,1.0
233415.17831644622,1.0,133482.7721541324,46.39223136720432,17.0,3.0,1.0,0.0,1.0
159526.67195237294,1.0,72577.14576667306,43.043182775546754,17.0,3.0,1.0,0.0,0.0
230511.8603508305,1.0,115607.05306820756,47.14029566856717,15.0,2.0,1.0,1.0,1.0
295682.478389406,1.0,129020.47231283547,44.293167475516,14.0,3.0,1.0,1.0,1.0
183869.4165864524,1.0,84507.10160527933,49.06605523994848,16.0,5.0,0.0,1.0,1.0
53345.81014405505,1.0,41377.332384149544,32.630994595174194,13.0,3.0,1.0,0.0,1.0
26933.868838551847,1.0,96447.30758708592,25.86672103660279,14.0,2.0,0.0,0.0,1.0
114304.36903156187,0.0,46823.1225796393,60.69317382606595,11.0,5.0,0.0,0.0,1.0
225749.4662683149,1.0,63259.72078908744,43.09850004481831,14.0,2.0,0.0,1.0,1.0
101541.61264084277,1.0,45691.2398407013,54.153181946206516,14.0,3.0,1.0,0.0,1.0
116650.19279940445,1.0,128831.67644596685,39.73921196439119,14.0,3.0,0.0,0.0,0.0
329670.3748454614,1.0,187107.2784893623,56.96822970259352,15.0,1.0,0.0,0.0,0.0
113880.95450389222,1.0,97374.04297646838,54.33270496296831,16.0,4.0,1.0,0.0,1.0
325306.3108344867,1.0,160411.83042434207,57.482049657215306,13.0,2.0,1.0,1.0,1.0
55069.16205223565,1.0,19910.44049990236,54.65536165497272,11.0,2.0,0.0,0.0,0.0
53670.57062497029,0.0,47533.46829020536,26.09465907353397,13.0,4.0,1.0,0.0,1.0
49065.824814449006,1.0,43112.83697367655,44.739913294373416,13.0,1.0,1.0,0.0,0.0
105204.19779450496,1.0,88210.7145273065,58.03856495362817,14.0,2.0,1.0,0.0,0.0
165365.07490956725,1.0,79513.42805163596,58.84640724926563,15.0,5.0,1.0,0.0,1.0
-53257.284355587384,0.0,18416.15755867656,48.49994732232307,12.0,3.0,1.0,0.0,1.0
27454.5635035097,0.0,22059.425888330043,59.774075228466636,10.0,1.0,0.0,0.0,0.0
125374.03553038227,1.0,90728.84122264748,48.59111619031005,11.0,4.0,1.0,1.0,1.0
138285.7292117544,1.0,128362.82710278618,51.55331897245487,16.0,3.0,1.0,0.0,1.0
209140.28036819544,1.0,65927.3513447408,39.80019854921603,16.0,2.0,1.0,0.0,0.0
165456.1704394415,0.0,152462.03154453402,28.9806033227917,13.0,2.0,0.0,0.0,1.0
86171.4698194869,0.0,22682.332381115146,55.34375315029232,16.0,3.0,0.0,0.0,1.0
199250.41026977304,1.0,89368.2313315144,28.72181845773932,16.0,4.0,1.0,0.0,1.0
124349.90221403302,1.0,79043.16661672293,25.57509745687438,17.0,3.0,0.0,0.0,1.0
118163.56170874384,1.0,81374.8075075663,41.67957642481175,13.0,1.0,0.0,0.0,0.0
95904.97661205489,0.0,17656.8834356751,38.32822331995119,17.0,2.0,1.0,1.0,1.0
272259.06978017173,1.0,138679.39551551567,59.593466132154546,18.0,2.0,1.0,0.0,1.0
180503.2357849451,1.0,60365.72518527422,47.98484979419723,10.0,3.0,0.0,1.0,1.0
23024.560271462782,1.0,33526.39226132513,56.32747143843105,18.0,4.0,1.0,0.0,0.0
98924.87898703838,1.0,104907.46434591048,29.915704247209387,16.0,2.0,0.0,0.0,1.0
166218.831605833,1.0,71961.49634835892,39.4096336625939,17.0,4.0,1.0,0.0,0.0
124198.53261493394,0.0,44360.70129308456,50.6496258463209,16.0,2.0,1.0,0.0,0.0
96747.71104952222,1.0,62776.60508208104,62.00715588356391,12.0,1.0,1.0,0.0,1.0
235851.62268174574,1.0,189105.67881413124,32.73687147372407,14.0,2.0,1.0,1.0,0.0
108381.5360106543,0.0,55042.07285252247,48.680478258143566,13.0,2.0,0.0,1.0,1.0
151907.8623900382,1.0,77814.05754461866,47.79779331651635,20.0,4.0,0.0,0.0,0.0
140963.55976557237,1.0,56363.75961964943,54.486335414155114,16.0,2.0,0.0,0.0,0.0
133288.9129104733,1.0,65696.06148413086,34.16749040636132,15.0,2.0,1.0,0.0,0.0
24861.348890786045,1.0,66925.26441862826,62.63242093733949,13.0,2.0,1.0,0.0,0.0
180031.72248952807,1.0,141107.537742035,52.912459454225846,12.0,2.0,1.0,1.0,0.0
43506.58632633456,0.0,37416.99075253725,27.47623698388738,13.0,3.0,1.0,0.0,0.0
145145.30110904848,0.0,32583.127436746836,60.746563509303726,15.0,2.0,0.0,0.0,1.0
121759.84678817834,1.0,40414.29164726446,56.505812203939996,16.0,3.0,0.0,0.0,0.0
233535.53806855122,1.0,150671.5621965724,46.33667654668939,13.0,1.0,1.0,0.0,1.0
35028.11912874998,1.0,23737.61360012952,50.554615747549406,15.0,3.0,0.0,0.0,1.0
98992.39099012541,0.0,70029.53702794334,40.34561875300541,16.0,1.0,1.0,0.0,0.0
78428.22022567753,0.0,26633.74125593814,25.161359250224905,13.0,1.0,1.0,1.0,0.0
75861.67207406736,1.0,35644.59381692159,56.60090357202479,19.0,1.0,0.0,0.0,0.0
193676.17049672778,1.0,146495.37392677405,44.11426428598461,12.0,5.0,1.0,1.0,0.0
-12111.46458861354,0.0,29002.130025628583,60.884523834128984,10.0,3.0,1.0,0.0,1.0
246344.8556247257,1.0,73742.30573844876,58.6030758727002,14.0,2.0,1.0,1.0,1.0
31994.81367351833,1.0,36047.54705681649,29.912926083859148,14.0,2.0,0.0,1.0,1.0
177282.72871638468,1.0,50604.74436968344,53.04768903176739,17.0,3.0,0.0,0.0,1.0
282501.5448507747,1.0,161191.47669969726,27.765376344343622,13.0,4.0,1.0,0.0,1.0
200392.96601819858,1.0,85747.48102712624,54.81206404625316,13.0,3.0,1.0,0.0,0.0
133498.91425109035,1.0,76244.42450661234,57.85015098910088,14.0,4.0,1.0,0.0,1.0
110123.99939344043,1.0,34528.34566246903,43.191576270363925,17.0,2.0,0.0,0.0,0.0
188533.30351475382,1.0,51722.78746675851,25.50364734167869,18.0,1.0,0.0,1.0,1.0
62164.01658768777,1.0,43824.30451918576,49.33316725114106,13.0,4.0,0.0,0.0,0.0
-23564.362279339337,1.0,31977.45429395304,36.15256806950603,14.0,3.0,1.0,0.0,0.0
190213.34457817196,1.0,107149.96065409265,42.318224764625036,12.0,3.0,1.0,0.0,1.0
145393.06792970427,1.0,54893.29071286919,48.65244546606007,14.0,2.0,1.0,0.0,0.0
208464.62273268367,1.0,96690.44863700471,61.00483720672767,16.0,1.0,1.0,0.0,1.0
94433.88659887026,1.0,57510.50017315379,26.142688347126143,11.0,4.0,1.0,0.0,1.0
39767.50988551738,0.0,39985.21754664208,36.71100952847633,15.0,4.0,1.0,0.0,0.0
94184.81813923619,0.0,32728.375638662023,39.62391324755687,12.0,3.0,1.0,1.0,0.0
176505.28602993986,1.0,57893.431716362225,48.80900610233009,16.0,3.0,1.0,0.0,1.0
73442.82942569863,1.0,34618.87233939918,42.93215994752059,13.0,2.0,1.0,0.0,1.0
100618.75340033852,1.0,75279.10185872909,44.940071047544336,13.0,3.0,1.0,0.0,0.0
284380.9737346685,1.0,160849.6108186975,45.39800918009014,14.0,5.0,1.0,1.0,0.0
73041.43022475342,1.0,36290.81119431163,44.27543117316809,13.0,3.0,1.0,1.0,0.0
18436.62986845531,1.0,37975.04668358094,42.09831266822556,14.0,1.0,1.0,1.0,0.0
40542.3265751303,1.0,54953.09399712965,26.829109816157995,12.0,2.0,1.0,0.0,1.0
262057.07618177208,1.0,150411.1719341463,54.532366867587186,14.0,5.0,1.0,0.0,1.0
197153.18382587732,1.0,71036.97722223104,61.61286179482445,16.0,2.0,1.0,0.0,1.0
51582.16377636308,1.0,44248.9867327869,37.78627442966014,11.0,2.0,1.0,1.0,1.0
291433.89990369754,1.0,135182.8646744332,45.594951529470066,12.0,2.0,0.0,1.0,1.0
72300.94940838328,0.0,59269.36871760258,34.75032325688234,15.0,2.0,0.0,0.0,1.0
-39998.24623579965,0.0,38969.12947393903,42.80789910123694,12.0,5.0,1.0,0.0,1.0
120836.09205488909,1.0,37518.985074651275,43.27948914924935,15.0,2.0,0.0,0.0,1.0
161838.25587537454,1.0,68313.03265965446,33.21762930872771,14.0,4.0,0.0,1.0,1.0
177834.48932826088,1.0,95946.8799756249,43.83295127552619,15.0,2.0,0.0,1.0,1.0
240455.775110989,1.0,91688.59392904943,30.336595861854985,16.0,2.0,0.0,0.0,1.0
47668.07700582089,0.0,17161.660153925124,31.075368276302815,13.0,2.0,0.0,0.0,1.0
211336.7734657932,1.0,134573.14319757387,25.649573702348988,13.0,1.0,1.0,0.0,1.0
57235.04293778815,1.0,56459.37448460333,54.7144438316714,14.0,6.0,1.0,0.0,0.0
128444.76302751235,1.0,74379.68148475954,45.087684793623545,15.0,3.0,1.0,1.0,1.0
192500.63267473757,1.0,86248.02029730406,36.52241770697093,12.0,1.0,1.0,0.0,0.0
100399.6352442666,1.0,16916.616609236153,36.00749953005239,15.0,1.0,1.0,0.0,0.0
245488.12206447043,1.0,216860.13649860283,58.705537952076554,12.0,5.0,1.0,0.0,0.0
111200.41550163626,1.0,109219.70404520267,61.16430312105255,15.0,6.0,0.0,0.0,0.0
31977.638624617328,0.0,44473.13004663233,41.396286511752066,13.0,1.0,1.0,0.0,0.0
4343.625755911101,0.0,10000.0,42.97829822319429,16.0,2.0,1.0,0.0,0.0
221676.31137571004,1.0,194504.90423011943,26.069654032965786,16.0,3.0,1.0,1.0,0.0
49473.123451156556,1.0,27362.969540792805,28.38232059884823,16.0,2.0,1.0,0.0,0.0
132853.60689476147,1.0,35358.5011601286,53.96613842922916,14.0,5.0,1.0,1.0,1.0
118132.63725997912,1.0,41956.53970449763,40.52816904663582,12.0,3.0,1.0,0.0,0.0
166919.98184680927,0.0,91909.7112572203,38.929044128361454,14.0,1.0,1.0,0.0,1.0
115567.13429916724,0.0,76933.37291340066,44.2327567516282,15.0,3.0,1.0,0.0,1.0
229025.01169373537,1.0,99432.71348248275,53.26805967857591,14.0,1.0,1.0,0.0,1.0
16872.33883535095,1.0,35323.806547140644,58.11494219342092,13.0,2.0,0.0,1.0,1.0
192842.94120217892,1.0,115704.29449081146,38.4138338125204,16.0,3.0,0.0,1.0,0.0
164437.54786634023,1.0,110300.85025051703,50.755536557085634,14.0,2.0,1.0,0.0,1.0
-38819.82276183626,0.0,32419.15034085698,32.46844110143183,13.0,3.0,1.0,0.0,1.0
79371.33525917021,0.0,76090.34016580528,42.51063434309045,13.0,4.0,0.0,0.0,1.0
175649.61937113164,1.0,64290.064776546846,43.93606644891737,14.0,2.0,1.0,0.0,1.0
102941.52478862181,1.0,61675.50209480651,49.16584819801075,15.0,2.0,0.0,1.0,0.0
122463.08788835879,1.0,49073.985731427805,56.0348916197003,17.0,3.0,1.0,1.0,0.0
85174.6170565215,0.0,61613.16972501767,43.10615909409215,10.0,1.0,1.0,0.0,1.0
137639.41776154976,1.0,38957.87477793947,63.75658023335912,13.0,3.0,0.0,0.0,1.0
130000.18695179251,1.0,89823.76653410484,56.339954345883264,15.0,4.0,1.0,0.0,0.0
19121.16402878044,0.0,27460.11103423669,31.400980327939333,14.0,1.0,1.0,0.0,1.0
45301.98352820473,0.0,27781.48086408129,34.6386254951281,15.0,2.0,1.0,0.0,0.0
150692.16493216925,1.0,90064.39345566595,50.972781444747135,14.0,2.0,0.0,1.0,1.0
88934.59808898589,1.0,45324.61965027369,30.02742961819026,14.0,2.0,1.0,1.0,0.0
204372.75419867394,1.0,98838.19202745649,45.380969391514775,16.0,3.0,1.0,0.0,0.0
19641.1238063786,0.0,51644.624246532905,44.169324278722854,12.0,4.0,0.0,1.0,0.0
19076.527837647598,0.0,26901.98039578697,56.495201046988825,14.0,1.0,1.0,0.0,0.0
-55286.182858208165,0.0,10991.087284468016,44.31690946476603,14.0,4.0,0.0,1.0,0.0
211807.96811081335,1.0,85320.3856995535,50.32840221129908,11.0,1.0,1.0,1.0,0.0
137022.66019312743,1.0,75622.50413659068,57.789449645255175,11.0,1.0,0.0,1.0,0.0
203147.90225589485,1.0,137114.3549826185,57.13524775260276,16.0,1.0,1.0,0.0,1.0
62590.13713881849,0.0,56382.836600633564,51.09871273829625,13.0,1.0,1.0,0.0,0.0
63662.63574638632,0.0,28262.118312051494,25.042409493329334,15.0,2.0,1.0,0.0,0.0
273791.20343218057,1.0,133237.55353457545,37.09830877825037,13.0,3.0,1.0,0.0,1.0
149926.19952266855,1.0,38802.28249464368,42.32003836723394,12.0,2.0,0.0,0.0,1.0
139561.89493083418,1.0,71271.75152045839,36.61533826764661,12.0,3.0,0.0,1.0,1.0
151079.20162831992,1.0,52451.84291319333,34.45891398628889,14.0,4.0,1.0,1.0,1.0
98914.08261373996,0.0,51270.92706150686,36.76234667440325,14.0,1.0,1.0,0.0,0.0
210949.66504885332,0.0,58890.32297302548,58.42362083837681,11.0,2.0,1.0,0.0,1.0
50526.2976714072,0.0,24371.817627489712,46.54651143548187,10.0,3.0,1.0,0.0,0.0
27339.071412603596,0.0,21152.022492660537,47.29915317069232,14.0,3.0,0.0,0.0,0.0
-51353.57827361669,1.0,20535.92466194496,25.32827682300048,15.0,1.0,0.0,1.0,1.0
-46723.50012844644,0.0,35051.75207425465,58.07200158155387,14.0,2.0,0.0,0.0,1.0
222442.51718271285,1.0,127267.30043697394,27.56188657364858,14.0,4.0,1.0,0.0,0.0
79461.41579384338,0.0,51128.003247112916,40.879696303348915,13.0,3.0,1.0,1.0,1.0
145747.46338339098,1.0,108533.94392449629,27.74054119049486,17.0,1.0,0.0,0.0,1.0
186918.76869024237,1.0,107875.77713018977,63.566037096564635,12.0,3.0,1.0,0.0,1.0
134518.7400833377,1.0,79768.50321540092,56.62395794191255,14.0,2.0,0.0,0.0,0.0
118644.61564712082,1.0,99448.93903924071,26.206316625435903,12.0,3.0,1.0,1.0,1.0
-365.55598922491845,1.0,17402.029207842013,48.187542507470255,13.0,3.0,0.0,0.0,1.0
30706.152428305057,0.0,36724.363850483984,27.196794633218484,13.0,2.0,1.0,1.0,0.0
15109.43407678989,1.0,31958.126962993465,61.322998397092945,12.0,1.0,0.0,0.0,1.0
244315.80849704036,1.0,125564.7360807635,25.04271533919601,16.0,2.0,1.0,0.0,1.0
32049.170433694846,0.0,36368.9462196875,54.606294726924155,15.0,2.0,0.0,0.0,1.0
135168.239240155,1.0,71558.93689131983,57.85569844276349,11.0,2.0,1.0,0.0,0.0
291128.5542277882,1.0,126697.51709671233,53.33546908965906,13.0,2.0,0.0,1.0,0.0
141712.62585263263,0.0,42023.075946530924,33.458125829524775,15.0,3.0,1.0,1.0,1.0
154948.30164113053,0.0,62638.43535364523,45.549291813236586,14.0,3.0,0.0,0.0,1.0
146425.89483027262,1.0,74305.76044295487,45.844113918192576,10.0,3.0,1.0,0.0,1.0
111397.02758820052,1.0,49539.54259656181,40.61979804337402,11.0,2.0,1.0,1.0,1.0
122802.99325742328,0.0,37057.16528059896,54.157723982737735,14.0,3.0,1.0,0.0,0.0
91793.8034315253,1.0,88273.66137910387,36.98464464795874,16.0,3.0,1.0,0.0,1.0
119617.42825939058,1.0,42697.415507399295,46.021301416456154,10.0,2.0,1.0,0.0,0.0
73162.10012632125,1.0,53151.88427355956,46.03080575631509,14.0,1.0,1.0,1.0,0.0
10008.89086430968,1.0,47720.156718744955,33.332882348922254,15.0,1.0,1.0,0.0,1.0
45369.11216469182,0.0,46663.24602940859,53.01803399005688,15.0,1.0,0.0,0.0,0.0
173640.9852967417,1.0,60764.72204977648,35.89431000613132,16.0,2.0,1.0,0.0,1.0
57340.56376377757,0.0,24385.03858706136,57.467917562739004,14.0,3.0,1.0,0.0,1.0
309783.341829876,1.0,203924.37599334214,54.60360505670198,10.0,4.0,1.0,0.0,1.0
219049.22568165563,1.0,131899.73838955493,45.122593359031725,16.0,1.0,1.0,0.0,0.0
95227.40467254721,1.0,62838.54652380858,30.72502256734001,16.0,4.0,0.0,0.0,0.0
136693.82211635273,1.0,66998.34058217054,29.04347253194259,17.0,2.0,0.0,1.0,1.0
125305.28219639846,0.0,45016.22814527382,40.67807260360651,14.0,1.0,1.0,0.0,1.0
186097.02818585103,1.0,108199.1299417293,59.6942635414977,12.0,1.0,1.0,0.0,1.0
143091.2282219891,1.0,47756.52133286993,53.4288915657296,11.0,4.0,0.0,0.0,0.0
181507.97121715717,1.0,71440.57591165752,41.818969879598,16.0,1.0,1.0,1.0,1.0
87292.43266353775,1.0,36078.003747863986,27.536101437535155,15.0,3.0,1.0,0.0,1.0
-18525.127732825094,1.0,14508.21402592583,52.07582485965119,13.0,4.0,0.0,1.0,1.0
52138.93590842764,0.0,34891.987260227266,34.325139547198816,13.0,5.0,0.0,1.0,1.0
71952.26272299593,1.0,53475.556554556235,61.27353954045128,14.0,2.0,0.0,1.0,1.0
423766.57012285455,1.0,245688.34322362742,59.78391108494866,15.0,2.0,1.0,0.0,0.0
157874.030183519,0.0,34095.77051393157,56.68425979894282,15.0,1.0,0.0,0.0,1.0
8660.297828261297,1.0,20231.23190203396,36.163920668303135,13.0,2.0,1.0,1.0,1.0
159482.5740945511,1.0,84003.3228186893,58.21786378128369,11.0,2.0,0.0,0.0,0.0
-768.0028050086257,0.0,37271.72299735027,40.935606568694936,10.0,3.0,0.0,1.0,0.0
-809.8383839836315,1.0,35189.06269474096,40.73371778455394,15.0,5.0,1.0,1.0,1.0
58259.5331820021,1.0,56318.871999868315,46.61028310830568,13.0,4.0,1.0,1.0,1.0
28204.925290110343,1.0,14668.196899606348,35.43926489415114,14.0,2.0,1.0,1.0,1.0
170807.05620759487,1.0,88657.46564587207,63.93150815585929,11.0,1.0,1.0,0.0,0.0
30913.34712796915,1.0,26826.405166379263,33.352905123094914,13.0,1.0,1.0,1.0,0.0
294013.28605936107,1.0,190218.39809316807,57.647919162034675,16.0,2.0,0.0,0.0,1.0
110422.41912842134,0.0,62438.66131875479,49.409243566379104,12.0,3.0,1.0,0.0,0.0
112193.48097307706,0.0,61020.06422131198,48.985709415358414,12.0,3.0,1.0,0.0,1.0
133255.1631575327,1.0,68198.99611499056,32.46460148616471,12.0,3.0,1.0,1.0,1.0
103208.57030965702,0.0,42207.5799155431,39.52057381222246,11.0,4.0,0.0,1.0,0.0
131526.95515283186,1.0,73758.4672425216,39.620294831611076,15.0,3.0,1.0,0.0,0.0
120277.01083224274,1.0,72980.18517075683,47.56489916367692,14.0,4.0,0.0,0.0,1.0
-31779.0348907656,0.0,26242.423273570916,62.71872405704112,14.0,3.0,1.0,0.0,1.0
95851.76436100151,1.0,43211.87524488256,55.60075771425416,15.0,2.0,0.0,0.0,1.0
305915.3976902988,1.0,149352.11521745514,38.96501450731479,16.0,3.0,1.0,1.0,1.0
88195.03999052769,0.0,53766.785341027426,29.32463151081556,12.0,3.0,1.0,0.0,0.0
73917.16438892407,1.0,56254.53441678943,26.535438946047528,13.0,2.0,1.0,0.0,0.0
48435.39964578612,0.0,59675.73004565251,31.551950970186336,11.0,5.0,1.0,0.0,1.0
295451.63399925426,1.0,176550.95812842928,63.67770855663768,17.0,2.0,0.0,0.0,1.0
24507.00581742049,1.0,88476.9146787461,28.23488050619255,11.0,2.0,0.0,0.0,0.0
152791.67002396705,1.0,87361.27954803589,38.239240200142156,15.0,2.0,1.0,0.0,1.0
113463.75393734695,1.0,82115.62207603187,42.217797087438484,13.0,1.0,1.0,0.0,0.0
139245.37592026638,0.0,117540.52102597344,61.36263187099522,14.0,2.0,1.0,0.0,0.0
203970.80673181868,1.0,155709.3383788878,45.474834238550955,13.0,2.0,1.0,0.0,0.0
134318.07960430157,1.0,54813.26564807413,39.43932235593276,12.0,3.0,1.0,1.0,0.0
117455.09764231884,1.0,29041.214766384797,36.06325456984557,13.0,3.0,1.0,1.0,1.0
-22319.144420621247,0.0,41929.87132758973,45.70181581724849,13.0,1.0,1.0,0.0,1.0
125008.27261275127,1.0,30643.439339689707,34.06621439821736,17.0,4.0,1.0,0.0,1.0
57116.627293786485,1.0,48354.71439030863,49.02173196906299,13.0,2.0,0.0,0.0,0.0
108508.00649674411,1.0,45551.461071982325,32.83465300455076,17.0,4.0,1.0,0.0,1.0
-18390.89019523905,1.0,25821.024364888766,44.53233344905911,14.0,2.0,1.0,0.0,1.0
182645.78242544882,1.0,97811.2943216296,53.52122317710675,17.0,3.0,1.0,0.0,1.0
38827.43863060408,1.0,64123.63853481051,51.77347374458398,14.0,1.0,0.0,1.0,1.0
13043.91172219511,0.0,43426.279549488165,34.91626675811485,15.0,2.0,1.0,0.0,1.0
49355.20819413456,1.0,43970.72360126579,31.777680972246934,13.0,2.0,1.0,0.0,0.0
29810.474348098673,0.0,28454.420671337684,32.00344387590184,13.0,3.0,1.0,0.0,0.0
10667.171971032105,0.0,37461.2375161294,34.89176879499879,14.0,2.0,0.0,1.0,0.0
257077.48062942852,1.0,167629.96698970778,43.22763079231133,13.0,5.0,1.0,1.0,0.0
73387.9193080636,1.0,39461.160728481125,27.948777989553534,11.0,1.0,1.0,0.0,0.0
54986.264791631904,0.0,59441.94031788635,41.3159338148063,12.0,3.0,0.0,1.0,1.0
-17304.200223828186,1.0,55257.35769502254,33.96757978754699,12.0,5.0,1.0,0.0,1.0
35933.296665353024,0.0,33725.27472382499,26.084242967680353,14.0,1.0,0.0,0.0,0.0
156451.07423903365,1.0,98009.21350511543,34.00344389853347,13.0,1.0,0.0,1.0,1.0
130332.74847958803,1.0,65799.32034015279,62.5555490535771,19.0,2.0,1.0,0.0,0.0
200109.729720208,0.0,78391.56658986487,34.60102968861373,12.0,3.0,1.0,0.0,0.0
-26760.0528229489,0.0,37552.679530402434,36.86464932759248,11.0,2.0,0.0,0.0,1.0
144307.56228393567,1.0,46580.543850236216,30.718716172955723,11.0,2.0,1.0,1.0,1.0
113285.90092249334,1.0,88208.12027379214,58.134143128984356,13.0,3.0,1.0,0.0,1.0
276346.762615841,1.0,132971.14344509036,33.32009281001452,15.0,2.0,1.0,0.0,1.0
51721.48136660016,0.0,35996.473496144776,27.2042578045171,10.0,1.0,0.0,1.0,1.0
102869.6882607748,1.0,81787.53258967571,27.77663362248098,17.0,3.0,0.0,0.0,1.0
208294.13160048818,1.0,117572.35088972864,57.49999441815517,15.0,1.0,0.0,1.0,0.0
122155.53427597873,1.0,75393.01236444355,27.62735809761397,15.0,3.0,1.0,1.0,0.0
320099.0461390002,1.0,169893.8086237003,45.261271086772126,13.0,3.0,1.0,1.0,0.0
98098.94674355234,0.0,29960.757023543814,46.06133306855386,10.0,1.0,1.0,0.0,1.0
107847.78999760903,1.0,61551.116255620596,60.03039687308565,12.0,4.0,1.0,0.0,0.0
178840.40781870415,1.0,55331.35585534892,45.323969831648135,14.0,2.0,1.0,0.0,0.0
56629.90016573899,1.0,58792.8071222929,53.05226379521889,13.0,3.0,1.0,0.0,1.0
118903.78042111316,1.0,99097.27618891156,46.38224723043097,13.0,5.0,1.0,0.0,1.0
207143.71561993464,1.0,90944.12523119344,34.58393999240848,14.0,4.0,0.0,1.0,1.0
67709.64737911317,0.0,44412.02992531164,38.1455145074376,13.0,2.0,1.0,0.0,0.0
209647.32408084357,1.0,113170.23564816713,37.4799410122,13.0,1.0,1.0,0.0,1.0
69133.36459190589,0.0,44988.06284297812,61.893426328146944,11.0,4.0,1.0,0.0,1.0
-15390.046065414135,0.0,40485.590672241175,63.61601081163311,14.0,1.0,1.0,0.0,1.0
118505.33133828042,1.0,82963.66450184208,41.58021448846407,11.0,3.0,1.0,0.0,0.0
48576.091403201935,1.0,22402.56043686496,39.977449845097944,14.0,2.0,1.0,0.0,0.0
259796.37697174345,1.0,179938.49342575288,47.74314653402716,11.0,2.0,0.0,1.0,1.0
109393.85562929028,1.0,51223.21710166672,62.98526406784677,13.0,2.0,0.0,0.0,1.0
270283.44797409564,1.0,189487.0432961998,43.27697646700758,14.0,2.0,0.0,0.0,1.0
243323.39507355617,1.0,141201.57905151596,45.48163218922336,17.0,2.0,1.0,0.0,0.0
105653.3048244968,1.0,64700.15701969409,55.947819663839795,18.0,2.0,0.0,1.0,1.0
104146.69482129827,1.0,56144.490484319904,40.312089537771804,11.0,2.0,0.0,0.0,0.0
103957.71798824577,0.0,42662.6422519945,55.83591011616012,15.0,2.0,1.0,0.0,1.0
96796.19840466605,1.0,51165.34208656722,62.95184967733065,12.0,4.0,1.0,0.0,1.0
179869.9403926452,1.0,56992.55911889329,56.7595991853577,13.0,2.0,1.0,1.0,1.0
48891.5692902243,1.0,36114.85954721593,55.23189087690931,10.0,2.0,0.0,1.0,1.0
219439.5687163234,1.0,76740.69561787725,52.20470643361102,17.0,4.0,1.0,0.0,0.0
151641.2057320988,1.0,74398.07510155658,44.404389448911814,15.0,4.0,0.0,1.0,0.0
10985.975253998839,0.0,20437.256929536237,60.45930848274128,12.0,5.0,0.0,1.0,0.0
104855.20128486321,1.0,38423.270952412444,55.95068262779553,15.0,1.0,0.0,1.0,0.0
124880.68324532307,0.0,61284.9052676667,39.717185582010075,14.0,1.0,1.0,0.0,1.0
12744.210659187593,1.0,22560.713293074434,41.41001037138078,14.0,3.0,1.0,1.0,1.0
59760.72810539983,0.0,31543.399314410344,32.16794579980934,10.0,3.0,0.0,0.0,1.0
129259.09985947642,1.0,96020.13048293728,35.68907554703682,11.0,4.0,1.0,1.0,0.0
36831.77996447667,1.0,37214.869180643305,31.372793438153376,16.0,2.0,1.0,0.0,1.0
190616.17672316506,1.0,113232.32836619107,56.89125382521698,14.0,2.0,0.0,1.0,1.0
284937.78502680175,1.0,141381.35598910175,41.11396983947498,16.0,5.0,1.0,0.0,1.0
221325.54094223905,1.0,112210.26898796321,32.574621679869864,16.0,4.0,1.0,1.0,0.0
142968.1226539081,1.0,45996.313724180436,48.8397994056285,14.0,3.0,1.0,0.0,1.0
50206.93464032438,0.0,29349.285613177057,25.851328062639954,11.0,3.0,0.0,0.0,1.0
28151.3469671176,1.0,35158.768893673245,56.40227665527374,11.0,3.0,1.0,0.0,1.0
106097.71685897956,1.0,104269.90293709129,38.38100697402531,11.0,3.0,1.0,0.0,1.0
-16481.46488864327,1.0,65779.50851807797,30.00862974431788,12.0,1.0,1.0,0.0,0.0
236158.9683131515,1.0,152879.4549913667,37.89236549437873,12.0,2.0,1.0,0.0,1.0
110244.67782378505,1.0,51435.88519342278,40.337762387341414,19.0,1.0,1.0,0.0,1.0
36369.082116865124,0.0,34065.171346282856,39.53013614205108,15.0,2.0,1.0,0.0,0.0
92637.6684126822,1.0,44523.01647063671,42.457480432759716,15.0,1.0,1.0,0.0,0.0
47206.083932928406,0.0,52703.66885956632,36.09021154335813,13.0,4.0,0.0,0.0,0.0
205285.57478051633,1.0,84413.35285152157,40.45847452004106,18.0,3.0,0.0,0.0,1.0
111814.91264267656,0.0,34403.69846923449,31.735795887043928,15.0,3.0,1.0,0.0,1.0
39984.54432788103,1.0,28029.869906230168,39.332715254218144,13.0,3.0,1.0,0.0,1.0
201282.56835345938,1.0,146763.59553371015,54.84637552620575,12.0,1.0,1.0,0.0,1.0
208110.72652071124,1.0,145748.6142042916,25.07051430621816,14.0,2.0,1.0,0.0,0.0
78697.28145537656,1.0,34491.613504819376,52.77582853255629,15.0,3.0,1.0,0.0,1.0
73279.05278038647,1.0,25703.8172250661,34.382592083973876,17.0,3.0,1.0,0.0,0.0
246906.64569431427,1.0,99210.37567766714,59.796785267314796,19.0,1.0,1.0,0.0,1.0
97031.23535783638,1.0,24860.023001500296,47.813821686085504,13.0,2.0,0.0,0.0,1.0
74558.90048739218,1.0,50669.83622785433,45.297787134963386,10.0,5.0,1.0,1.0,0.0
83286.241524034,1.0,30411.33321848974,51.093350065890064,13.0,5.0,0.0,1.0,1.0
159478.53874940617,1.0,68522.89063328884,48.5619818085362,15.0,4.0,0.0,1.0,1.0
103220.21132014907,1.0,70791.64005532468,48.468129094404404,12.0,2.0,0.0,1.0,1.0
216655.55490511502,1.0,134272.07897006796,46.97796830756764,14.0,4.0,1.0,0.0,1.0
100063.16536903339,1.0,51836.73564361793,33.698961182952296,11.0,5.0,1.0,0.0,1.0
139064.2461291027,1.0,73889.73593913548,30.4239811340349,12.0,3.0,0.0,0.0,0.0
66197.5613696804,0.0,40181.738693363186,51.87813418826666,12.0,2.0,1.0,0.0,1.0
224290.29215757706,1.0,79210.52993929975,60.44065374804513,17.0,2.0,1.0,0.0,0.0
99711.91165484516,0.0,26033.190233983045,32.24839463608567,16.0,1.0,1.0,1.0,1.0
35049.68807904365,1.0,36978.84510928748,38.326642754654486,12.0,4.0,1.0,0.0,0.0
164290.11565057404,1.0,94596.59023668662,50.24504448958098,10.0,3.0,0.0,0.0,0.0
218811.51106882523,0.0,96320.07556645849,53.89796783334434,15.0,2.0,1.0,0.0,1.0
102359.39264393106,1.0,101141.9868442193,50.71981731764127,13.0,4.0,1.0,0.0,1.0
177338.03547292284,1.0,121656.10240724297,51.518282744488275,13.0,4.0,0.0,1.0,1.0
-51493.74482510452,1.0,26838.29014079954,36.20872787756123,12.0,1.0,1.0,0.0,0.0
82538.15321175125,1.0,71992.67920093954,51.41940401939989,13.0,4.0,1.0,0.0,0.0
218517.17160841357,1.0,63465.690601077025,50.36394816489097,14.0,1.0,1.0,0.0,1.0
197211.7952031914,1.0,91129.50505609326,41.758345815711245,13.0,6.0,1.0,0.0,1.0
101613.0930084706,1.0,75099.12007299364,25.412619440164118,16.0,4.0,1.0,0.0,0.0
293506.12709788606,1.0,164132.4674567735,41.23140969490832,18.0,2.0,1.0,1.0,1.0
169999.18435636695,1.0,71934.85779620634,38.21993287329579,19.0,3.0,0.0,0.0,0.0
125638.78578242796,1.0,40469.16975779123,37.87195676199434,17.0,3.0,1.0,0.0,1.0
-9855.390526401665,1.0,17989.478608626152,38.54275453779161,13.0,1.0,0.0,0.0,1.0
143548.44107390248,0.0,53351.34016066797,53.69989910259253,12.0,1.0,1.0,0.0,1.0
150540.60855414893,1.0,66820.02646828823,56.57461485606662,14.0,3.0,1.0,0.0,1.0
-66263.82619834473,1.0,38267.897275010626,40.94057205869535,13.0,4.0,0.0,1.0,0.0
228863.08996401925,1.0,114732.48980964506,48.90143974717341,12.0,3.0,1.0,0.0,1.0
289408.40432887425,1.0,164166.1728266792,47.1284559692493,17.0,3.0,1.0,0.0,0.0
52260.21941137531,0.0,38866.96126887893,52.66582391459902,14.0,1.0,1.0,0.0,1.0
41482.25788744997,0.0,24533.17010620467,26.68851112174593,17.0,2.0,0.0,1.0,1.0
129857.32298309053,1.0,72526.15763807655,58.41433877820609,13.0,2.0,1.0,0.0,1.0
138507.22873333428,1.0,36396.64618060196,56.624250667875856,16.0,2.0,1.0,0.0,0.0
124253.10078745126,1.0,52942.015780636626,46.65465855932244,13.0,2.0,1.0,0.0,1.0
125895.34604788072,1.0,99257.03640416183,30.39274717585108,12.0,4.0,1.0,0.0,1.0
7765.012935437102,1.0,32359.2524807775,36.50161761025559,15.0,2.0,1.0,0.0,0.0
213612.3378690173,1.0,94256.5312183808,48.61104408010269,15.0,1.0,0.0,0.0,1.0
26975.589894756606,1.0,36207.174622609025,31.52335020173695,12.0,6.0,1.0,1.0,1.0
216984.33461782365,1.0,116439.25573196591,35.78330480031473,16.0,2.0,1.0,1.0,0.0
120270.29129590302,1.0,49907.24979966043,52.53903839305057,17.0,2.0,0.0,0.0,0.0
128585.48555899615,0.0,52445.06255550216,33.49048267709145,12.0,2.0,0.0,0.0,1.0
14883.961729197872,1.0,27415.62589562279,58.09872147372755,10.0,2.0,1.0,0.0,1.0
197435.9119897128,1.0,63656.23230458972,61.73104845766639,17.0,3.0,1.0,1.0,1.0
129190.55684100467,1.0,76339.89329333733,37.100389717210604,12.0,2.0,0.0,0.0,0.0
154022.33354107177,0.0,44069.62103086652,60.98731993282424,14.0,2.0,1.0,0.0,1.0
72190.77253468632,0.0,48130.26645090141,48.757751242510224,14.0,1.0,1.0,0.0,0.0
109536.63480134364,1.0,96728.19633466624,28.994709135781328,14.0,3.0,0.0,0.0,1.0
98688.08667838728,1.0,48338.07282680131,45.50150600133075,18.0,1.0,1.0,0.0,1.0
480090.0106032819,1.0,399869.9268145704,40.56467195961572,14.0,3.0,0.0,0.0,0.0
137349.4510250452,1.0,85789.57739177028,27.9075234447405,11.0,2.0,1.0,1.0,0.0
14212.547880022415,0.0,18973.89379520049,62.07338493543496,15.0,2.0,1.0,1.0,1.0
54637.94009045277,1.0,31559.81585287504,59.777771520047395,12.0,3.0,1.0,0.0,1.0
92687.40150501046,1.0,87260.99279119037,33.47180140850474,14.0,4.0,0.0,0.0,1.0
72241.83350708376,1.0,74045.66303643839,31.179079579897596,16.0,2.0,0.0,0.0,0.0
108094.27434451066,1.0,56320.23576582971,34.60407471765739,19.0,2.0,1.0,0.0,1.0
290419.8781502828,1.0,174273.73355624027,35.18160656739403,14.0,1.0,1.0,1.0,1.0
39234.84768400043,1.0,44623.74243546591,61.66212778318656,11.0,3.0,0.0,0.0,0.0
98645.87681664138,1.0,58636.804240110694,48.69549606166011,16.0,2.0,1.0,1.0,1.0
102018.42900274927,1.0,51448.973922202844,58.886616588047204,12.0,1.0,0.0,1.0,1.0
212732.07447846318,1.0,109222.98038506764,44.29229042819009,14.0,2.0,1.0,0.0,0.0
245657.5108924059,1.0,142887.248692945,44.825217068980535,18.0,4.0,1.0,0.0,1.0
59764.29581444006,1.0,31865.657534905047,37.91623288722139,15.0,3.0,1.0,0.0,0.0
131611.13303868895,1.0,37601.221001374564,53.08586143894021,14.0,1.0,0.0,1.0,0.0
88451.71016215783,1.0,34271.28280545469,48.16007014370741,14.0,2.0,1.0,1.0,1.0
138122.14967476475,1.0,89814.65274941959,53.84869026739735,16.0,2.0,1.0,0.0,0.0
64188.038870816876,0.0,24767.966120780384,35.321107114072035,12.0,4.0,0.0,1.0,0.0
66021.56390389263,1.0,38981.715574632835,49.975866475659494,12.0,1.0,0.0,0.0,1.0
67967.07841374459,1.0,75183.86478411287,56.66612511273546,12.0,2.0,0.0,0.0,0.0
97823.29439615624,1.0,63939.17126351766,62.57644298681659,10.0,1.0,1.0,0.0,1.0
-78785.48752215065,1.0,32212.2083443756,41.088524285083054,11.0,4.0,1.0,0.0,0.0
176537.46996300982,0.0,64294.444100358814,62.37346492389295,13.0,2.0,1.0,1.0,0.0
116826.80395427629,0.0,58991.96722186838,29.91089271095133,14.0,5.0,1.0,1.0,1.0
46179.34474810201,1.0,42346.542459391116,31.03536907258036,15.0,2.0,1.0,0.0,0.0
145003.84626674745,1.0,124716.5186047687,38.643505301353315,14.0,2.0,1.0,0.0,1.0
126078.89885293844,0.0,45061.654330774676,63.53848093596473,14.0,1.0,1.0,0.0,1.0
128160.16461989409,1.0,81761.68305595269,40.067037080322564,19.0,4.0,1.0,0.0,1.0
-5726.552344911361,1.0,17905.498154600005,38.523743240422355,13.0,3.0,1.0,0.0,1.0
98468.43043895526,1.0,48718.41011408888,34.970062406382844,12.0,4.0,1.0,0.0,0.0
71356.93477776549,1.0,22812.92171059322,58.70224376547144,15.0,3.0,1.0,0.0,1.0
111860.9407388303,1.0,57221.061874886036,36.132201880061736,15.0,5.0,0.0,1.0,1.0
131639.40908889283,1.0,65461.95924095723,35.29357443553164,15.0,1.0,1.0,1.0,1.0
74909.03887064403,1.0,32602.37531674063,36.488933225523,13.0,2.0,1.0,1.0,0.0
121700.12749527568,1.0,51990.65707333844,63.34490047937411,14.0,2.0,1.0,0.0,1.0
135936.32916756978,1.0,95690.70412101377,26.640840228124986,13.0,3.0,1.0,0.0,1.0
123854.9963204514,1.0,60806.743897930835,42.16418764413396,17.0,4.0,1.0,0.0,0.0
119948.57059847907,1.0,71653.02973513117,60.50405973164403,16.0,2.0,0.0,0.0,1.0
82168.18575627904,1.0,95305.14750819144,48.24469585405742,12.0,2.0,1.0,0.0,1.0
80760.67570751443,1.0,60559.648852253835,44.33846032260813,12.0,4.0,0.0,0.0,1.0
123071.73371598987,1.0,81864.38131713877,62.38076211569673,16.0,2.0,1.0,0.0,1.0
232874.5669119425,1.0,35560.2454694561,35.6246426659545,17.0,2.0,0.0,1.0,0.0
-37166.88655821256,0.0,26110.135028060304,28.771429589603592,11.0,5.0,1.0,1.0,0.0
148336.22042682776,1.0,58148.692807372194,28.62692069639938,16.0,5.0,1.0,0.0,1.0
-12128.574124992956,1.0,47470.44876326232,51.91290829510436,14.0,4.0,0.0,1.0,0.0
94313.11057148443,1.0,72227.47266552485,46.63846821492601,12.0,3.0,0.0,1.0,1.0
73553.1521973379,1.0,52604.9671389528,25.258040109607364,16.0,1.0,1.0,1.0,0.0
48601.35899495345,0.0,65520.08449826562,25.587074293695625,14.0,1.0,1.0,0.0,1.0
175825.9632830165,1.0,123004.1884424934,33.72506121895524,16.0,2.0,1.0,0.0,1.0
139319.755313472,1.0,64028.67379788546,54.80364952419602,14.0,1.0,0.0,1.0,0.0
165869.9753369342,1.0,39795.054180115745,53.094850252917226,14.0,2.0,0.0,1.0,0.0
107422.81292942069,0.0,45130.28026135772,37.768770795320826,10.0,4.0,1.0,0.0,1.0
-25646.4385529198,0.0,26634.43396529556,37.55072050751338,12.0,4.0,1.0,0.0,1.0
97708.74088946005,1.0,82171.84197764313,49.57491309686209,14.0,3.0,0.0,0.0,0.0
174423.71158051552,1.0,112465.67299363646,48.549205279541894,15.0,1.0,1.0,0.0,1.0
50245.98742645896,1.0,16710.197151349592,56.65141243086872,13.0,3.0,0.0,1.0,1.0
182666.25462240312,1.0,109982.8534577731,43.58790983932595,14.0,1.0,1.0,1.0,1.0
171372.50750080653,0.0,65285.36889725193,49.346495845179675,16.0,2.0,1.0,0.0,0.0
52443.07117408425,0.0,53866.75214171251,59.683765097309184,14.0,3.0,1.0,0.0,1.0
101855.72415844546,0.0,44208.16147149879,55.32279443980937,14.0,4.0,1.0,0.0,1.0
75169.33110515677,1.0,30659.502031068358,38.615688544085735,13.0,2.0,1.0,0.0,0.0
86515.25792677718,0.0,23202.33968412559,38.24843158179098,15.0,2.0,1.0,0.0,1.0
188092.5711468434,1.0,142489.4308243867,39.05055376661197,14.0,6.0,0.0,1.0,0.0
45968.31922154254,1.0,75378.2479681774,42.63593417689136,15.0,2.0,0.0,0.0,0.0
-13282.749390387718,0.0,23104.080425457418,33.22138081547567,11.0,2.0,0.0,0.0,0.0
34103.80148550577,0.0,22857.28422114432,25.492400156770028,15.0,1.0,1.0,0.0,1.0
146844.87952945678,1.0,71403.37824748222,31.03810830787616,14.0,2.0,1.0,0.0,1.0
56830.95425402655,1.0,41130.44413317304,48.62390455696239,15.0,1.0,1.0,0.0,1.0
103482.07562018026,1.0,41110.26191784095,52.25500469997114,14.0,1.0,0.0,0.0,1.0
181064.92898686908,1.0,114733.30381863129,30.63105978357048,12.0,2.0,1.0,0.0,1.0
245472.3086148873,1.0,168777.9969802008,49.16823545904678,16.0,2.0,1.0,0.0,0.0
85788.11969981116,1.0,76597.51772677983,43.36147575107353,13.0,5.0,1.0,0.0,1.0
201353.7829583049,1.0,49369.64594464973,52.00710240748026,11.0,1.0,1.0,0.0,1.0
225571.83788689357,1.0,107653.88667447805,58.336219857205265,13.0,3.0,1.0,0.0,1.0
145648.23777032923,1.0,122654.7858515341,30.267557696537892,10.0,6.0,0.0,1.0,1.0
-6056.382275538919,1.0,44872.28096336143,25.317997688533914,14.0,3.0,0.0,0.0,1.0
84923.07135304758,1.0,37099.10077806878,50.46176037466082,16.0,5.0,1.0,0.0,1.0
114071.99245408618,1.0,33313.93128819527,63.05216696186007,18.0,2.0,1.0,0.0,0.0
285860.68604578485,1.0,182513.73278137785,49.87599771645165,14.0,4.0,0.0,1.0,0.0
135534.94480972964,0.0,64821.300493659575,43.386466060833456,17.0,2.0,1.0,0.0,1.0
105967.4155270023,1.0,65377.71587371901,52.04879172011547,16.0,2.0,1.0,1.0,1.0
124603.44191920164,1.0,46609.61641297281,51.29467885374012,15.0,6.0,1.0,0.0,1.0
68266.38796625662,1.0,65897.64172011729,28.0408248545855,13.0,3.0,0.0,1.0,1.0
145062.63847060042,1.0,47956.279301073024,52.0259030456661,18.0,3.0,0.0,0.0,1.0
78400.9733612099,1.0,62533.01111086883,48.219059313666364,13.0,1.0,1.0,1.0,1.0
163643.76297762626,1.0,93332.5420863772,31.362561099029374,12.0,2.0,0.0,1.0,0.0
40545.50523375286,0.0,27744.021173374305,40.42829651763621,15.0,1.0,1.0,0.0,1.0
268735.77313541586,1.0,196330.92007733384,27.495074852417098,10.0,3.0,1.0,1.0,0.0
48926.68713428917,1.0,42004.91723755421,40.91466419425222,14.0,4.0,1.0,0.0,1.0
72023.6954503771,0.0,34777.65610377709,35.27866777631793,15.0,5.0,1.0,1.0,0.0
202435.07489652777,1.0,154501.5309259218,34.427130603336366,14.0,2.0,1.0,0.0,1.0
144057.4027385323,1.0,122124.43368555687,32.40410400633736,17.0,3.0,1.0,0.0,0.0
84843.37390128084,0.0,54902.70249173522,25.57781864162997,16.0,5.0,1.0,1.0,0.0
36025.030368999855,1.0,36557.51066318889,29.148744306573228,13.0,3.0,1.0,0.0,0.0
79243.46302752336,1.0,59972.674518947846,35.597779213321445,11.0,4.0,0.0,0.0,1.0
126106.71816206473,1.0,44304.79526522104,33.11076172071079,17.0,2.0,1.0,0.0,1.0
135707.22708973842,1.0,72835.14819480857,54.77003543909677,13.0,3.0,1.0,1.0,1.0
-2418.0122664697265,1.0,37327.42544785557,43.67409967029762,16.0,3.0,1.0,0.0,1.0
345566.4706613799,1.0,219766.9657292665,45.95211857534528,13.0,5.0,1.0,1.0,1.0
166151.10585414083,1.0,61651.514157405974,42.1261380170069,14.0,1.0,1.0,1.0,1.0
205241.1489982426,1.0,86237.9047105531,34.3946800488023,17.0,4.0,0.0,1.0,0.0
56732.28772360737,0.0,43180.29963560696,33.48544835597406,15.0,3.0,1.0,0.0,1.0
114800.47847520614,1.0,58834.012685993905,42.40084205522494,15.0,1.0,0.0,1.0,0.0
225144.61509467085,1.0,151491.61156729204,28.19031871814621,12.0,3.0,1.0,0.0,1.0
222139.38945017426,1.0,111368.77137307162,42.32612118997852,11.0,1.0,1.0,0.0,0.0
89291.82795453403,1.0,81279.66449294021,45.011563530269115,12.0,5.0,1.0,0.0,0.0
116106.24241538341,1.0,64021.15031584282,46.574970121038376,15.0,3.0,0.0,1.0,1.0
137556.11282607692,1.0,69920.95572101662,31.802081711939653,12.0,1.0,1.0,0.0,1.0
-7471.732571341738,0.0,25706.551838727213,42.03323951408171,15.0,4.0,1.0,1.0,1.0
122635.55708644609,0.0,27749.071229082707,42.17266528521927,17.0,1.0,1.0,0.0,1.0
96757.13829413925,1.0,28216.20686011242,35.16520488453832,18.0,2.0,1.0,0.0,1.0
144473.22258833481,1.0,70947.29525112081,58.900640836768545,12.0,2.0,0.0,0.0,1.0
170490.10817154445,1.0,85447.04020108808,25.89746676734473,13.0,3.0,1.0,1.0,1.0
183492.278715429,0.0,75178.52334799923,53.27647980293767,13.0,4.0,0.0,0.0,1.0
89294.82682557423,1.0,57082.31436266316,61.13621969425344,10.0,3.0,1.0,1.0,0.0
162791.30620665528,1.0,95696.37023285028,52.58380416504595,18.0,3.0,0.0,0.0,0.0
51471.48668845724,0.0,32042.267980151017,40.25631789154552,15.0,3.0,1.0,1.0,0.0
125898.85826627594,1.0,62957.359802982726,62.785760136976606,14.0,1.0,1.0,0.0,1.0
76776.46590500676,1.0,41038.536126524225,41.16012148782553,14.0,1.0,1.0,0.0,0.0
36505.04409720729,0.0,21997.553128444728,54.41376461290584,13.0,2.0,1.0,0.0,1.0
116309.74376491015,1.0,50261.74170074281,45.845850519553395,16.0,2.0,0.0,0.0,0.0
114134.14602341878,1.0,57282.297467401804,37.93753523964561,18.0,2.0,1.0,0.0,1.0
145174.96253924115,0.0,96982.35427728391,43.58682277014181,12.0,3.0,1.0,0.0,1.0
92795.37818782375,1.0,19104.890348011457,57.578404830842146,18.0,3.0,0.0,1.0,0.0
135949.15556588056,1.0,72660.32614494606,48.38703838691785,14.0,3.0,1.0,1.0,1.0
124743.30526752891,0.0,55766.99889095938,36.51405623521714,16.0,1.0,1.0,0.0,0.0
173836.2775157406,1.0,57345.5796772652,54.47189533363535,14.0,4.0,1.0,0.0,1.0
130949.59774612162,1.0,43275.59222629131,34.90348912296225,13.0,2.0,0.0,0.0,1.0
85904.5183735869,1.0,75755.393316831,37.67857213686389,12.0,4.0,1.0,0.0,1.0
186545.19814141773,1.0,109058.33907101804,43.574916613374704,12.0,1.0,0.0,1.0,0.0
85703.06100990491,1.0,28620.335862752345,47.41434073490021,13.0,2.0,1.0,0.0,1.0
142683.85759211707,1.0,140399.72421366797,38.81694126900539,13.0,5.0,1.0,0.0,1.0
58016.982690720295,0.0,44267.76533106732,46.68495329874327,17.0,1.0,1.0,0.0,1.0
97246.60540738322,1.0,54676.30118210692,32.065274513044386,11.0,2.0,1.0,0.0,0.0
157938.1326476149,1.0,34131.59624878482,57.07081749595252,13.0,2.0,1.0,1.0,1.0
32123.0996710989,0.0,57779.81856837555,37.01492653187671,10.0,3.0,0.0,0.0,1.0
138608.59021198185,1.0,110716.58302118248,58.866717107677374,14.0,3.0,1.0,1.0,1.0
133351.63468568964,0.0,97948.41720532654,57.15379621390828,11.0,4.0,0.0,0.0,0.0
135884.9818528347,1.0,66131.7867170207,49.56381590575009,13.0,3.0,1.0,0.0,1.0
104343.41975851706,1.0,79433.06647051584,61.475964929661245,14.0,5.0,1.0,0.0,0.0
81038.54214606635,0.0,60337.80556424588,38.76062908861136,13.0,2.0,1.0,0.0,1.0
165327.7411862445,1.0,72823.47633753161,51.05530538252485,15.0,4.0,1.0,0.0,0.0
47028.131864098854,1.0,47700.79260038497,54.14687857529949,12.0,3.0,1.0,1.0,0.0
105981.24174383527,1.0,44523.55078109485,48.37301111853548,12.0,2.0,1.0,1.0,1.0
104894.74221339726,1.0,77914.61953990918,27.454341781957822,14.0,1.0,0.0,1.0,1.0
175351.41815966857,1.0,91030.87522997551,53.00671825041652,18.0,1.0,1.0,0.0,1.0
38552.3165532187,0.0,19814.207519454485,43.95585217905686,12.0,3.0,0.0,0.0,1.0
78601.27023942632,0.0,47000.275692038675,61.664930336094685,11.0,1.0,1.0,1.0,1.0
227069.30254192854,1.0,147064.2722846937,59.52197291065259,15.0,1.0,0.0,0.0,0.0
76976.99278352965,1.0,104036.4121013029,28.83776134903111,10.0,6.0,1.0,0.0,1.0
123658.35601341876,1.0,54681.31156685722,63.65487539472559,10.0,2.0,1.0,1.0,0.0
84448.81911564141,1.0,55495.65585460094,52.13403080230313,13.0,4.0,0.0,0.0,1.0
89121.47585908664,1.0,51604.463360560934,48.29086618267719,14.0,2.0,1.0,1.0,0.0
28498.15461661596,1.0,44098.099370598444,38.798979569044306,16.0,3.0,1.0,0.0,0.0
114411.05404443253,0.0,92565.34842119983,45.47561859011901,14.0,3.0,1.0,0.0,1.0
99399.8239248411,1.0,31537.260904418992,39.4087243569345,14.0,2.0,0.0,0.0,1.0
165799.66112969996,1.0,79523.15051133934,36.617835481395105,17.0,3.0,0.0,0.0,1.0
25424.497705258542,0.0,28526.05720766425,37.45932969083938,11.0,4.0,1.0,0.0,1.0
29360.41516523849,1.0,85103.79201219718,52.1717614355281,13.0,3.0,1.0,0.0,1.0
74985.68472813853,1.0,47975.72188067359,40.289380631178034,16.0,1.0,1.0,0.0,1.0
17071.37172510637,1.0,46990.592654016895,29.97074304392037,15.0,2.0,1.0,0.0,0.0
20961.571920701474,1.0,39034.360171312015,26.326532082830788,14.0,5.0,0.0,0.0,1.0
213513.0052518181,1.0,161855.87394156458,43.4551047212642,12.0,3.0,0.0,1.0,0.0
48460.53740221595,0.0,36357.51353450683,34.138671693302555,16.0,2.0,0.0,0.0,0.0
52953.551184423006,1.0,45386.931508656424,44.87867986510214,10.0,2.0,1.0,0.0,1.0
195979.43228714506,1.0,106684.63567226581,58.257615888466304,12.0,2.0,1.0,0.0,0.0
182393.0592516973,1.0,140472.5534290526,50.375994552853896,13.0,2.0,0.0,0.0,1.0
441762.9588197059,1.0,300366.5021426346,46.374809785305985,17.0,2.0,0.0,1.0,1.0
100169.15447079345,0.0,57725.10381713394,26.843929407672583,13.0,1.0,0.0,1.0,0.0
157090.33024407312,1.0,82270.45768103005,50.208015258496424,14.0,2.0,1.0,1.0,0.0
55207.275521749674,0.0,90200.90990801225,37.68933605071645,14.0,4.0,0.0,1.0,1.0
218559.88889140298,1.0,92304.16490110036,31.42064082332969,16.0,5.0,1.0,1.0,1.0
45796.40996446625,1.0,79889.72583173309,56.576573954438274,12.0,2.0,1.0,1.0,0.0
113186.41128222877,1.0,74850.77241294627,44.942956790615185,14.0,1.0,1.0,1.0,1.0
211442.57406643973,1.0,96240.03719807537,46.930680593472204,13.0,3.0,1.0,0.0,1.0
76171.13064751381,1.0,58679.789188433344,25.4281450794045,13.0,4.0,0.0,0.0,1.0
263484.9861202227,1.0,91348.19217700369,34.85121001102013,17.0,2.0,1.0,0.0,1.0
73700.88241739676,1.0,27845.692699434894,44.05341396970803,14.0,1.0,1.0,1.0,1.0
164256.2941611858,1.0,99406.57118396494,61.29421724151095,15.0,3.0,1.0,0.0,1.0
383909.58103604446,1.0,210618.0966439175,56.968989917558716,16.0,3.0,0.0,0.0,1.0
183515.8599992512,1.0,120182.93186108935,33.33132047953816,13.0,6.0,1.0,0.0,1.0
44870.78686556296,1.0,63764.0337540629,31.320367275114908,12.0,2.0,1.0,0.0,0.0
222745.6982335138,1.0,80365.65937355494,61.713994111262956,14.0,4.0,1.0,0.0,0.0
35258.68607052856,1.0,47339.165067546906,36.26803734211499,14.0,2.0,1.0,0.0,0.0
118833.89421609513,1.0,56115.64844507235,50.741444201572975,13.0,2.0,1.0,1.0,1.0
30535.687912326674,1.0,36421.54354350268,28.01097526434794,12.0,2.0,0.0,1.0,1.0
-18560.999866016093,1.0,24243.30183787323,33.284948945738144,16.0,2.0,0.0,1.0,0.0
217079.79969858332,1.0,111793.82382255001,61.27026824982265,10.0,2.0,1.0,0.0,1.0
21435.29149068408,1.0,41601.607481385625,32.137487773734236,13.0,2.0,0.0,0.0,1.0
79026.28112983613,1.0,71354.24461522073,38.481675342673306,19.0,3.0,0.0,0.0,1.0
1770.7715462263004,0.0,44750.83745570192,34.91671681961465,14.0,1.0,0.0,0.0,1.0
148603.05565469616,1.0,109780.73057554277,27.714103789538488,19.0,3.0,0.0,0.0,1.0
111680.10113753696,1.0,71942.74131866841,50.28816763185705,16.0,2.0,1.0,0.0,1.0
30864.448411481688,0.0,79421.30731052408,33.958791177491086,11.0,5.0,1.0,0.0,1.0
62976.45257434842,1.0,24453.037124206112,34.258663185993285,10.0,3.0,1.0,0.0,1.0
67223.6764804034,1.0,46880.55632765724,62.521458105554146,10.0,2.0,0.0,1.0,0.0
61377.098943218996,1.0,21334.44899215533,26.67394581156816,14.0,6.0,0.0,1.0,1.0
182812.63513268245,1.0,116858.72953224182,48.53475094554319,16.0,1.0,0.0,0.0,0.0
22644.55055474507,0.0,28847.960249553496,25.144116666642446,13.0,2.0,1.0,0.0,1.0
25426.988181152657,0.0,12748.108244909547,35.15482937627456,16.0,2.0,0.0,1.0,1.0
127117.3341811157,1.0,93396.37856388211,26.754696079290152,16.0,1.0,1.0,0.0,1.0
28247.069514465686,1.0,37618.41086982361,45.91236647339854,10.0,2.0,0.0,1.0,1.0
156317.30486571614,0.0,69539.56721098695,37.11236075723816,14.0,3.0,0.0,0.0,0.0
44015.55842310742,1.0,60319.3965011625,37.79879193197852,14.0,3.0,1.0,0.0,0.0
-25791.505006493506,1.0,27492.302264800797,54.2018309889543,13.0,1.0,1.0,0.0,0.0
110147.89120540407,1.0,29774.10982711656,60.83012728121698,12.0,5.0,1.0,1.0,1.0
53307.52862164704,1.0,49388.16922882283,46.516537538963505,11.0,3.0,1.0,0.0,1.0
176191.20714928603,1.0,80133.76103483973,45.723629930455544,14.0,1.0,1.0,1.0,0.0
227924.59455933765,1.0,41302.12370222732,54.692757309860475,20.0,3.0,0.0,0.0,1.0
64311.4638482357,1.0,98501.02129823656,61.75130487058906,14.0,2.0,0.0,0.0,0.0
72152.78006931405,1.0,45625.66444284342,42.08537014190125,16.0,1.0,1.0,0.0,0.0
198733.90603125686,1.0,136047.47460079123,38.37825575761998,13.0,3.0,1.0,0.0,0.0
150516.43563595126,0.0,63912.76004097119,48.08248790322946,11.0,3.0,1.0,0.0,0.0
136302.7475074705,1.0,49808.07404987571,50.758489358849246,13.0,1.0,1.0,1.0,1.0
193315.84677142274,1.0,106372.0470869041,48.86252530594953,14.0,3.0,1.0,0.0,1.0
116811.87840099941,1.0,24950.707154944554,27.44342709887596,18.0,2.0,0.0,1.0,1.0
36017.67554546574,1.0,60957.03457630314,59.73689282063736,12.0,3.0,0.0,1.0,0.0
224388.71328966686,1.0,171904.73403115108,45.827358941957755,14.0,5.0,1.0,0.0,0.0
216825.76573854784,1.0,136299.8715827491,48.76344296084424,13.0,2.0,1.0,0.0,0.0
77796.42914680963,0.0,92951.35941377767,45.35745621617147,14.0,4.0,0.0,0.0,0.0
211876.88413444156,1.0,66301.71444132127,31.276175855998552,11.0,2.0,0.0,0.0,1.0
49554.5795467484,1.0,75229.93848032498,38.03035166203502,11.0,2.0,1.0,1.0,1.0
88685.45362073122,0.0,55229.195116710594,57.57881864941475,17.0,3.0,1.0,0.0,1.0
126960.14849524148,1.0,64537.8881122721,47.89496222197678,10.0,2.0,0.0,0.0,0.0
86694.52383484197,1.0,51283.539606981234,61.13506722106702,17.0,2.0,1.0,1.0,1.0
151006.37764708733,1.0,37214.44132936891,29.32147702593334,18.0,4.0,1.0,1.0,1.0
149531.43289380852,1.0,110220.99923026198,44.28470585053733,17.0,4.0,1.0,0.0,0.0
5753.830355914994,1.0,23740.498074432056,41.17382847256876,16.0,2.0,1.0,1.0,0.0
116276.82484603627,0.0,59723.42756219622,27.12338906778089,13.0,3.0,1.0,0.0,1.0
18677.049698924937,1.0,30983.32917880694,57.576559653153396,14.0,4.0,1.0,1.0,1.0
178314.0658972108,1.0,56202.85775641585,46.467318842103765,18.0,2.0,1.0,1.0,1.0
138023.261084981,1.0,56496.20682687275,39.531009260266465,17.0,2.0,0.0,1.0,1.0
79808.62556578353,1.0,20239.9791636414,44.43753988594608,20.0,4.0,1.0,1.0,1.0
159665.3086747944,1.0,38904.01143767039,61.974345660304444,17.0,2.0,0.0,1.0,1.0
56935.00818825634,1.0,47964.12639747088,59.557374415791685,16.0,3.0,0.0,1.0,1.0
179677.86595838293,1.0,83400.61608084246,60.928913816563295,14.0,1.0,1.0,1.0,1.0
24433.060460833425,1.0,46833.095676333214,61.94144863883863,15.0,6.0,1.0,1.0,1.0
207304.50283480014,1.0,128924.64120972494,50.03962285933754,12.0,1.0,1.0,1.0,1.0
104794.44450885372,1.0,86780.4687217157,61.91313026978821,14.0,2.0,1.0,0.0,1.0
57560.28024012617,1.0,86556.15585461886,27.613083787779466,16.0,2.0,0.0,0.0,1.0
48598.40976256541,0.0,29277.092520409937,26.269330394606115,16.0,3.0,0.0,0.0,1.0
147028.40892168155,1.0,68518.01450852628,45.35281182400684,13.0,3.0,1.0,1.0,0.0
-2845.602730085873,0.0,24915.53117134517,47.66686878643817,12.0,2.0,1.0,0.0,0.0
135477.93691065625,1.0,66279.49031285745,28.66556265278089,13.0,4.0,1.0,0.0,1.0
193340.26275886587,1.0,104042.67992102329,34.824284700821636,14.0,6.0,1.0,1.0,1.0
263196.86902841995,1.0,126136.53948742856,50.10518458827747,14.0,2.0,1.0,0.0,1.0
120017.52638451866,1.0,45399.264212413334,62.229455603066235,14.0,1.0,0.0,1.0,0.0
63816.51722043826,1.0,35084.93945181626,35.067404040870315,18.0,3.0,1.0,0.0,1.0
203449.89999797533,1.0,179774.9374158507,51.51949942721348,16.0,4.0,1.0,1.0,1.0
102183.22211063484,1.0,32224.90768395025,56.125066772513094,12.0,3.0,0.0,1.0,0.0
117810.72835267936,1.0,46213.91072470704,47.72891712031028,16.0,4.0,1.0,1.0,1.0
100496.8117756717,1.0,42020.76854938263,60.476168759154525,19.0,2.0,1.0,0.0,1.0
134673.25912330023,1.0,100342.31076781775,49.56793243573331,15.0,5.0,1.0,0.0,1.0
148003.02461366932,1.0,89953.08238312576,59.320697250616654,15.0,2.0,1.0,1.0,0.0
154691.86854680232,1.0,67788.13934418895,28.063825292946515,15.0,2.0,1.0,0.0,0.0
53127.62701891023,1.0,41117.384797342565,44.711842433999045,14.0,1.0,0.0,1.0,0.0
285778.0076630466,1.0,207149.38508023208,40.07804186104548,14.0,2.0,1.0,0.0,1.0
151123.0831846931,1.0,68659.91338949978,47.94732796693841,14.0,2.0,0.0,1.0,0.0
-18469.434476652103,1.0,40490.99507096194,33.30088396862272,13.0,3.0,1.0,0.0,1.0
38180.54746151036,1.0,72045.1546177344,47.73436315554937,13.0,3.0,1.0,0.0,0.0
224256.02012180063,1.0,122989.07372604436,58.73646249914922,15.0,1.0,1.0,0.0,1.0
54385.41348730917,0.0,37830.47788378341,29.18530894288243,13.0,2.0,0.0,0.0,1.0
86357.5405463615,1.0,51276.74749683126,32.30299103220422,14.0,2.0,0.0,0.0,1.0
188365.68425474814,1.0,97672.7962784546,46.27983558729522,11.0,1.0,0.0,0.0,1.0
99959.09070790418,1.0,24725.727902690556,58.95876584096446,15.0,1.0,1.0,1.0,1.0
272087.03380442376,1.0,104399.23847520523,62.219780689945395,16.0,2.0,1.0,1.0,1.0
56796.33909184914,1.0,45850.162362516516,61.221065037060555,14.0,3.0,0.0,1.0,1.0
74684.99888542207,1.0,69003.76706139302,59.92247789447156,15.0,2.0,1.0,1.0,1.0
201348.97353620193,1.0,69361.0123258459,43.76742576679744,17.0,2.0,1.0,0.0,0.0
200810.67577281865,1.0,95436.35919187528,43.993684825435906,18.0,1.0,1.0,1.0,1.0
50275.17814130906,0.0,57134.50945718402,29.552161614065852,13.0,2.0,1.0,0.0,1.0
103472.2717519624,1.0,39732.0078102751,28.24923153147033,16.0,3.0,1.0,0.0,1.0
172490.98685536705,1.0,90586.2635983638,62.49660180457782,14.0,5.0,1.0,1.0,1.0
6314.62161998068,1.0,36209.4422575371,45.76014800755635,13.0,2.0,1.0,1.0,1.0
144942.66146716836,1.0,100180.72849695319,29.2115393009648,13.0,3.0,0.0,0.0,0.0
51170.95445524791,0.0,68196.01664615859,28.304549511303453,16.0,6.0,0.0,0.0,1.0
133031.32793267007,1.0,94191.92024556185,56.50861053232624,13.0,4.0,1.0,0.0,1.0
67048.59322343118,1.0,67050.70288460795,57.213771430531466,18.0,2.0,1.0,1.0,0.0
95921.85293909836,1.0,77941.98461588715,36.50320908753655,15.0,1.0,1.0,1.0,1.0
947.2013480267851,0.0,22157.74206481473,32.43577067739499,15.0,2.0,1.0,0.0,0.0
149435.12953928072,1.0,78450.34043923313,55.03371746045624,16.0,3.0,1.0,0.0,1.0
189501.13309478416,1.0,61850.68992963451,62.00843675582222,12.0,1.0,1.0,0.0,1.0
174244.88258524548,1.0,57133.41086083715,52.4155918862874,12.0,1.0,1.0,0.0,1.0
-13154.105054534724,1.0,18847.964860072785,61.26361549825678,11.0,3.0,1.0,0.0,1.0
213568.39064617656,1.0,118486.42964524849,61.998864593529575,13.0,3.0,1.0,1.0,1.0
90740.87671464909,0.0,42703.84382557017,37.7445883155452,14.0,2.0,1.0,0.0,1.0
36273.451421964804,0.0,60296.49739701704,30.07192815529111,14.0,3.0,0.0,0.0,1.0
116160.45677915496,0.0,99785.77734968106,34.35760284465076,13.0,4.0,0.0,0.0,0.0
123741.73215805323,1.0,60361.59342904746,57.3938278175117,16.0,2.0,1.0,0.0,1.0
106886.35681554032,0.0,32875.4699192735,54.98505888398855,13.0,2.0,1.0,0.0,1.0
105536.70974074473,1.0,39063.4741955412,39.51655989949887,15.0,2.0,1.0,0.0,0.0
96967.56628168105,1.0,51738.11656908892,58.12308126764488,14.0,3.0,1.0,0.0,0.0
245665.02345579342,1.0,155365.22139863172,29.376465145527252,16.0,3.0,0.0,1.0,0.0
24158.632350211978,1.0,25509.14513010588,25.61299785999195,19.0,2.0,1.0,1.0,0.0
-60124.97158020837,0.0,16115.883396738995,44.543850251810525,17.0,2.0,1.0,0.0,1.0
-42161.07115737914,0.0,26619.734223500895,29.13106160867419,14.0,3.0,1.0,0.0,0.0
95320.7245548955,1.0,86396.3029497609,26.703859851150195,14.0,5.0,0.0,0.0,1.0
40166.465447930175,1.0,21173.12054455648,52.27189108611073,13.0,3.0,1.0,0.0,0.0
203909.45366349127,1.0,90380.82426386347,48.54800970292696,18.0,1.0,1.0,0.0,0.0
146900.50459666038,0.0,68168.75664550309,28.819720016754246,11.0,2.0,1.0,0.0,0.0
28259.405262599175,0.0,12318.753719324874,59.61660027144417,12.0,2.0,0.0,0.0,1.0
39019.855441303254,1.0,30480.04802896296,41.84946069459427,15.0,1.0,1.0,0.0,0.0
41976.63307987488,1.0,28501.686099900748,48.50081521020158,13.0,5.0,0.0,1.0,1.0
141940.29916393955,1.0,93104.70577768623,53.343424709764065,17.0,3.0,0.0,0.0,0.0
196205.72437435208,1.0,97031.72815684682,35.37850955761689,15.0,4.0,1.0,0.0,1.0
158461.93212742958,1.0,130134.76393478467,27.31711222966937,13.0,1.0,1.0,0.0,0.0
29637.332084259655,1.0,33341.840682886446,55.826604816533234,10.0,1.0,1.0,1.0,0.0
59507.64982792075,1.0,26901.74135435634,43.02763760694794,12.0,3.0,1.0,1.0,1.0
41278.955687639915,0.0,57458.15845461347,53.39032789696782,14.0,3.0,0.0,0.0,0.0
139572.3362443186,1.0,91359.56141571439,45.560272813311016,15.0,4.0,1.0,0.0,1.0
60678.20586696926,0.0,25136.514633410312,59.605709497806686,14.0,5.0,1.0,0.0,0.0
43870.80683654188,1.0,65096.35135467826,49.674878814063895,13.0,3.0,0.0,1.0,0.0
406814.07572511095,1.0,305339.97152960784,41.96425997333242,16.0,3.0,1.0,1.0,1.0
112876.39407553826,1.0,71292.99575346387,27.92391913741016,17.0,1.0,1.0,1.0,1.0
145601.80400234342,1.0,124304.94954409228,62.97650599979727,11.0,5.0,1.0,1.0,0.0
264364.88699841115,1.0,112608.2878799044,55.0793035943652,14.0,4.0,1.0,0.0,1.0
143346.94826778554,1.0,99565.20385334227,58.61698542306961,13.0,2.0,0.0,0.0,0.0
53282.18103553028,1.0,30213.329554615728,39.591518842961364,14.0,3.0,0.0,0.0,1.0
187921.57875961537,1.0,76293.0786815793,29.13706561391481,16.0,3.0,1.0,0.0,1.0
73701.47305864719,1.0,84958.54317883449,62.9619248317389,14.0,1.0,0.0,1.0,0.0
39663.474098195715,1.0,30939.604103987964,61.970786112122425,13.0,3.0,1.0,1.0,1.0
63730.15754357993,1.0,49032.5364911288,38.62471733486727,12.0,1.0,1.0,0.0,1.0
61073.11287781573,0.0,46982.13965542076,53.509357965096655,14.0,3.0,0.0,0.0,0.0
26024.15478458672,0.0,35638.72668380825,33.8645662372612,15.0,1.0,0.0,0.0,1.0
103230.71923489228,0.0,56552.2301537651,33.78565594096154,19.0,3.0,1.0,0.0,0.0
301792.98593376146,1.0,156914.5166763421,58.67245661178795,15.0,2.0,1.0,1.0,1.0
132878.65811063588,0.0,101572.69863496031,59.23378197832159,10.0,2.0,0.0,0.0,0.0
-23987.546851987965,1.0,19727.643349221613,36.1244910286477,16.0,2.0,1.0,0.0,0.0
163371.42866973783,1.0,79312.57638835811,43.99104478621416,15.0,1.0,1.0,1.0,0.0
51860.62298405632,1.0,36357.294126840134,57.183957468546026,11.0,1.0,1.0,0.0,0.0
165822.9804791151,1.0,46010.72655553683,52.79214625082183,16.0,2.0,1.0,1.0,1.0
26973.56487226502,1.0,10164.038449979991,34.6657151873644,14.0,1.0,0.0,1.0,0.0
203017.3502883422,1.0,110121.04310717327,55.2183868621594,20.0,4.0,1.0,0.0,0.0
174312.42302512104,1.0,78402.99461034362,63.21717772432381,11.0,2.0,1.0,1.0,1.0
94152.5494668377,1.0,31533.491431168644,46.3847527017118,15.0,1.0,1.0,0.0,1.0
201835.88479927788,1.0,73372.58021949948,47.89822990379874,14.0,3.0,0.0,1.0,1.0
194510.608078636,1.0,164058.039071201,50.170705982956974,12.0,3.0,1.0,1.0,0.0
202245.22032993275,1.0,90039.62685623976,60.53454982726469,14.0,4.0,1.0,0.0,1.0
56216.58266290625,0.0,19355.10675460108,25.783783444073066,12.0,5.0,0.0,1.0,0.0
232913.05021208234,1.0,85308.6888709976,56.11964623946267,13.0,3.0,1.0,1.0,0.0
298723.48479705444,1.0,106331.75878882738,52.59301345244531,14.0,1.0,1.0,0.0,1.0
116232.14479552196,1.0,64722.60473921692,55.78823236964553,13.0,3.0,1.0,1.0,0.0
65836.71951910014,1.0,40524.31458163648,34.21288877509092,16.0,1.0,1.0,0.0,1.0
-39145.37914437994,1.0,21854.4482253745,47.71198975445071,16.0,2.0,0.0,0.0,0.0
246990.60674899918,1.0,150867.2025842869,34.38664696256358,18.0,5.0,1.0,0.0,1.0
70169.14976545953,0.0,46724.463116907216,37.5346138571051,16.0,2.0,1.0,1.0,1.0
167294.5466185832,1.0,56389.088966282274,40.55883661325854,16.0,4.0,1.0,0.0,1.0
126560.04524803923,1.0,71317.54055547419,58.27211889851217,13.0,3.0,1.0,0.0,0.0
121733.72567335998,1.0,76529.36940261743,43.24084961257685,14.0,4.0,0.0,0.0,1.0
-14452.142953471652,0.0,30840.572882853903,28.151001066656924,13.0,1.0,0.0,0.0,0.0
135220.58225401223,1.0,89986.51194356194,55.81788656124009,14.0,3.0,0.0,0.0,0.0
61752.82910912909,1.0,22995.754736623876,53.59724427636541,18.0,2.0,1.0,0.0,0.0
131880.46492445184,1.0,40945.98805520302,28.109107949003178,11.0,1.0,1.0,0.0,0.0
143885.01185017213,1.0,82538.83294993856,42.101212882867316,13.0,4.0,0.0,0.0,1.0
125037.97580112133,1.0,28149.975843789613,59.96787765534824,16.0,1.0,1.0,0.0,1.0
190390.00535677766,1.0,96579.95210569545,28.223063885489804,14.0,1.0,1.0,1.0,0.0
150094.17601434953,1.0,128666.6629129129,58.46804479032934,13.0,2.0,0.0,1.0,1.0
113937.92343218517,1.0,31354.988905327606,53.682416597248505,14.0,3.0,0.0,0.0,0.0
-9214.880479440624,0.0,45594.90548118095,25.283396087257646,11.0,2.0,0.0,0.0,0.0
87495.76107500383,1.0,81997.98073423296,35.23739306726392,15.0,1.0,0.0,1.0,1.0
35323.91895093833,1.0,24750.162638743564,31.78890888256136,17.0,1.0,1.0,1.0,0.0
82508.10477050694,1.0,65684.42137349595,40.06384555502298,13.0,6.0,1.0,0.0,1.0
71031.38232325221,0.0,25399.492624133854,33.718536708773236,15.0,2.0,0.0,0.0,1.0
83689.50292402817,1.0,105566.00236429165,44.454980026438946,13.0,2.0,0.0,1.0,1.0
112941.21691208512,1.0,49267.09644854032,27.690117896679087,17.0,4.0,1.0,0.0,1.0
53732.07645411387,1.0,17609.223985207896,58.718311176783736,14.0,4.0,1.0,1.0,1.0
107518.4274867692,0.0,28948.583635010968,38.39696877744631,14.0,1.0,1.0,0.0,1.0
45944.211679710446,1.0,36994.74196034769,61.23306385589397,14.0,2.0,1.0,0.0,1.0
88052.51953625982,1.0,33969.925160445935,52.17944925549067,13.0,2.0,0.0,1.0,0.0
102629.0730187477,1.0,46592.503697295084,30.296092943284805,18.0,3.0,0.0,0.0,1.0
199017.78374095028,1.0,99139.84952812627,38.808791069637735,12.0,2.0,1.0,1.0,1.0
163827.85651289122,0.0,77380.85039639124,62.454011244929085,16.0,1.0,0.0,0.0,0.0
-27718.226272434935,1.0,27408.4573525044,57.913861361678855,13.0,3.0,0.0,1.0,1.0
41811.03580300722,1.0,31601.642199702474,61.15926299786113,14.0,2.0,0.0,1.0,1.0
133827.48411370208,1.0,93118.75934151933,43.360275649490816,16.0,2.0,0.0,0.0,1.0
208312.37161232712,0.0,76729.655882815,36.77465082151654,13.0,1.0,0.0,1.0,0.0
159572.88567873614,1.0,71513.17730085365,45.93073211770388,11.0,2.0,1.0,0.0,1.0
259876.95745729096,1.0,178007.27825954527,51.63436187900086,16.0,4.0,0.0,1.0,1.0
45167.12278959603,1.0,36957.55800927801,37.04958984035568,14.0,1.0,1.0,0.0,1.0
93303.57949270675,1.0,61636.30713456213,28.644606994085134,16.0,3.0,1.0,0.0,0.0
-178.26031121232882,0.0,23538.799241600143,44.96626518628055,14.0,4.0,1.0,1.0,0.0
-16781.43743357551,0.0,20139.29470712512,40.19385427777292,12.0,1.0,0.0,0.0,1.0
133885.0625144388,0.0,61054.996689304666,27.525844121499563,17.0,2.0,1.0,0.0,1.0
79384.90273124099,0.0,38091.52219830225,43.101471139865,15.0,4.0,1.0,0.0,0.0
34089.98166267077,0.0,45038.111643408054,40.839799755415065,10.0,2.0,1.0,0.0,1.0
98227.33992841154,1.0,48998.889270559186,60.70890854953284,11.0,1.0,0.0,0.0,1.0
130856.57249648042,1.0,93876.27595449502,42.581166287754684,15.0,2.0,1.0,1.0,1.0
102031.48004385807,1.0,78950.5116762016,33.563576450321904,14.0,1.0,1.0,0.0,1.0
52333.20801777426,0.0,28558.05595736883,29.55826627326198,13.0,1.0,1.0,0.0,1.0
46844.08674922558,0.0,54013.60106287035,28.410676810977748,16.0,4.0,0.0,1.0,1.0
95086.04513551759,1.0,59969.606257165455,57.95266345952817,12.0,4.0,1.0,1.0,0.0
-33405.89192131093,0.0,28807.519661103997,31.33211278725969,11.0,3.0,0.0,0.0,1.0
255951.91973645834,1.0,86622.69677037554,29.715343594520714,14.0,2.0,1.0,1.0,1.0
73646.53561333372,0.0,52440.654060040746,27.715309626068002,17.0,3.0,0.0,0.0,1.0
382236.2300346053,1.0,231721.63072627506,32.60095140055267,12.0,1.0,1.0,0.0,0.0
139160.35464816605,1.0,68584.31472441292,35.095306929571905,15.0,3.0,0.0,0.0,0.0
-70499.6082912972,1.0,33511.18048309244,59.32331749243656,12.0,2.0,0.0,0.0,1.0
391784.07312951185,1.0,277337.10297000955,46.109440253939326,17.0,1.0,1.0,0.0,1.0
118194.700337928,1.0,73898.35528442591,35.544299175295336,11.0,2.0,1.0,0.0,1.0
55093.5246097543,1.0,32076.14535277549,48.41457315148466,15.0,1.0,1.0,1.0,0.0
55842.73176661513,1.0,25747.383698182442,36.80482395413722,18.0,1.0,1.0,1.0,0.0
121050.90319258937,1.0,38920.30816205218,63.30526527585,16.0,1.0,1.0,1.0,0.0
58112.46681264109,1.0,35774.38896381333,36.435124780471824,14.0,3.0,1.0,0.0,0.0
129716.18629285682,1.0,102598.15250865751,41.387932286217094,14.0,3.0,1.0,0.0,0.0
74034.95916500044,1.0,30281.0787400164,26.634664171091767,16.0,1.0,1.0,1.0,0.0
130334.61571679998,1.0,70183.84648852539,29.99673444058812,13.0,5.0,1.0,1.0,0.0
156209.61276227137,1.0,65462.915655673925,42.16365598798444,10.0,3.0,1.0,1.0,0.0
193369.78398877862,1.0,126486.066068652,37.80578655322806,15.0,3.0,0.0,0.0,1.0
-5402.96743897938,0.0,33599.441457965,28.32358285297428,14.0,5.0,1.0,0.0,1.0
79908.89831764076,1.0,65338.12114621156,41.179131786634656,12.0,1.0,1.0,1.0,1.0
134881.57614563897,1.0,67558.1701680031,55.90780650197505,13.0,2.0,1.0,0.0,0.0
119711.44618594847,1.0,38237.10227640331,51.96545552455165,11.0,4.0,1.0,0.0,1.0
43809.32713761408,0.0,41253.1381715821,53.64560046904781,14.0,1.0,1.0,0.0,1.0
98887.18313610098,1.0,42649.89640862085,25.032310844606013,15.0,1.0,0.0,1.0,1.0
134887.8830567339,1.0,57841.96358580941,45.23257120233407,14.0,3.0,1.0,1.0,1.0
150736.91636924967,1.0,91107.89122281436,58.92432730607625,16.0,6.0,0.0,1.0,1.0
56041.80616612993,1.0,83266.09721397098,50.86477814467439,13.0,2.0,1.0,0.0,0.0
81892.12947184099,0.0,32450.293163812887,34.471313505016795,13.0,1.0,1.0,0.0,1.0
132800.4533366423,0.0,40479.32287179435,36.260108271970125,13.0,2.0,1.0,0.0,1.0
117405.34754697411,1.0,53221.41968171638,44.75879138343191,15.0,3.0,1.0,1.0,1.0
138476.8951336248,1.0,117912.2996740877,29.688448010294387,14.0,4.0,0.0,1.0,0.0
-13871.771663938438,1.0,33587.5839386542,26.767536036970736,13.0,2.0,1.0,0.0,1.0
321267.33788714587,1.0,188979.43844533552,32.66368258602764,16.0,2.0,1.0,1.0,1.0
110408.30369792538,1.0,47230.09769428285,55.54425609137617,15.0,6.0,0.0,0.0,0.0
319439.3611874817,1.0,168243.3667476656,34.809192756980806,16.0,1.0,1.0,1.0,0.0
115843.82510508248,1.0,63301.356066081586,35.81838271417474,15.0,2.0,0.0,1.0,0.0
58808.05872891015,0.0,40211.85437847172,57.7199047931132,14.0,3.0,1.0,0.0,1.0
77232.58319284381,0.0,48434.90534805372,37.10382070181869,17.0,1.0,1.0,0.0,1.0
86201.37466505141,0.0,36532.74404410708,31.462622290800695,14.0,2.0,0.0,0.0,1.0
29310.030287612994,0.0,45114.56675918784,29.47354003588169,13.0,2.0,0.0,0.0,1.0
45005.62077546479,0.0,45585.63206248402,55.62107977795759,14.0,6.0,1.0,1.0,0.0
155267.0872167292,1.0,102773.49008388798,58.46287850937716,12.0,2.0,0.0,0.0,0.0
24282.507708599576,0.0,38496.57203461339,27.018024571020256,14.0,5.0,0.0,1.0,1.0
85530.80996126952,1.0,87196.59045140365,59.82628111684427,14.0,1.0,0.0,1.0,1.0
94329.07277641667,1.0,54397.16458196534,35.03391239025899,17.0,6.0,0.0,0.0,0.0
104264.47995909947,1.0,48194.60753804413,41.11340862768427,13.0,1.0,1.0,0.0,1.0
5902.571809155968,0.0,27277.28849243045,46.41429322535082,12.0,1.0,1.0,1.0,0.0
153423.07678632514,1.0,160832.02171522574,45.89438859627505,13.0,4.0,1.0,0.0,0.0
89452.14251763692,1.0,105244.30074365686,46.95237111012581,13.0,4.0,0.0,0.0,1.0
160462.063626195,1.0,68437.61952202632,45.596365413092805,10.0,3.0,1.0,0.0,1.0
177454.58209381005,0.0,110042.13448007705,36.29534992367275,13.0,2.0,1.0,0.0,1.0
-16732.53823231258,1.0,18651.844761821594,61.76580671633774,15.0,3.0,1.0,1.0,1.0
223297.1472500457,1.0,112305.69627128578,55.756219276074134,16.0,3.0,0.0,0.0,0.0
103426.71358000256,0.0,51607.258631813194,36.66001232717445,17.0,2.0,0.0,0.0,1.0
134924.49235495043,1.0,24613.09088353961,63.540207488539174,14.0,4.0,1.0,0.0,1.0
166619.65529579142,1.0,94566.3010362723,46.86999077474651,10.0,2.0,1.0,0.0,0.0
50226.707190312096,1.0,36158.47488035887,45.91437645200205,12.0,3.0,1.0,0.0,1.0
327635.4712422733,1.0,250218.528160266,55.303356244360614,16.0,1.0,0.0,0.0,0.0
59179.83106697075,1.0,52508.471135124484,26.028353798471873,17.0,1.0,1.0,0.0,1.0
114744.86450537466,1.0,68871.15735776146,53.239062283274926,11.0,2.0,0.0,1.0,1.0
30639.453609349694,1.0,44377.71155101792,34.72255676657164,13.0,2.0,0.0,0.0,1.0
136041.03195595113,1.0,134270.49604253192,27.303822419074493,14.0,3.0,1.0,0.0,1.0
167076.64030163194,1.0,81627.02918787287,46.09223151806055,16.0,1.0,0.0,0.0,1.0
189956.46261309757,1.0,41079.699261876616,43.489802719444754,12.0,3.0,1.0,1.0,1.0
90723.3950835003,1.0,53929.46540429117,35.49605754911334,15.0,3.0,0.0,0.0,0.0
52547.789001988305,0.0,19738.39073668758,43.59636034256331,11.0,3.0,1.0,0.0,1.0
21527.634736559543,0.0,40627.982433603276,40.88914535969848,11.0,1.0,0.0,0.0,1.0
-20722.402814729045,0.0,31245.97635516404,48.34891195108275,12.0,2.0,0.0,0.0,0.0
70945.09082613073,1.0,37039.51155261788,60.1997872768317,16.0,2.0,0.0,0.0,0.0
95507.45903750227,1.0,73944.67834085002,60.11688236921719,13.0,2.0,0.0,0.0,1.0
113002.3348488951,1.0,91690.16394662406,41.3585456194275,13.0,3.0,0.0,0.0,0.0
59638.153441680624,1.0,31137.12609795468,52.52099826989162,12.0,2.0,0.0,1.0,1.0
-35587.57043088743,0.0,56314.734304920705,49.632937265110954,12.0,3.0,0.0,0.0,1.0
179495.54818381486,1.0,78406.23983948625,54.282842539766435,12.0,4.0,1.0,1.0,0.0
-27046.529201397927,0.0,31648.744093504163,39.59851435633204,10.0,4.0,1.0,0.0,0.0
76462.84685736687,1.0,44475.880422146394,25.3671025148338,12.0,3.0,1.0,1.0,1.0
98929.72036149165,1.0,41377.52336090851,30.532541490387434,16.0,1.0,1.0,0.0,1.0
78006.30184023382,1.0,72340.09853098182,33.56525277304776,18.0,3.0,1.0,1.0,1.0
150447.42277290268,0.0,50735.53659317156,62.91409603595457,14.0,3.0,0.0,1.0,0.0
94833.79393693099,1.0,36246.80729718075,46.75914291482631,14.0,1.0,1.0,0.0,1.0
30928.957867265126,1.0,67787.9477999738,31.594702903014568,17.0,5.0,0.0,0.0,1.0
144575.22337101656,1.0,56907.039805814304,35.016282095853434,15.0,5.0,1.0,1.0,0.0
135428.4860282461,1.0,92237.23925354134,61.90260418492296,16.0,2.0,1.0,0.0,1.0
281973.370053531,1.0,130514.04784632288,40.96460556085135,11.0,1.0,0.0,0.0,1.0
105907.25401185812,1.0,50328.59785287047,25.09937571961277,12.0,2.0,1.0,1.0,1.0
297876.1959682689,1.0,173222.15600158894,42.333905393615964,16.0,4.0,1.0,1.0,1.0
-48535.958001701234,0.0,38672.53077198055,26.53905386740496,13.0,2.0,0.0,0.0,1.0
35647.89277840426,0.0,24140.419115593308,57.36504772507191,16.0,1.0,0.0,1.0,0.0
3499.699446716164,0.0,35279.401366745005,30.19652511495594,18.0,1.0,0.0,0.0,0.0
273432.01240711677,1.0,175005.02782315924,43.70065129964094,13.0,2.0,0.0,0.0,0.0
8308.403445874625,0.0,19397.174428574475,60.4659847134057,17.0,2.0,0.0,0.0,0.0
200277.35569907745,1.0,138547.30443603676,28.269125460661236,15.0,2.0,0.0,1.0,0.0
39269.529268138154,1.0,27282.14520592695,47.691860800171355,13.0,3.0,0.0,1.0,1.0
175620.71833950645,1.0,36806.789029666725,29.141415407303114,13.0,3.0,0.0,0.0,1.0
20495.158833211295,0.0,37583.6140246049,48.51849436621955,14.0,4.0,0.0,0.0,1.0
121884.79156508605,1.0,65638.12525382987,46.606567960296175,16.0,1.0,1.0,0.0,0.0
122297.32431324683,1.0,88503.96442020588,54.164563744469106,10.0,4.0,0.0,0.0,0.0
86938.11401984272,1.0,40987.73735944352,48.665274356441046,13.0,3.0,1.0,0.0,1.0
91397.11819836657,1.0,61991.4756743653,44.71706593185643,18.0,2.0,1.0,0.0,1.0
274036.18013534084,1.0,183042.30121004864,40.978751123228605,13.0,2.0,1.0,1.0,0.0
125830.02872209657,1.0,85810.90633956861,43.031639808005934,15.0,1.0,1.0,0.0,0.0
62081.211366804215,1.0,22439.44733037352,56.5972661969203,14.0,2.0,1.0,0.0,0.0
100919.1253976373,1.0,65194.03235625163,40.199672094920885,13.0,2.0,0.0,1.0,1.0
59588.61991856663,0.0,23683.63959001335,62.093521351365006,16.0,3.0,0.0,0.0,0.0
17978.01419033813,0.0,55645.5354349436,43.51515060032371,14.0,1.0,1.0,0.0,0.0
185559.89135848108,1.0,97574.05164477444,55.738879042747485,14.0,4.0,0.0,0.0,0.0
199898.38483056496,1.0,127006.17249278931,43.98931965135327,13.0,3.0,1.0,1.0,1.0
72853.17170832086,1.0,43533.20138026588,33.0030273926653,16.0,3.0,1.0,0.0,1.0
116600.59057750198,1.0,40239.3892620949,31.35933769997307,14.0,1.0,1.0,0.0,1.0
123124.54808719498,1.0,100542.62957677913,52.659790596345566,14.0,1.0,1.0,1.0,1.0
95551.17042448194,1.0,51885.690409673014,35.60056493252471,11.0,3.0,1.0,0.0,1.0
83008.92735993196,1.0,77925.78169107549,39.51270796842341,16.0,3.0,1.0,0.0,1.0
121703.53627922985,1.0,87050.27215483946,54.197165441434024,16.0,3.0,1.0,0.0,1.0
286253.44416410057,1.0,171119.79049016043,25.683746288651523,12.0,2.0,0.0,0.0,0.0
-2045.9275762581674,1.0,33531.404387467024,37.21810081107742,15.0,2.0,0.0,1.0,1.0
179964.89310290437,1.0,79719.56552799686,29.72592175960944,15.0,2.0,1.0,1.0,1.0
54247.364315826206,0.0,49903.765507454365,38.42479344302196,15.0,4.0,1.0,1.0,0.0
5425.432898444851,1.0,43192.03149395831,52.91210012952995,11.0,2.0,1.0,0.0,1.0
337764.4760361071,1.0,107030.19742852947,58.95890164843767,17.0,3.0,1.0,0.0,1.0
24608.658157835544,0.0,19736.865600146008,25.397085691438644,12.0,5.0,1.0,0.0,1.0
168346.46617247982,1.0,86462.95411801795,38.69622304578662,15.0,3.0,1.0,0.0,1.0
175775.56914163605,1.0,91068.06072738102,57.77564770432681,11.0,2.0,1.0,0.0,1.0
40479.23769554523,1.0,21529.601559289116,50.835528824870934,14.0,3.0,0.0,0.0,0.0
176774.79863966853,1.0,76311.82702885735,57.17430086088973,11.0,3.0,1.0,0.0,1.0
137573.0203668747,1.0,85505.55039583742,29.957976736685215,12.0,4.0,1.0,0.0,0.0
70075.4744420487,1.0,51372.54225576344,40.46398913099563,15.0,2.0,1.0,0.0,1.0
155827.89032171364,1.0,72855.07848219674,55.37717161673662,15.0,5.0,0.0,0.0,1.0
134015.81219202906,0.0,32976.07972906301,53.64381804628108,17.0,1.0,1.0,0.0,0.0
184340.42270095585,1.0,144824.45914716486,61.18804341684604,15.0,2.0,1.0,0.0,0.0
27723.366706354434,1.0,34769.34646216942,33.55167434693429,15.0,4.0,1.0,0.0,0.0
190165.26845908203,1.0,110862.09278331084,25.008473241253593,12.0,2.0,1.0,0.0,1.0
8480.100814477424,1.0,29437.1595175524,45.099837143494526,13.0,3.0,1.0,0.0,1.0
3488.6233047003043,0.0,25520.999127245163,32.07391725824445,15.0,1.0,1.0,0.0,0.0
132079.59037521228,1.0,104356.05211582087,52.22717388864963,15.0,2.0,1.0,0.0,1.0
42068.05633218356,0.0,47510.734188732924,26.038001025395236,12.0,3.0,1.0,0.0,0.0
283983.5203861179,1.0,158903.26281683752,46.31749483034208,15.0,4.0,1.0,0.0,1.0
76961.28919761626,1.0,76530.18772799031,62.489404602348465,13.0,2.0,1.0,0.0,1.0
9596.947589788637,0.0,22012.819655597148,49.28279115924357,16.0,1.0,1.0,1.0,1.0
90250.61807129762,1.0,43385.834829104744,56.54997182434262,14.0,2.0,1.0,0.0,1.0
87756.62993893794,1.0,42165.09356009596,36.723503970420396,12.0,2.0,0.0,0.0,0.0
247740.1437558984,1.0,147530.9026671027,38.495067961267054,15.0,3.0,1.0,1.0,1.0
28214.582452174902,1.0,50626.18028087388,44.67910273379451,14.0,2.0,0.0,1.0,1.0
157293.5489609802,0.0,40873.91277071971,27.927031596557015,14.0,1.0,1.0,0.0,1.0
8971.203477002935,1.0,38792.211611613,61.541156064636375,13.0,3.0,0.0,1.0,0.0
277288.75146190514,1.0,183533.05285325236,40.64571407535017,16.0,2.0,1.0,0.0,1.0
60306.008687625974,1.0,87666.55792431638,39.98448086993848,13.0,3.0,1.0,0.0,1.0
32515.005435487776,0.0,31467.69360094794,42.755370921011725,16.0,1.0,0.0,0.0,1.0
29328.473803669185,1.0,68267.44709537875,48.47451659375537,14.0,2.0,0.0,0.0,1.0
84705.52084950249,1.0,59010.23776143124,27.731933283199993,10.0,6.0,1.0,1.0,0.0
158173.74053201385,1.0,54985.112545473705,36.31780347607817,11.0,3.0,1.0,1.0,0.0
121970.88182978785,1.0,83796.7846098848,28.023085499560835,13.0,5.0,1.0,0.0,1.0
218638.1741774558,0.0,154124.35004072724,44.63081485708949,10.0,3.0,0.0,0.0,0.0
126779.62595715684,0.0,79048.47762669227,38.56849463511972,12.0,4.0,1.0,0.0,1.0
281875.22535057564,1.0,209349.6813719639,51.92413881826563,12.0,1.0,0.0,1.0,1.0
210220.64088058413,1.0,131714.11276882896,39.18916140442215,12.0,3.0,0.0,0.0,0.0
133768.41359590934,1.0,91163.93815857156,33.501253162369544,14.0,4.0,0.0,0.0,1.0
195792.9303854367,0.0,98821.40718479917,38.1600518496097,10.0,3.0,0.0,1.0,1.0
-13195.703781353579,1.0,32296.166680812414,25.230193797087065,14.0,2.0,0.0,0.0,1.0
75299.25279457842,1.0,42126.07928066419,56.222128328279105,12.0,3.0,1.0,0.0,0.0
162217.27417896333,1.0,66765.31738271944,39.86935134743491,16.0,3.0,1.0,1.0,1.0
101490.42636795258,1.0,57486.1638580622,37.28898762837285,14.0,1.0,0.0,0.0,1.0
72960.7920498968,1.0,60113.55205112602,29.100480291788912,14.0,2.0,0.0,1.0,0.0
172165.47172446054,1.0,112814.33970966213,60.107261936232426,16.0,6.0,1.0,0.0,0.0
124115.57275659617,1.0,78842.79752286259,45.94743869550051,12.0,1.0,1.0,1.0,0.0
117887.04437244454,1.0,24712.71780272432,59.49075056826777,17.0,2.0,1.0,1.0,0.0
103768.56696556858,1.0,59995.168865895896,27.41650155403292,14.0,3.0,1.0,0.0,1.0
102511.87406449823,1.0,30764.983273754795,40.69870688532733,15.0,4.0,1.0,1.0,1.0
16571.59793206807,0.0,43838.57958984224,31.799842974390025,12.0,1.0,1.0,0.0,0.0
109646.4242621079,0.0,27638.12099770602,49.36439537415362,15.0,1.0,1.0,0.0,0.0
73766.5768317329,0.0,22479.153876072094,30.737192532432477,12.0,5.0,1.0,1.0,1.0
297882.9279620112,1.0,202834.87760450103,52.006162807641886,14.0,2.0,1.0,0.0,1.0
90946.53164195453,0.0,29039.63174400165,55.665558389037386,13.0,4.0,1.0,1.0,0.0
221633.56521344962,1.0,122662.8369686257,54.33233871784235,11.0,2.0,1.0,1.0,1.0
54719.39012640358,1.0,38118.40590662171,50.29766521679458,13.0,2.0,1.0,0.0,0.0
61004.785947389115,1.0,41135.844572900394,52.95497420940113,17.0,3.0,1.0,0.0,1.0
148272.86973474143,1.0,103663.36808270527,37.10090947402529,17.0,3.0,1.0,0.0,1.0
131766.99420379286,1.0,65246.28643773836,38.72110842987917,15.0,2.0,0.0,0.0,0.0
63562.88497849788,0.0,26894.178098634908,61.6164943742683,13.0,2.0,0.0,0.0,1.0
40514.92835737481,0.0,73753.89273082654,35.36804738082597,13.0,4.0,1.0,0.0,1.0
33226.70972196959,1.0,37771.04192553864,47.66558265562358,14.0,6.0,1.0,0.0,1.0
211419.61088880943,1.0,111871.84408722987,59.22381491578216,18.0,2.0,1.0,0.0,0.0
232675.78406535753,1.0,135560.38500102647,51.20782568004101,17.0,3.0,1.0,0.0,1.0
-29336.010673003737,1.0,33700.86631973801,26.30651563001714,13.0,2.0,1.0,0.0,1.0
69142.78038623738,1.0,33260.595930457755,46.225128563111824,11.0,2.0,1.0,0.0,1.0
100180.85284441125,0.0,41683.773104472035,60.7128185952884,12.0,3.0,1.0,0.0,0.0
89733.84754342903,0.0,40703.086305289464,26.919902676520977,14.0,2.0,0.0,0.0,0.0
82600.58053437731,0.0,62832.299985671285,32.136575108697876,14.0,2.0,0.0,0.0,0.0
169948.32798226853,1.0,70597.39500535185,49.99732684570555,14.0,2.0,1.0,0.0,0.0
150538.04201722093,1.0,66936.43055703386,33.65311303459847,14.0,4.0,1.0,0.0,1.0
146075.33282111364,1.0,93992.51808151003,63.634582168394935,16.0,5.0,1.0,0.0,1.0
292813.2454666762,1.0,112394.9373195704,43.368778992719655,16.0,1.0,0.0,0.0,0.0
181338.06346193675,1.0,103232.62592496748,34.58305946057849,14.0,4.0,1.0,0.0,1.0
174885.236071436,1.0,60929.230027632824,61.023079043450245,11.0,2.0,0.0,1.0,1.0
211392.07930826483,1.0,127564.76962711955,37.43595763693109,12.0,2.0,1.0,0.0,1.0
96437.98689610997,1.0,73539.17661820633,49.9808975033303,18.0,3.0,0.0,0.0,0.0
104798.05666320963,1.0,33222.60977076211,47.759685407937965,17.0,4.0,1.0,0.0,1.0
129795.41075300034,1.0,76527.80400708817,33.47652950541398,12.0,1.0,1.0,1.0,0.0
157671.85617960218,1.0,73324.81995043637,62.936379063025946,17.0,3.0,0.0,1.0,1.0
131496.58284205184,1.0,115077.57172167195,49.09903306841352,11.0,2.0,1.0,0.0,0.0
110215.33398037008,0.0,31986.21444350948,36.780345692190274,13.0,2.0,1.0,0.0,1.0
146949.28012759244,1.0,63005.97848618933,46.42726990753407,13.0,3.0,1.0,0.0,1.0
206532.8001031721,1.0,173704.49944022234,28.719886533141498,11.0,3.0,1.0,1.0,0.0
87093.85062675063,1.0,38575.32176345839,60.82449998252581,14.0,4.0,1.0,0.0,0.0
195181.62551550785,1.0,108491.47719670026,31.897275402126233,14.0,3.0,1.0,0.0,0.0
90697.04060449825,1.0,26568.506959683775,45.67401442810669,13.0,1.0,0.0,1.0,1.0
17858.95616361472,1.0,43369.38727778859,57.67310321328683,15.0,2.0,0.0,0.0,0.0
142692.0963721908,1.0,55544.58436133207,53.57824864958441,13.0,2.0,1.0,1.0,1.0
150944.10744868498,1.0,54618.1925043189,40.322158513811814,15.0,2.0,1.0,0.0,1.0
87861.93575097277,1.0,26834.863235224577,46.71915544164078,16.0,2.0,0.0,1.0,0.0
22317.7357293486,1.0,68276.81110326502,28.912554865113336,11.0,1.0,1.0,0.0,1.0
96804.82661324956,0.0,49937.787014717505,44.62295404785001,16.0,4.0,1.0,1.0,1.0
179070.8701677169,1.0,111005.82590039023,35.059440793906845,14.0,4.0,1.0,0.0,1.0
75305.42379424577,1.0,43260.16288963336,36.43112306976491,17.0,3.0,1.0,0.0,1.0
43936.74293041104,1.0,50488.53632914271,48.33507999921608,13.0,3.0,1.0,1.0,0.0
-30947.363884033242,0.0,50015.175268103056,35.97952221875984,12.0,4.0,1.0,0.0,0.0
110815.68826269398,1.0,52898.26581928228,38.9747100793271,16.0,2.0,1.0,1.0,0.0
-22568.003273622126,0.0,21749.55041743096,55.68965653473782,14.0,2.0,1.0,0.0,0.0
130924.24099555591,1.0,38667.42446536915,48.61552272500725,14.0,3.0,1.0,0.0,1.0
118396.64272119764,1.0,66923.91981338078,50.77059039144304,10.0,3.0,0.0,0.0,1.0
232081.06996673116,1.0,173351.16041744608,58.79633746699671,16.0,2.0,0.0,1.0,1.0
114140.27888396672,1.0,64671.96708572901,29.14759931664485,12.0,4.0,1.0,0.0,0.0
-89612.20777297218,1.0,42905.08288958086,31.992658643294106,18.0,2.0,0.0,1.0,0.0
107239.48911972047,0.0,66280.9392188767,54.205403947659875,17.0,1.0,1.0,0.0,0.0
18465.670640491735,0.0,53794.07863200744,35.22305494563188,12.0,1.0,1.0,0.0,1.0
140225.75266037742,1.0,39719.65927202016,62.8034287518673,17.0,5.0,1.0,1.0,1.0
215989.2323621728,1.0,90354.21163336457,61.73730009895348,16.0,1.0,0.0,1.0,0.0
492566.6895096334,1.0,349721.3655504545,32.386667118496106,11.0,3.0,1.0,1.0,1.0
171223.14250422976,1.0,93780.94986283194,27.900070611085006,16.0,1.0,1.0,0.0,0.0
27589.23285735541,0.0,28501.54935443157,60.71081366357696,15.0,4.0,1.0,0.0,1.0
220642.6718401853,1.0,148548.35738204262,34.49295743119353,12.0,2.0,1.0,0.0,0.0
204735.81267251624,1.0,134300.1719800331,33.52814895628211,14.0,2.0,0.0,0.0,1.0
130074.82999747076,1.0,49747.083967740786,56.034027081282375,16.0,6.0,1.0,1.0,1.0
148542.89088616174,1.0,72674.23353560703,58.53695417533942,14.0,2.0,1.0,0.0,0.0
91288.74317128217,0.0,43673.744439958165,29.764639629905076,14.0,4.0,1.0,1.0,1.0
27213.59080700133,1.0,12345.45719054044,36.251316032153646,14.0,3.0,1.0,0.0,0.0
66034.16766727352,1.0,83042.22688776151,30.301354462933805,12.0,2.0,1.0,0.0,1.0
236288.7384139983,1.0,108954.28314407742,52.44845133786556,12.0,1.0,1.0,0.0,0.0
122224.82178746808,1.0,56513.42760454451,55.08438422474604,17.0,5.0,1.0,0.0,0.0
142923.94104401913,1.0,83522.8323256625,54.97360090076187,15.0,2.0,1.0,1.0,1.0
366689.67205206555,1.0,289736.9909041021,45.833335592902806,14.0,2.0,0.0,1.0,1.0
168450.58748204855,1.0,130306.79627726594,41.359180720152715,14.0,3.0,1.0,0.0,1.0
100988.01251119362,0.0,45306.31303802449,33.27238340407437,15.0,4.0,1.0,1.0,1.0
98006.998938976,1.0,88087.55890533971,35.1158792001177,13.0,2.0,0.0,0.0,1.0
182522.8360907934,1.0,96690.21859072596,60.870243341085036,10.0,2.0,1.0,0.0,1.0
66693.912389118,0.0,37262.044281528135,56.57452203220183,12.0,4.0,1.0,0.0,1.0
-13699.216119107157,1.0,29663.02070663632,41.22938237811326,15.0,4.0,1.0,1.0,0.0
124525.65750405319,1.0,84995.80164615107,41.90705771971709,13.0,3.0,1.0,0.0,0.0
221769.74887492062,1.0,108160.26487675137,55.76330695604668,12.0,3.0,1.0,0.0,1.0
210596.77476517047,1.0,136151.5709260778,25.944306156701305,13.0,1.0,1.0,0.0,1.0
78093.7088360533,0.0,67683.7993445265,27.379005706153457,13.0,5.0,0.0,0.0,1.0
57642.939603984996,1.0,35016.55450235812,50.16590009771156,12.0,1.0,1.0,1.0,1.0
166939.12838907726,1.0,115846.41396809083,31.23005839851229,15.0,2.0,1.0,0.0,1.0
55745.293454288396,1.0,37063.42976007163,57.20056057828226,16.0,2.0,1.0,1.0,1.0
83185.85121572339,1.0,75146.91847446274,27.209379794777224,13.0,3.0,1.0,0.0,0.0
111880.50762369685,0.0,85910.41076877777,38.7191628749096,14.0,2.0,1.0,0.0,0.0
-5476.009992970161,1.0,38404.292110991766,33.13409540155651,10.0,2.0,0.0,1.0,1.0
294675.39466028655,1.0,149550.69191442488,47.74675111048093,13.0,4.0,1.0,1.0,1.0
179617.92429737447,1.0,47776.893521019294,38.05065443268305,14.0,1.0,1.0,0.0,1.0
87125.25933020932,1.0,88424.70465646502,61.090339396278395,12.0,3.0,0.0,0.0,1.0
222717.9873988517,1.0,87364.80397899284,56.13934825834344,11.0,2.0,0.0,0.0,1.0
79179.44601899058,1.0,37833.39949412707,53.00255165147253,19.0,2.0,1.0,0.0,0.0
86826.38671167463,0.0,35719.11431270284,32.17477041123961,12.0,1.0,1.0,0.0,1.0
198556.5771305532,1.0,99940.32739522458,41.3224627026596,12.0,3.0,1.0,0.0,1.0
123722.23090972191,0.0,59236.6453931066,56.55992231457404,12.0,1.0,0.0,0.0,1.0
85875.6673265122,1.0,38734.85361685019,54.036285260160994,13.0,3.0,1.0,0.0,1.0
125098.88638453728,1.0,38500.19075626383,51.45126280618041,18.0,3.0,0.0,1.0,1.0
121052.25737550492,1.0,69406.5505410485,52.889829630626636,16.0,4.0,1.0,0.0,1.0
123815.24321589904,1.0,90403.20356597973,49.403055829814804,13.0,4.0,0.0,1.0,1.0
-39967.807843909,1.0,45750.11854150356,34.25779925450283,13.0,1.0,0.0,1.0,0.0
25817.502506051955,1.0,69887.38877347132,43.42756300359501,13.0,3.0,1.0,0.0,1.0
296666.35929103656,1.0,122553.41632471375,57.09390336266251,12.0,2.0,1.0,0.0,0.0
164674.3528808371,0.0,86857.41666119233,52.195395936191936,10.0,3.0,1.0,0.0,1.0
56158.61943403593,0.0,67689.38567901035,38.70914535407877,17.0,1.0,1.0,0.0,0.0
294865.7951661468,1.0,188160.08398175804,27.301949573206254,13.0,1.0,1.0,1.0,1.0
97229.2504471862,1.0,45812.06145010516,63.754742092480164,18.0,2.0,1.0,1.0,0.0
90261.81633383664,1.0,28964.325331278684,59.00234162251962,20.0,2.0,1.0,0.0,1.0
145986.70983022868,0.0,52194.56630111365,55.230088254508175,15.0,2.0,1.0,0.0,1.0
169615.9124091072,1.0,54060.95877110198,41.687801112624086,12.0,2.0,1.0,0.0,1.0
72647.5841498398,0.0,49062.63382690894,58.53225858585863,12.0,1.0,0.0,1.0,1.0
350424.8896318356,1.0,265136.515871493,56.949400693767615,14.0,4.0,1.0,0.0,1.0
166999.7337428887,1.0,106113.17734735084,51.45342845931946,13.0,2.0,0.0,0.0,1.0
56848.57372542123,0.0,54829.58410331888,44.50289690356769,12.0,3.0,1.0,0.0,0.0
141040.1834618705,1.0,76120.25547415359,62.35906381180895,10.0,3.0,0.0,0.0,1.0
13904.64512442415,0.0,21288.674643371225,45.7413106451226,13.0,3.0,0.0,0.0,1.0
174388.20739581453,1.0,121769.57871824209,56.15305995866645,13.0,1.0,1.0,1.0,0.0
279848.8706919587,1.0,135668.92817448935,47.38691712553003,15.0,2.0,0.0,0.0,0.0
25654.606428009494,0.0,20701.54652651149,41.23642544558015,14.0,3.0,0.0,0.0,1.0
265141.12052134844,1.0,170013.20837597715,30.917505277729088,10.0,2.0,0.0,0.0,0.0
89141.12520814226,1.0,71734.76269233917,35.16422398227891,11.0,5.0,1.0,0.0,1.0
159975.18019405537,1.0,63587.54206412776,48.864872001986,11.0,6.0,0.0,0.0,1.0
138852.0416636489,1.0,96489.97404027202,30.76606700722207,15.0,3.0,1.0,1.0,1.0
85812.87539153903,1.0,60057.36248048474,28.274090571015435,13.0,2.0,0.0,1.0,1.0
139511.79331131617,1.0,60956.18471775394,42.02487768399333,12.0,3.0,1.0,0.0,1.0
240874.93174996102,1.0,108055.43785997455,61.7070495316197,13.0,2.0,1.0,1.0,1.0
326976.8786780703,1.0,229259.69337788632,47.08692756400522,12.0,3.0,1.0,1.0,0.0
265709.3885784369,1.0,111504.17329965871,63.60166748151187,12.0,2.0,1.0,0.0,0.0
59743.6763854006,1.0,64598.25063576479,35.86181279054357,15.0,2.0,0.0,0.0,1.0
42327.31615083179,1.0,23290.83893515775,39.0102710582463,16.0,1.0,0.0,1.0,0.0
62895.40402515955,0.0,26657.90614348403,44.19387970907738,16.0,1.0,0.0,0.0,1.0
62836.10341244577,1.0,70229.48336389584,25.761096293432026,14.0,5.0,1.0,0.0,0.0
196911.3856381299,1.0,77645.87863774489,53.28423054126873,15.0,5.0,1.0,0.0,0.0
244226.71401136383,1.0,135492.7228620707,38.919407991702634,15.0,1.0,1.0,0.0,1.0
254.8942219734745,1.0,72874.86614276994,35.44137929324758,12.0,2.0,1.0,1.0,1.0
128884.05810021349,0.0,38064.17032877205,32.74844540776432,11.0,1.0,0.0,0.0,1.0
124260.45531027662,0.0,40013.575868732136,59.033058613235,14.0,3.0,0.0,0.0,1.0
106086.4574427472,1.0,80057.67124854408,40.48636454298745,18.0,3.0,1.0,0.0,0.0
33376.711048441386,0.0,37461.343372774834,29.046597215870676,13.0,1.0,1.0,0.0,1.0
-33842.55585275275,1.0,36493.55869411238,38.70313035596184,15.0,2.0,0.0,1.0,1.0
75926.26554131915,0.0,51271.32787537701,51.40620048544095,13.0,2.0,0.0,0.0,1.0
31804.58991839252,0.0,27159.896410398207,55.342758317903446,16.0,3.0,1.0,1.0,1.0
175163.04051993915,1.0,57720.68590202904,25.86606330896868,16.0,3.0,1.0,0.0,1.0
19515.43803102798,1.0,81440.32630156753,34.48896008905528,14.0,2.0,1.0,0.0,0.0
227768.78589108025,1.0,117601.58988973562,55.51349056854893,15.0,4.0,1.0,0.0,1.0
88473.19342737528,1.0,29343.91194951194,33.092388853444604,13.0,2.0,1.0,0.0,0.0
76199.8573524225,1.0,71563.05042587913,40.41889781226811,14.0,1.0,1.0,0.0,0.0
119815.5145971452,1.0,67968.41391498643,59.105127639117526,12.0,2.0,1.0,1.0,0.0
122375.75752369325,1.0,57133.626609595995,43.54731163245042,13.0,4.0,1.0,0.0,1.0
137171.43943563645,1.0,108476.78637981747,27.002610099574444,16.0,3.0,1.0,1.0,0.0
128536.17108084197,1.0,43196.37216905324,46.8021718354254,12.0,3.0,1.0,1.0,1.0
342939.65020686795,1.0,211057.60651410936,51.93536824559783,15.0,3.0,1.0,0.0,1.0
165929.75959477253,1.0,102045.25747060386,59.488814360550954,12.0,1.0,0.0,0.0,0.0
38614.54637797348,0.0,44010.98460903781,37.43016238027016,11.0,5.0,0.0,0.0,0.0
59368.824603369634,1.0,51856.383084923924,42.17334670911664,18.0,1.0,0.0,1.0,1.0
161109.12470605454,1.0,89640.63340187317,54.132375109544164,13.0,1.0,1.0,0.0,0.0
6081.554150560187,1.0,29498.621926598396,50.159218132890786,16.0,2.0,1.0,1.0,1.0
133337.4195809801,1.0,81729.38035888974,44.730920416928925,10.0,2.0,1.0,0.0,0.0
118515.2129699633,1.0,124456.4825423857,45.29711665455852,13.0,6.0,0.0,1.0,0.0
17017.38869542253,1.0,64317.14671902226,44.33593866899443,10.0,3.0,1.0,0.0,0.0
19654.973244033128,1.0,36858.524088266335,42.428884714597814,16.0,1.0,0.0,1.0,1.0
95585.95931883207,0.0,30832.51698042576,57.465123952197104,12.0,3.0,0.0,0.0,1.0
210827.623006557,1.0,104611.32576440269,25.693513848686734,13.0,2.0,1.0,0.0,1.0
114730.50298275574,1.0,68885.32030645318,58.88944253575105,13.0,3.0,1.0,0.0,1.0
71139.36578238705,0.0,23286.82835171992,46.85308194202513,18.0,1.0,0.0,0.0,1.0
223254.49202040705,1.0,99636.23368259678,58.50936782519624,14.0,1.0,1.0,0.0,1.0
151232.57036258432,1.0,83956.31149328992,34.347035630073094,13.0,2.0,1.0,1.0,1.0
28279.125253063496,1.0,27137.59519451323,50.53172544121194,15.0,2.0,0.0,1.0,1.0
89239.32674061,1.0,61797.14444224351,43.24172690736965,12.0,3.0,1.0,1.0,0.0
69477.12572458576,0.0,64760.938456569944,28.781155305530643,17.0,2.0,0.0,0.0,1.0
14380.756244644566,1.0,33309.853486679676,59.059386843117835,13.0,4.0,1.0,1.0,1.0
107091.02475072458,0.0,53742.81044288443,47.93585751691308,14.0,1.0,1.0,1.0,0.0
203074.9575764774,1.0,103253.59427900301,27.332624764233593,18.0,1.0,1.0,0.0,1.0
180323.1637725344,1.0,75055.24216807052,39.447450688000565,18.0,2.0,1.0,0.0,1.0
26610.48206001966,0.0,43033.79291112191,37.54441121814754,18.0,2.0,0.0,0.0,0.0
93480.80790766812,0.0,49395.95157048666,42.11066030212945,13.0,3.0,1.0,1.0,1.0
262167.2377684601,1.0,159617.17568841984,44.867459706274445,15.0,2.0,1.0,1.0,0.0
16654.921195355735,0.0,27849.80951007741,29.176594889206424,11.0,2.0,0.0,1.0,1.0
42477.149907118,1.0,27250.04849915945,49.3480797703151,13.0,4.0,1.0,1.0,1.0
45287.63300316889,1.0,66081.42048157465,33.79111613224957,10.0,3.0,1.0,1.0,1.0
201650.70152186567,1.0,116537.02905425237,41.55085135003282,13.0,4.0,1.0,0.0,1.0
200030.01792608798,1.0,129538.5740202681,54.197083424283605,12.0,6.0,1.0,1.0,1.0
178807.95283454988,1.0,91699.61421850839,33.28630665459842,18.0,3.0,0.0,0.0,1.0
144317.00280894755,1.0,89914.77290476096,32.04449996619131,15.0,1.0,1.0,0.0,0.0
-54381.39153427596,0.0,15801.671989998913,39.14899286260007,14.0,3.0,0.0,0.0,0.0
106294.3936523278,1.0,59692.53188058612,59.265071721066136,13.0,2.0,1.0,0.0,1.0
348695.2065115039,1.0,287683.9903888554,32.29831018492921,14.0,3.0,1.0,1.0,1.0
113709.55098975288,1.0,38780.03705499207,47.76570289270398,13.0,4.0,1.0,0.0,1.0
163799.36028244227,1.0,81586.31600306866,46.83760036615706,12.0,4.0,0.0,0.0,1.0
125402.17934958334,1.0,65312.98265407831,26.64553597361206,11.0,5.0,1.0,0.0,0.0
44851.631877142136,1.0,28911.534426265775,41.283601214958196,17.0,5.0,0.0,1.0,1.0
151773.2688297538,1.0,85484.98562236075,28.512041950356245,17.0,5.0,0.0,0.0,1.0
130141.0999035789,1.0,71810.6045925973,53.172609917702154,14.0,4.0,1.0,0.0,1.0
77505.84186544396,1.0,50806.28468562376,51.32257363296807,10.0,3.0,1.0,0.0,1.0
217538.76421680106,1.0,103208.69032007075,62.992203565146696,15.0,1.0,1.0,0.0,1.0
135369.1297039676,1.0,31962.08967596659,48.954051668320275,14.0,1.0,1.0,0.0,1.0
28214.41916969409,0.0,57433.61499494137,42.71069661366563,10.0,1.0,0.0,0.0,1.0
75641.02438011898,1.0,58333.103311919534,40.5017971732648,14.0,2.0,1.0,0.0,1.0
51642.17858835086,1.0,42039.044741148246,45.55421734031924,10.0,4.0,1.0,1.0,1.0
210448.1824064393,1.0,71419.01077258294,49.031332604848174,14.0,3.0,0.0,1.0,1.0
89628.61594525065,1.0,43103.751614340275,55.1553985588764,15.0,4.0,1.0,0.0,1.0
171732.96343807408,1.0,128159.16585704005,60.80413518970259,14.0,1.0,0.0,0.0,0.0
135224.92023493128,0.0,67717.05164318965,30.555897425447164,13.0,1.0,0.0,0.0,0.0
55098.33447419601,0.0,37734.467804835345,38.68238323574326,12.0,2.0,0.0,0.0,1.0
110456.39128525625,0.0,37284.71670401977,48.8037017185365,14.0,3.0,1.0,1.0,1.0
83110.05424517872,1.0,29964.22740767286,58.12901348717,17.0,1.0,1.0,0.0,1.0
140018.607882564,1.0,111982.08028323756,46.52238055452334,15.0,1.0,1.0,1.0,0.0
54357.16254306791,0.0,34911.06913247787,39.69626221273003,13.0,1.0,0.0,1.0,0.0
83985.71976938721,1.0,65863.65920872935,50.53183831681987,13.0,4.0,1.0,0.0,0.0
105376.4953438495,1.0,35731.94176259004,40.26818525174453,13.0,2.0,0.0,0.0,1.0
75186.5267885614,0.0,33183.37927235881,26.44298892156128,13.0,3.0,1.0,1.0,1.0
33434.43004825855,0.0,47164.00179086569,49.80508352318755,12.0,3.0,1.0,1.0,0.0
135537.99265557723,1.0,58289.577802886415,59.656524070262805,14.0,1.0,1.0,1.0,1.0
136711.70610772833,1.0,99753.9885029453,56.825095615724116,12.0,5.0,0.0,1.0,1.0
62982.102418466326,1.0,80607.35480531394,41.2241250520949,16.0,3.0,1.0,0.0,0.0
88832.43612468132,1.0,62675.59360513417,29.119692242880394,12.0,3.0,1.0,0.0,1.0
65203.87933581392,1.0,53288.65867559163,26.965642087906765,15.0,1.0,1.0,0.0,1.0
114161.94275853483,1.0,73190.23236222257,53.71026061642762,19.0,2.0,0.0,1.0,0.0
235070.09838201263,1.0,111600.25272343353,44.01331356902895,13.0,2.0,1.0,0.0,0.0
224011.23728593678,1.0,136693.5279481104,25.450777595984945,14.0,4.0,0.0,0.0,1.0
171476.37243847756,1.0,66824.66163631897,27.1690441199612,16.0,2.0,1.0,1.0,0.0
26879.41516468035,0.0,52798.18515239753,39.63937933940402,14.0,3.0,1.0,0.0,1.0
210691.45409337687,1.0,64835.80669739477,55.25617988059949,15.0,3.0,1.0,1.0,0.0
116414.18812816037,1.0,27951.02136096775,62.512519632074266,12.0,3.0,0.0,0.0,0.0
337.3716351760959,0.0,22253.10893138196,49.49558538559462,17.0,4.0,0.0,0.0,0.0
65793.46457213804,0.0,35502.75268017209,42.503199138193594,15.0,5.0,1.0,0.0,0.0
85094.94353922477,0.0,37551.50574739177,26.962188181453453,19.0,3.0,0.0,0.0,1.0
108250.81576266942,1.0,43678.537085933014,63.69087398383594,16.0,2.0,1.0,0.0,0.0
181438.22548377782,1.0,124395.99175443829,43.38187261361335,13.0,3.0,1.0,0.0,0.0
219115.5745483791,1.0,107089.5337385036,50.35163089309931,16.0,2.0,0.0,0.0,1.0
145452.25547355105,1.0,103413.13759348469,38.66242910116338,13.0,5.0,1.0,1.0,1.0
20042.599111748903,1.0,56045.5649052967,58.44231668782945,12.0,2.0,1.0,0.0,0.0
120134.89330827637,1.0,42326.630715841646,51.46460621934536,15.0,4.0,0.0,1.0,1.0
207899.25465495474,1.0,112046.50994199555,43.902854526864246,14.0,2.0,1.0,1.0,1.0
130988.10140519013,0.0,85342.86610640511,43.67170954504755,12.0,2.0,1.0,0.0,0.0
27846.451918314,0.0,54048.79676119111,28.69986682831879,15.0,4.0,1.0,1.0,1.0
70250.97185091025,0.0,19769.1778276843,50.52386283944443,14.0,1.0,1.0,0.0,0.0
174982.5020646128,0.0,79685.56352402632,53.95038000761879,13.0,5.0,1.0,1.0,1.0
68217.13697472514,0.0,119153.30454428989,40.885664406997925,10.0,2.0,0.0,0.0,1.0
118135.27185299643,1.0,48269.67827291349,48.40911648512038,16.0,1.0,1.0,0.0,1.0
270011.6666865089,0.0,222632.83853741674,48.248442022924046,16.0,1.0,1.0,0.0,1.0
155130.30362526435,1.0,53199.409503196104,54.15498539018786,15.0,1.0,1.0,1.0,0.0
86929.67457797028,0.0,36123.6393241799,27.502538197555644,13.0,1.0,1.0,0.0,0.0
142235.41140071262,1.0,86176.59361152435,25.879984622446944,13.0,2.0,0.0,0.0,0.0
28642.411877160826,0.0,36647.05052441387,34.17256496109122,13.0,3.0,1.0,0.0,0.0
173960.56361761416,1.0,84156.46036470076,59.077656904397735,12.0,2.0,0.0,1.0,0.0
241650.57345698122,1.0,133867.21607865204,52.30895147169948,14.0,3.0,1.0,0.0,0.0
34084.31155883548,0.0,35677.02615355146,30.70752725763251,10.0,4.0,1.0,0.0,0.0
108407.15837019832,1.0,70180.89971602097,26.675798156872798,10.0,2.0,1.0,1.0,1.0
-10824.31960049057,0.0,27616.1278888306,40.82407111979761,13.0,2.0,1.0,1.0,0.0
99570.25198109742,1.0,56174.692608762125,32.723504010148744,13.0,4.0,1.0,0.0,0.0
358882.80217196036,1.0,299305.53709028475,38.6360909607852,15.0,1.0,0.0,1.0,0.0
194491.42768217996,1.0,131492.83822436247,45.24911780262296,14.0,2.0,1.0,0.0,0.0
19920.2636360802,0.0,39224.24797859929,41.475277523007605,14.0,1.0,0.0,0.0,1.0
41746.06381748341,1.0,19068.916706663505,32.12836892540076,12.0,1.0,1.0,0.0,1.0
197260.10547203931,1.0,53595.91949372514,41.18922945302312,16.0,5.0,1.0,1.0,0.0
115380.8510978276,1.0,34482.14524327084,48.499693594452935,15.0,3.0,1.0,1.0,0.0
117717.90450042965,1.0,79489.12561013257,46.14147987632096,11.0,3.0,1.0,0.0,1.0
56795.34533090155,0.0,39280.86932547625,49.17012838728567,12.0,2.0,1.0,1.0,0.0
95868.62612235566,1.0,52733.925499772784,34.04518911689491,12.0,1.0,1.0,0.0,1.0
21353.20743147438,0.0,38989.95728673007,29.48498366945858,17.0,1.0,1.0,1.0,0.0
132881.2597994653,1.0,34132.008750095745,37.50937873557043,19.0,3.0,1.0,0.0,1.0
84185.7144460307,1.0,49416.710465110045,30.718868986044484,15.0,2.0,1.0,0.0,0.0
208859.11100362154,0.0,86252.8162205329,47.95399053470829,14.0,1.0,0.0,1.0,0.0
18952.743267451147,0.0,22203.487410457004,27.096082548944747,14.0,3.0,1.0,0.0,1.0
257400.0092268226,1.0,135033.05237332266,54.85335512815452,13.0,4.0,1.0,0.0,0.0
356112.4431665649,1.0,266189.1028916425,31.271504004979022,11.0,1.0,0.0,0.0,1.0
174687.50100630234,1.0,59540.7457222712,27.379437142360132,17.0,3.0,1.0,0.0,0.0
123341.57382268016,1.0,23813.468075625067,57.20942218942701,14.0,2.0,1.0,1.0,1.0
-27220.124287378287,0.0,10000.0,58.18652706301579,14.0,1.0,0.0,0.0,0.0
107573.4318598464,1.0,51072.66537325966,54.45583433201283,16.0,2.0,1.0,1.0,1.0
38002.04580047194,1.0,94707.61333610555,32.35371570259075,11.0,2.0,0.0,0.0,1.0
21555.245525052815,0.0,46659.402161733924,37.70424989832187,17.0,2.0,0.0,0.0,0.0
24455.965217782035,0.0,17368.072916535373,60.72621329354981,15.0,3.0,0.0,0.0,1.0
79554.80640848089,1.0,52939.3542000647,56.91627213399404,11.0,3.0,1.0,0.0,0.0
159594.67286769356,0.0,42455.45525227128,54.351986897634916,16.0,2.0,0.0,1.0,1.0
67256.3070026328,1.0,37928.33525286397,56.45557277737244,16.0,1.0,1.0,0.0,0.0
97112.55994217067,1.0,56900.84781743229,27.3458034506695,12.0,5.0,1.0,0.0,1.0
145398.52073318927,1.0,102147.90742466848,53.57981209657121,14.0,3.0,0.0,0.0,0.0
53685.52542066126,1.0,44906.445931896014,55.26180433745614,13.0,3.0,1.0,0.0,0.0
41747.67641694851,0.0,27646.597262882442,53.09308629240216,11.0,4.0,0.0,0.0,0.0
67079.54055822395,1.0,26293.19899650349,45.00617627395957,14.0,1.0,1.0,0.0,0.0
63655.43466579467,0.0,20616.79638155344,60.72993121374548,12.0,4.0,1.0,1.0,1.0
271368.2656809956,1.0,170240.9160015806,33.316150996503424,18.0,2.0,1.0,0.0,0.0
181929.07382652973,1.0,56127.14947363857,40.857188410056224,19.0,1.0,1.0,0.0,1.0
265149.84861110314,0.0,100493.5945351658,62.57653452764483,19.0,5.0,0.0,0.0,1.0
175970.9846034026,1.0,85020.96757485972,59.140267425484545,14.0,3.0,0.0,0.0,1.0
12231.53473195144,0.0,38370.0885188466,29.77037756853386,14.0,2.0,0.0,1.0,0.0
109634.4497668239,1.0,31246.689428745583,38.667992107947896,13.0,3.0,1.0,1.0,0.0
77774.93833140649,1.0,25798.25796432611,47.190225633215064,14.0,4.0,1.0,0.0,1.0
11290.058585769977,1.0,39502.14314900039,53.46566626875429,12.0,4.0,1.0,0.0,1.0
55878.326958797385,1.0,26567.9124531676,53.471059759356606,14.0,2.0,1.0,1.0,1.0
68855.25835408168,0.0,48458.214981086625,51.548214575941785,14.0,2.0,0.0,1.0,1.0
122852.80520601835,1.0,62279.36183663304,46.41390640966962,10.0,2.0,1.0,1.0,1.0
191001.1118806366,1.0,131304.59773809265,27.864617603801328,11.0,2.0,1.0,0.0,1.0
50800.38181329081,0.0,65552.80523039323,52.25094207706064,10.0,1.0,0.0,0.0,1.0
119177.98252816687,1.0,55131.07927836994,32.25320333841013,17.0,2.0,0.0,0.0,0.0
70780.37977954875,1.0,54238.758899097505,39.49560235306473,14.0,2.0,1.0,0.0,1.0
13792.063617543594,0.0,55970.53695681939,52.87563776524951,12.0,2.0,0.0,0.0,0.0
62468.68226519035,1.0,21691.42919208061,46.8225260633897,14.0,4.0,0.0,0.0,1.0
32912.87944943301,1.0,42663.322355784614,26.330974223671657,15.0,3.0,0.0,1.0,1.0
131323.8716454029,1.0,10740.35184380038,57.20483186166388,14.0,2.0,0.0,1.0,0.0
217090.9695599718,1.0,96803.27826981328,58.40228973416297,16.0,3.0,0.0,0.0,1.0
540941.9353052544,1.0,388416.83854036004,36.57145293011008,18.0,3.0,0.0,1.0,1.0
38608.07421265368,1.0,66278.42475063962,43.436595139596434,15.0,3.0,0.0,0.0,0.0
112599.6958079702,1.0,35030.19107620147,39.86240507940907,11.0,3.0,1.0,0.0,1.0
118044.94076720932,1.0,50221.30613450346,52.42735265591392,14.0,4.0,1.0,0.0,1.0
2191.0723509830714,1.0,50351.90518312501,37.82325154671915,15.0,2.0,0.0,1.0,1.0
70124.5709251872,0.0,67610.12085716327,56.335803612800945,13.0,1.0,1.0,0.0,0.0
108581.97007697987,0.0,66155.39827272954,57.375068131559566,13.0,3.0,1.0,0.0,0.0
166848.68539690867,1.0,85773.0160918765,56.24826143515706,16.0,1.0,1.0,1.0,1.0
38873.59659400846,1.0,35825.146844408766,54.038661485731566,16.0,3.0,1.0,0.0,0.0
33479.50104961514,1.0,53124.15758078162,46.73504754545862,15.0,2.0,1.0,0.0,0.0
198067.5780521675,1.0,73447.80435974912,50.02890829454978,12.0,3.0,1.0,1.0,0.0
14838.872705169328,0.0,35941.420982247,52.15873873687255,12.0,1.0,0.0,0.0,1.0
45912.408177066696,0.0,24388.15428956939,26.68433308437861,11.0,3.0,1.0,1.0,1.0
83474.6478700928,1.0,26677.8833570218,38.601227416260954,15.0,2.0,1.0,1.0,0.0
218273.88592571765,1.0,155382.21626125815,44.77261196101204,13.0,2.0,1.0,0.0,0.0
109568.2441016493,0.0,73810.89960954389,60.51195540454636,10.0,3.0,0.0,0.0,0.0
138642.24168000976,1.0,80702.42272600673,48.63090531851476,17.0,3.0,0.0,0.0,1.0
85989.61378428679,1.0,27141.39500637883,40.742374661736385,16.0,3.0,1.0,1.0,0.0
74036.88527644385,0.0,44596.699816525346,46.32174833291194,16.0,3.0,0.0,0.0,1.0
105058.85435750464,1.0,50136.588592467735,56.457118291377284,14.0,4.0,0.0,1.0,1.0
69868.00726572896,1.0,35081.92986434792,28.620454040487576,13.0,4.0,1.0,0.0,1.0
124859.69841814878,1.0,44781.180226609,38.59069335179481,13.0,1.0,1.0,0.0,0.0
88894.79812239038,0.0,57995.11598772013,52.863815213038265,14.0,3.0,1.0,0.0,1.0
69571.9788457932,0.0,25623.778240172313,38.92764575094302,13.0,2.0,0.0,1.0,1.0
179228.25960608438,1.0,66078.53919548522,57.454550607862444,17.0,1.0,1.0,1.0,0.0
56260.6820987912,1.0,48161.068183784424,57.00409940987645,10.0,1.0,1.0,0.0,1.0
45363.836919702684,0.0,35857.85793950427,54.86376679679781,14.0,3.0,1.0,1.0,1.0
63985.9838070653,0.0,16883.91358316262,38.02642366710727,14.0,2.0,1.0,0.0,0.0
15262.880915532627,0.0,21010.50473025081,39.997985996244864,14.0,3.0,1.0,0.0,1.0
113919.43307335989,1.0,90420.6004388096,48.61073598028497,14.0,1.0,0.0,1.0,1.0
292017.5183370592,1.0,125163.92446219052,28.99370112460397,17.0,2.0,0.0,0.0,1.0
75190.10842229605,0.0,60306.36487339655,32.07708841024841,16.0,2.0,1.0,0.0,1.0
44145.41582003354,0.0,50335.56544466223,53.11501817824286,18.0,4.0,0.0,0.0,1.0
55189.59671938099,1.0,50467.693961043966,48.475037377365666,15.0,4.0,1.0,0.0,1.0
205348.88050283288,1.0,123844.97547707493,28.016317185307468,16.0,2.0,1.0,0.0,1.0
92036.86655973076,1.0,66067.32484735409,26.1334643939436,14.0,3.0,1.0,0.0,1.0
166119.519388211,1.0,34356.35060286184,44.93619965366176,13.0,1.0,1.0,0.0,0.0
74576.6253980737,1.0,13960.147451204572,62.16609797344137,17.0,1.0,0.0,0.0,1.0
69147.19725578523,1.0,96076.98873626265,27.039827617679606,18.0,5.0,1.0,1.0,1.0
48804.07635731135,1.0,39656.14803500452,48.573251936898295,17.0,1.0,1.0,0.0,1.0
98887.73292926038,1.0,51736.2577846628,26.486792713752543,17.0,1.0,0.0,0.0,1.0
62327.94984010975,0.0,60645.52085606678,40.58121558151776,10.0,2.0,1.0,1.0,0.0
153467.42300843578,1.0,62533.34809636617,40.00621288701193,12.0,3.0,1.0,1.0,1.0
42384.42577147618,1.0,17132.105973833877,27.43042318991981,12.0,1.0,0.0,0.0,0.0
153672.57006367404,1.0,75495.32161203324,55.401788575242676,15.0,2.0,0.0,1.0,1.0
108781.00723652795,1.0,63055.73247876806,25.60754834997663,15.0,4.0,1.0,1.0,1.0
75166.58227457994,1.0,39255.09708377079,25.792408171654074,14.0,3.0,1.0,0.0,0.0
89687.85039185335,1.0,59722.3695034591,34.661257975372166,16.0,4.0,1.0,0.0,1.0
-64867.79586903352,0.0,31586.092427650903,54.17143479771576,15.0,5.0,0.0,0.0,0.0
106675.80822144762,0.0,35090.28204713847,29.691974344138927,15.0,2.0,1.0,0.0,0.0
211401.10404698236,1.0,121162.03200578532,37.76363628807299,15.0,2.0,1.0,1.0,0.0
162609.9639656316,1.0,73396.21846797921,53.07812084625972,14.0,2.0,0.0,1.0,1.0
93159.01404461816,1.0,59620.96820394232,39.89822129195744,17.0,3.0,1.0,0.0,1.0
106382.39372958853,1.0,73181.2467928561,25.048808738130646,15.0,3.0,0.0,0.0,1.0
83960.28920400901,1.0,53105.0393352734,26.758302366680198,13.0,2.0,1.0,0.0,0.0
2023.6312871355512,0.0,18124.319258779266,43.99086715649284,13.0,3.0,0.0,0.0,1.0
152119.63263012093,1.0,83964.8225745361,27.493608319222705,14.0,2.0,1.0,1.0,0.0
25703.058840739846,1.0,49965.16896991217,43.687862409477404,15.0,4.0,1.0,0.0,1.0
136595.47934114106,0.0,37851.739377063815,41.66266945339375,16.0,2.0,1.0,1.0,0.0
121410.72117668406,1.0,64256.73896049761,43.192269774561325,13.0,5.0,0.0,0.0,1.0
10778.038489783808,0.0,33477.310169680764,52.652297225296735,18.0,5.0,1.0,0.0,0.0
78678.80724605896,0.0,14802.23914825961,38.24593509854071,18.0,1.0,0.0,1.0,1.0
202884.22766758868,1.0,101320.09605163772,30.59366046161694,13.0,3.0,1.0,1.0,1.0
169579.36124365608,1.0,123706.193720506,45.28167542125966,15.0,3.0,1.0,0.0,1.0
24580.013705551726,1.0,45299.79155415199,54.00447947549752,15.0,1.0,1.0,0.0,1.0
51794.89543252547,1.0,26345.436919214742,60.47643425717186,12.0,3.0,1.0,0.0,1.0
223880.7419547084,1.0,84865.35452821951,60.607837950413284,15.0,2.0,1.0,1.0,0.0
50991.00736425562,0.0,39513.01884900169,55.08929266411461,14.0,2.0,1.0,0.0,0.0
120211.83723493302,0.0,38689.13639405503,57.97650537631264,16.0,3.0,1.0,1.0,1.0
127136.75213920104,1.0,37922.07320005724,62.50361081577256,17.0,5.0,0.0,0.0,1.0
112629.00474085877,1.0,124203.6816665913,38.811299559709624,15.0,1.0,0.0,1.0,1.0
71787.32930906334,1.0,59866.26683029654,47.884180750341685,17.0,4.0,1.0,1.0,0.0
69002.65471832117,0.0,79389.46381398631,49.13016103512975,12.0,4.0,0.0,0.0,1.0
238520.11832137415,1.0,97934.18824355931,58.66362874142896,18.0,1.0,0.0,0.0,1.0
-42454.74108260515,1.0,52690.6387872647,27.086419978726585,12.0,3.0,0.0,0.0,0.0
-9275.683061245298,0.0,40754.57864715981,25.80480876269713,10.0,3.0,0.0,0.0,0.0
487076.9357676176,1.0,381231.32151808037,36.45057336766648,15.0,2.0,1.0,0.0,1.0
-7978.8801444383,0.0,12948.480559573147,34.43000231064623,12.0,1.0,0.0,0.0,1.0
88280.8536809101,1.0,35061.140704889985,52.28319248794589,16.0,2.0,0.0,0.0,1.0
10813.981160704028,1.0,29215.242065568887,30.078626281435575,14.0,3.0,1.0,1.0,0.0
5838.911976672069,1.0,37881.75379842012,53.05643980414777,14.0,1.0,0.0,0.0,1.0
453649.9224641571,1.0,253041.59043640507,50.36547028340472,19.0,1.0,1.0,0.0,0.0
126436.88688621113,1.0,109791.09836565901,28.817964174847845,13.0,4.0,0.0,0.0,1.0
143846.83460462705,1.0,55016.64843348413,54.016138768313766,16.0,1.0,1.0,1.0,1.0
69574.69369952561,0.0,31965.6436404947,36.35162393301498,12.0,1.0,0.0,0.0,1.0
117866.5538284646,1.0,68967.06122754779,52.3441570296653,12.0,4.0,1.0,0.0,0.0
154664.7961698531,1.0,69427.501265309,31.048167986846387,15.0,5.0,1.0,0.0,1.0
115190.00075707206,1.0,81289.9181474364,57.93487419163336,14.0,2.0,1.0,0.0,1.0
66005.6300629761,0.0,32899.28894512958,42.33645037329483,13.0,2.0,1.0,0.0,0.0
23855.926758284037,0.0,13115.054709430295,25.52594986218642,16.0,6.0,1.0,0.0,1.0
93209.50835934596,1.0,40801.53772635084,37.243798689044574,11.0,1.0,1.0,0.0,1.0
11468.510638847969,0.0,57704.338133835285,26.475274005918838,11.0,5.0,0.0,1.0,1.0
264805.18884921947,1.0,106349.26290350872,42.633794828793484,15.0,2.0,1.0,0.0,1.0
281647.98387436103,1.0,113601.81089740779,44.11955967608887,13.0,1.0,1.0,1.0,1.0
48064.03284194497,0.0,23848.504852564285,58.68778285947469,10.0,4.0,1.0,0.0,1.0
278911.1120854219,1.0,116836.36656887426,61.485287838530795,16.0,2.0,0.0,0.0,1.0
63707.12244001725,1.0,49306.66405475248,42.25389918692022,14.0,3.0,0.0,0.0,1.0
94510.72608745153,0.0,69751.47351477112,34.50320196590964,15.0,4.0,0.0,0.0,1.0
190843.10977285015,0.0,100463.46534730725,32.096586833951235,14.0,3.0,1.0,1.0,1.0
102024.62848821019,1.0,86198.57061693979,42.77022011631661,15.0,2.0,1.0,1.0,1.0
273458.1607193775,1.0,166497.45551269,36.79289553753824,13.0,2.0,1.0,0.0,1.0
71840.89496703075,1.0,63760.49158335999,56.28758310996213,13.0,5.0,1.0,0.0,1.0
81718.25493167092,1.0,39483.259436743945,53.242541441652364,15.0,2.0,1.0,0.0,1.0
-297.61728596306057,1.0,19334.849279619342,48.9021554832365,12.0,1.0,1.0,0.0,1.0
94362.0548754192,0.0,34962.71000125981,47.051354883604006,15.0,2.0,1.0,0.0,0.0
116488.91465838201,1.0,76817.07697965439,49.18910008692623,16.0,4.0,1.0,0.0,1.0
154211.12012296604,1.0,89096.80690828375,59.42567819414171,11.0,2.0,1.0,0.0,0.0
117101.73245537958,1.0,67430.83036887112,41.31239697610046,11.0,3.0,1.0,0.0,1.0
264345.3117016553,1.0,107440.84332023196,54.36173882663806,14.0,1.0,0.0,0.0,1.0
220481.52318771926,1.0,108269.48538525408,49.965105289988905,13.0,2.0,1.0,1.0,0.0
28864.82657800748,1.0,48670.207551860156,59.37969330200014,10.0,1.0,1.0,0.0,1.0
141645.12729511628,1.0,85289.17062291864,45.024567547215625,12.0,2.0,1.0,1.0,1.0
65761.74627101369,0.0,50652.643161774206,29.774954416139483,13.0,2.0,1.0,0.0,0.0
129017.78983941804,1.0,84539.34608868486,48.46731361033339,13.0,2.0,1.0,1.0,1.0
194862.42828578,1.0,67014.459947004,41.33577346712568,18.0,2.0,1.0,0.0,1.0
64068.05690493947,0.0,22209.053767076057,50.138034297713766,16.0,6.0,1.0,0.0,0.0
143680.4061690569,0.0,70351.33907378843,59.219382475477495,11.0,4.0,1.0,0.0,1.0
301856.76711108064,1.0,160719.29224466925,42.68658676631296,16.0,3.0,1.0,0.0,1.0
83285.95955133511,1.0,35743.930819844434,40.51666906861937,16.0,1.0,1.0,1.0,0.0
206033.56779092093,1.0,107373.6501064973,59.163767979233825,13.0,2.0,0.0,0.0,1.0
162810.24620627594,1.0,61775.24534463707,61.52663562287225,17.0,3.0,1.0,0.0,1.0
111857.35795081586,1.0,96866.43127181257,45.07673442052715,14.0,2.0,0.0,0.0,1.0
144076.4448225564,1.0,62859.89191713872,42.24487814745767,17.0,1.0,0.0,0.0,1.0
163611.55084785214,1.0,41301.01560494688,60.881233171756634,15.0,5.0,1.0,0.0,1.0
203558.0829987418,1.0,98939.4737888135,40.80897005587216,17.0,3.0,1.0,0.0,1.0
239030.46232982256,1.0,140342.06565906553,33.74271156840473,18.0,1.0,0.0,1.0,0.0
111457.1205844761,1.0,73910.79840251713,57.13001929946925,15.0,1.0,1.0,1.0,1.0
-10261.260974911325,1.0,23190.627719324846,43.53818225163592,17.0,1.0,1.0,0.0,1.0
62464.65091704136,1.0,28874.02314231916,26.321336864855343,16.0,2.0,1.0,0.0,1.0
15453.77355986087,0.0,48581.57003000711,36.14483409766113,12.0,3.0,1.0,0.0,0.0
217032.7725287767,1.0,137382.45914023079,42.834203207920744,16.0,3.0,1.0,1.0,0.0
204754.42350195622,1.0,129034.39165460596,38.7137944049145,17.0,3.0,1.0,1.0,1.0
385768.3344158547,1.0,212274.11193061038,27.46756377994242,15.0,1.0,1.0,0.0,1.0
161538.41878961545,1.0,105474.58643191597,56.44651640382985,16.0,4.0,1.0,1.0,1.0
177458.84734049102,1.0,50505.2808295984,49.85204064773167,15.0,2.0,0.0,1.0,1.0
-8566.635622941823,0.0,33209.180234816326,30.359819634226525,16.0,5.0,1.0,0.0,0.0
179306.3494390178,1.0,104983.536694603,51.723169132763346,15.0,2.0,1.0,1.0,0.0
186177.94802528975,1.0,78538.80998201802,44.44320965140876,12.0,2.0,0.0,0.0,0.0
121658.43922625582,0.0,43024.826268752346,53.933532493609505,15.0,3.0,1.0,1.0,1.0
226508.1316582056,1.0,100288.3827334872,53.080639856424746,12.0,3.0,1.0,1.0,1.0
52832.044898864675,0.0,31340.134646081304,59.721317113590146,12.0,3.0,1.0,0.0,0.0
85445.96409429394,1.0,31256.87819612556,29.199816342944196,15.0,1.0,0.0,0.0,1.0
137832.0664344906,1.0,40574.63625403373,45.18727560861842,15.0,2.0,0.0,1.0,1.0
155680.4296110127,1.0,50612.064412854495,34.646692107209866,13.0,3.0,1.0,0.0,0.0
175214.9463500179,1.0,112732.80113215212,44.4427966623465,13.0,1.0,1.0,0.0,0.0
6191.089423506182,1.0,30079.63008879379,42.558563771822804,10.0,5.0,1.0,0.0,1.0
97091.42642656312,1.0,37781.34486900161,55.37218815729163,19.0,4.0,0.0,1.0,1.0
-32925.60441818886,1.0,71547.927019908,56.9307090035728,10.0,3.0,0.0,0.0,1.0
262827.8538819264,1.0,164684.8384195095,35.312661857465656,12.0,1.0,1.0,0.0,1.0
145902.37631031682,1.0,83176.27535447456,37.955490581281126,17.0,2.0,1.0,1.0,1.0
103447.77741435921,1.0,89273.4762467585,32.979076496534056,15.0,2.0,1.0,1.0,0.0
90436.3365582647,1.0,78374.11283686904,35.86225361826398,12.0,1.0,0.0,0.0,0.0
272793.9561478755,1.0,191386.67250495608,35.952135806428366,17.0,2.0,0.0,0.0,1.0
218888.61157245765,1.0,92628.74132377098,60.778398049054886,20.0,2.0,0.0,0.0,1.0
69239.59348898595,1.0,92053.01961215802,28.18167455829374,15.0,2.0,0.0,1.0,1.0
141374.0281528983,1.0,55905.10789372815,53.9568830472678,13.0,3.0,1.0,0.0,1.0
110883.45623073014,0.0,70402.41624813151,40.28462816150226,13.0,1.0,0.0,0.0,0.0
105279.71095975864,1.0,82686.31000933293,35.64279041709275,15.0,2.0,1.0,1.0,1.0
169299.24039954954,1.0,40426.20948576411,60.38854882876813,18.0,3.0,0.0,1.0,1.0
213889.7073491849,0.0,57964.63026590418,35.70718143175074,15.0,1.0,0.0,0.0,1.0
75351.53347574659,1.0,72960.95869405236,27.031037728008467,14.0,3.0,0.0,0.0,1.0
40961.19663281465,1.0,43205.632903853504,55.837505722291326,10.0,2.0,1.0,0.0,0.0
122009.76241286367,0.0,50622.18125080503,62.199958641736316,17.0,3.0,0.0,0.0,1.0
54171.600855208904,0.0,40245.9358977789,32.00315250788594,17.0,2.0,1.0,1.0,1.0
121192.54198432779,1.0,51939.690274220935,42.301478093169294,12.0,2.0,1.0,0.0,0.0
263468.4194371597,1.0,176532.96853001055,50.34035538251173,15.0,3.0,1.0,1.0,1.0
502777.97864797065,1.0,396428.6386646109,31.027288405825384,15.0,1.0,1.0,1.0,0.0
-1952.5667084460147,0.0,26691.742331641282,33.31576452579218,11.0,1.0,1.0,0.0,1.0
167822.76329609755,1.0,76924.82737913638,63.568014213859215,15.0,1.0,1.0,1.0,1.0
216526.49716085533,1.0,172518.28738023154,43.694359242422195,10.0,4.0,1.0,1.0,1.0
1188.6443587780886,1.0,22131.45192005079,54.73757112761301,12.0,1.0,0.0,0.0,0.0
31824.520059467533,1.0,24779.76429059448,56.424307505408095,14.0,3.0,0.0,0.0,0.0
41626.35299416782,0.0,32716.90502541388,38.60679130345923,12.0,2.0,1.0,1.0,0.0
167290.9276426493,0.0,66859.81097641704,53.25959723752903,13.0,4.0,0.0,0.0,0.0
82696.95173528601,0.0,60837.55157626663,27.478282787526098,16.0,3.0,1.0,1.0,0.0
145553.22056618435,1.0,65630.50626711677,53.966794879637106,17.0,1.0,0.0,0.0,0.0
75535.17817031048,0.0,42365.54594616008,45.23473117818882,16.0,4.0,0.0,0.0,0.0
26489.78784285979,1.0,54413.974653554935,25.094504208842395,12.0,1.0,0.0,1.0,0.0
121366.59827224443,1.0,45338.26809496066,39.60523046214736,15.0,5.0,0.0,1.0,0.0
43134.642674396935,1.0,34390.360374104814,62.14085311286719,10.0,5.0,1.0,1.0,1.0
74364.1366314439,0.0,33502.43205639459,60.386238686137354,14.0,2.0,1.0,0.0,1.0
142250.07110663172,1.0,68632.18112106029,60.0975294494466,16.0,1.0,1.0,0.0,0.0
185710.79928862397,1.0,70780.7028481204,52.31815767203234,12.0,1.0,0.0,1.0,0.0
-1957.0298105698675,1.0,36211.89151098468,26.68915436595636,16.0,3.0,0.0,0.0,1.0
130232.5008330195,1.0,75733.73813747878,45.969320065344895,16.0,1.0,1.0,1.0,0.0
92636.70465357817,1.0,29876.971921398585,31.007169340141154,14.0,2.0,1.0,0.0,0.0
167544.8748062018,1.0,104117.8850754252,26.372648786436642,14.0,2.0,1.0,0.0,0.0
97158.41533598273,1.0,39522.850247431044,60.639563132586744,20.0,1.0,1.0,1.0,1.0
133028.30610161237,0.0,63423.854673024034,46.77294323139668,13.0,1.0,1.0,0.0,1.0
167568.97741139808,1.0,135910.17618077603,41.75772390287902,13.0,3.0,0.0,1.0,1.0
110190.95895363181,1.0,67138.22306570933,52.05720169596336,15.0,4.0,0.0,0.0,1.0
150881.60234105904,0.0,45960.04354247707,46.97901395650767,12.0,4.0,1.0,1.0,0.0
41601.526987010366,0.0,41176.73068545898,57.87882089668705,15.0,1.0,1.0,0.0,1.0
75319.88479295204,1.0,43867.082273771775,52.15981390629746,13.0,2.0,1.0,1.0,1.0
218699.27529373136,1.0,101962.60511077038,36.61349156687358,16.0,2.0,1.0,0.0,1.0
103522.97749444656,0.0,17822.69644351058,49.033856144898444,16.0,1.0,1.0,0.0,1.0
156180.6072866023,1.0,96795.81828629323,25.553442899498286,11.0,3.0,0.0,0.0,1.0
272950.4972644976,1.0,208292.04998296898,59.94603396734192,15.0,3.0,1.0,0.0,0.0
-50752.81370266032,1.0,16320.212424735033,47.406465747060395,14.0,2.0,0.0,0.0,1.0
46912.36498767291,0.0,22335.403802212688,25.707109198675386,13.0,4.0,1.0,1.0,0.0
128712.11891328517,1.0,90788.92863794227,29.18298626306261,13.0,2.0,1.0,0.0,1.0
17394.83481386034,0.0,19921.141675776464,59.8359503973737,11.0,2.0,1.0,0.0,0.0
136151.50691949518,1.0,71610.66546270829,25.845122104193592,14.0,3.0,1.0,1.0,0.0
188359.52031554136,1.0,85513.61930530213,40.4433367889785,15.0,2.0,0.0,0.0,0.0
175742.35915157772,1.0,88521.58741449256,51.17726671256108,16.0,3.0,1.0,0.0,1.0
341426.04127047316,1.0,206380.332153814,53.95546306802821,12.0,3.0,1.0,0.0,1.0
70547.59268504512,1.0,51497.620707936054,45.75438726878271,10.0,1.0,0.0,0.0,0.0
93502.0612723452,1.0,93437.18096753753,27.666357524937872,19.0,4.0,1.0,0.0,1.0
291372.5562951031,1.0,152066.3732072746,62.50430448841349,18.0,1.0,0.0,1.0,1.0
103235.24608921916,1.0,42120.97439151523,52.846554206686676,16.0,4.0,1.0,0.0,1.0
119161.66063286943,1.0,118903.51517628462,49.485059945510756,13.0,4.0,1.0,1.0,1.0
150666.0123817593,0.0,40596.45433796446,45.52501726333726,18.0,2.0,1.0,0.0,1.0
126466.68991780253,1.0,117428.90345249054,31.589316946430632,14.0,2.0,1.0,0.0,1.0
62430.054861893565,1.0,37817.915304675764,27.333209686032028,15.0,2.0,0.0,0.0,1.0
-726.2206057922886,1.0,40742.44776177285,30.896384745967875,14.0,3.0,1.0,0.0,0.0
270054.1454638336,1.0,144773.0547296352,25.492901217264464,15.0,3.0,0.0,0.0,1.0
23467.111765581903,0.0,16073.641398112513,43.33658812633675,15.0,1.0,0.0,0.0,1.0
228751.2038102906,1.0,124180.25006299716,26.094222010067128,14.0,1.0,0.0,0.0,0.0
64111.44881767414,1.0,58737.73256592876,33.54275141739881,14.0,4.0,0.0,0.0,1.0
30704.367109026007,0.0,33022.148622316425,39.27754288183746,14.0,2.0,0.0,0.0,1.0
58672.24712710187,1.0,33034.10863467628,63.17549594660949,12.0,4.0,0.0,1.0,0.0
130960.6025591041,1.0,110087.58003495005,54.45763661501027,10.0,2.0,1.0,1.0,0.0
108282.57616650037,1.0,63757.06237941699,46.67815764190525,15.0,1.0,1.0,0.0,0.0
261907.7458362069,1.0,144095.73893605729,26.424710944237496,17.0,3.0,1.0,1.0,1.0
87763.99625984053,1.0,70279.30402075576,41.95410676649074,13.0,2.0,0.0,0.0,1.0
152084.3165454791,1.0,78461.13200887147,49.34500260931047,12.0,3.0,0.0,0.0,1.0
28637.56214723663,0.0,47848.1700524094,29.18146821264819,14.0,6.0,1.0,0.0,0.0
22571.05939199373,1.0,25770.903251165644,62.20551754692284,17.0,3.0,0.0,0.0,0.0
134912.04462318055,0.0,77687.22037001909,48.01596465997187,16.0,3.0,0.0,0.0,0.0
107537.15011810759,1.0,38027.77679406639,49.93497840066424,14.0,3.0,1.0,0.0,1.0
58970.943060172176,0.0,59951.14399056774,44.47459328255455,14.0,4.0,1.0,0.0,0.0
168533.1043290762,1.0,113124.51227684303,36.35845630676229,13.0,2.0,1.0,0.0,1.0
99766.3720359097,1.0,43782.07125568971,37.52587572293581,16.0,2.0,1.0,0.0,1.0
160769.49987048772,1.0,72656.32839950593,42.34102289154795,14.0,2.0,0.0,0.0,0.0
-3219.0727307034977,0.0,49116.57760666712,35.941297319240434,14.0,3.0,1.0,0.0,1.0
109783.64201342006,1.0,55639.9691677486,60.07660459452822,17.0,2.0,1.0,1.0,1.0
44483.55485119416,1.0,54557.09175907753,35.18422810717606,11.0,6.0,1.0,1.0,1.0
129301.3458569342,1.0,73090.52578534356,39.32849056233624,14.0,2.0,1.0,0.0,1.0
84441.59121106609,1.0,49216.65640355759,29.531329179282576,17.0,1.0,1.0,0.0,0.0
166293.99557020044,0.0,60185.012791533365,29.98742870843091,18.0,1.0,1.0,0.0,0.0
70377.92052726424,1.0,79336.73934953337,30.196710806148506,15.0,2.0,0.0,0.0,0.0
259136.40162337385,1.0,119245.77271082952,59.55869178585527,13.0,3.0,1.0,0.0,1.0
169168.08801379704,1.0,106185.68775922392,58.252488174308475,10.0,2.0,0.0,0.0,1.0
120502.46112158932,0.0,58065.56018137712,34.33132126946751,12.0,2.0,0.0,1.0,1.0
338152.1085241867,1.0,243690.25841051392,37.67591796604937,14.0,1.0,0.0,0.0,1.0
-18451.997779634934,1.0,30478.714385342806,33.500152202078276,14.0,2.0,0.0,1.0,1.0
219393.51238878933,1.0,92227.10212359182,55.45035437740914,14.0,2.0,1.0,0.0,0.0
172439.11505499462,1.0,75396.03452033007,51.39294336183133,12.0,1.0,1.0,0.0,1.0
112056.66561721967,1.0,39148.717699989385,33.68158041163336,12.0,4.0,1.0,0.0,1.0
65469.96356528401,0.0,51650.96421709277,46.825681382201594,12.0,4.0,1.0,0.0,1.0
132999.0200894054,1.0,111151.06582532084,42.20756239224751,13.0,1.0,0.0,1.0,0.0
148439.28765263426,1.0,50726.369003783504,45.0998231869375,15.0,4.0,1.0,0.0,0.0
55004.32542239854,0.0,35716.65771520906,26.528826341021674,15.0,4.0,0.0,1.0,1.0
154904.65511714004,1.0,57605.4383675012,29.624629849469116,16.0,2.0,1.0,1.0,0.0
18723.196401388683,0.0,42186.98204118038,33.501227892763275,13.0,1.0,1.0,0.0,0.0
33034.59929939006,0.0,42061.952634100206,37.23115182211656,11.0,4.0,1.0,0.0,0.0
131296.2443146599,1.0,98512.39803314269,55.430545635884584,12.0,3.0,0.0,0.0,0.0
69186.83768561404,0.0,44999.295343243546,31.550624622752,10.0,2.0,0.0,1.0,1.0
90488.52218564553,0.0,36391.94024678582,50.688560377159796,16.0,3.0,0.0,0.0,1.0
89192.40638113228,1.0,80756.81255733108,47.958132359903736,12.0,1.0,1.0,0.0,0.0
166450.22037707502,1.0,92279.58749825445,52.88843500596571,19.0,3.0,1.0,0.0,1.0
98025.5521738341,1.0,56701.27123933513,28.111591268667286,15.0,2.0,1.0,0.0,1.0
144953.11836000672,1.0,83175.11997614997,38.19588133856669,12.0,2.0,1.0,1.0,1.0
17599.241798270465,0.0,37777.48474309809,53.986442829966805,12.0,3.0,0.0,0.0,1.0
160359.969631769,0.0,127850.3631135689,35.24811393629457,12.0,1.0,1.0,0.0,0.0
101458.34190843212,1.0,41813.8452563978,43.31972003517381,12.0,1.0,1.0,1.0,1.0
204711.03053208673,1.0,90332.92635444518,57.31926861359978,15.0,5.0,0.0,0.0,1.0
46545.781158952,0.0,38209.632832481366,59.03519110484917,13.0,1.0,1.0,0.0,0.0
87365.72450921146,1.0,82484.08422841871,54.75424204508242,11.0,1.0,0.0,1.0,0.0
57745.83846501673,1.0,58689.94368278961,51.52655501387685,14.0,1.0,1.0,0.0,0.0
192527.74375307912,1.0,82987.30587018604,55.95399506668326,13.0,1.0,1.0,1.0,1.0
52264.24500304523,1.0,67397.92513747091,57.880506335320874,12.0,1.0,1.0,1.0,1.0
169857.66444879462,1.0,73258.21512471556,55.415303578113395,17.0,1.0,0.0,0.0,0.0
160160.26874104797,1.0,66636.8747623362,50.00120078901695,13.0,4.0,0.0,0.0,1.0
93737.31401725768,0.0,40169.77558036816,52.83207024481919,16.0,5.0,1.0,0.0,1.0
69284.80049483871,0.0,63938.67761643137,51.614977916370535,15.0,1.0,1.0,1.0,1.0
93754.17716390542,1.0,63911.697114232906,49.254515965424446,15.0,2.0,0.0,0.0,0.0
-1157.3532136469767,0.0,20918.036210394686,39.20937918037365,15.0,3.0,0.0,1.0,1.0
64837.68827049136,0.0,18498.886427522848,63.248107217145865,12.0,3.0,1.0,0.0,1.0
110558.86156068307,1.0,69436.71308072377,35.6442432570299,14.0,4.0,0.0,0.0,1.0
67372.8883425832,1.0,21029.804560467488,36.660901981797835,16.0,2.0,1.0,1.0,1.0
117838.09738412278,1.0,62810.91886089029,62.627395799180334,16.0,1.0,1.0,1.0,0.0
105947.31122327407,1.0,45519.215098496185,25.28027561356247,19.0,3.0,1.0,1.0,0.0
160884.9541963697,1.0,104604.9506140556,26.088167533571934,13.0,3.0,1.0,1.0,1.0
22353.29340486281,0.0,53414.22740023337,34.22197391985841,15.0,5.0,1.0,1.0,1.0
103001.77606315223,1.0,74702.5731846938,28.662819711821136,12.0,1.0,0.0,1.0,0.0
98148.52678757731,1.0,65473.33143502009,47.21308776893062,14.0,5.0,0.0,1.0,0.0
197329.39644223847,1.0,75655.8658993671,56.76915976682684,15.0,1.0,0.0,0.0,0.0
198266.1449233008,1.0,206687.41767705308,38.007699472261706,13.0,2.0,1.0,0.0,0.0
171430.7270089441,1.0,88443.90223112618,59.93744718814711,14.0,5.0,0.0,1.0,1.0
24711.928270352488,1.0,42419.0232780663,41.7531035145677,12.0,3.0,1.0,0.0,1.0
42911.72712781381,1.0,33664.60723570426,58.76931514284295,13.0,1.0,0.0,0.0,0.0
116983.05535432008,1.0,30847.997470457816,46.1613092716552,16.0,3.0,1.0,1.0,0.0
114979.99059540381,0.0,42849.30850028073,49.831398783272846,18.0,2.0,1.0,0.0,0.0
128471.99267937063,1.0,49517.92621636373,62.924463126466385,15.0,3.0,0.0,0.0,0.0
-29740.678435172234,0.0,24698.074409719116,38.525043832168315,10.0,3.0,0.0,1.0,0.0
16458.073506683984,1.0,25760.602192875256,31.222338669388773,14.0,3.0,0.0,0.0,1.0
154777.5955241931,1.0,57692.83339775371,41.196774021367574,16.0,4.0,1.0,1.0,0.0
334687.2578513449,1.0,205826.26490979857,63.68063926231432,16.0,4.0,0.0,0.0,1.0
98427.2086617795,0.0,36277.12681713847,40.050714430204216,12.0,2.0,1.0,1.0,1.0
159255.59472479223,1.0,76149.46881840508,41.84436521966384,16.0,2.0,0.0,0.0,1.0
141284.34255662217,0.0,75716.64013843979,26.28297761733133,14.0,3.0,1.0,0.0,0.0
229878.842286042,1.0,69027.54029360836,60.19224369326773,19.0,3.0,1.0,0.0,1.0
-33821.30492325666,0.0,12294.118745303564,58.74684181753271,14.0,2.0,1.0,0.0,0.0
137892.39579842062,1.0,71070.48710087092,55.596881210632674,13.0,2.0,0.0,1.0,0.0
-10102.159470833554,0.0,35295.72504550304,29.214815679241298,15.0,3.0,0.0,1.0,1.0
74941.31479207863,1.0,66083.31091889899,52.59205425529774,16.0,1.0,0.0,0.0,1.0
-29554.189027538043,0.0,23965.730831515353,27.127636356677158,15.0,2.0,1.0,1.0,0.0
150053.27757115228,1.0,68562.37377005891,47.3190613896621,15.0,3.0,1.0,0.0,1.0
218744.13279230837,1.0,142829.58760380006,43.71689458736378,14.0,4.0,1.0,1.0,1.0
204667.19144002858,1.0,125982.09705368536,46.15483289427722,14.0,3.0,1.0,0.0,1.0
69884.93345598842,1.0,25245.338490456124,55.53613323994223,12.0,1.0,1.0,0.0,1.0
3538.71973228312,0.0,38600.32295387527,52.362275370523705,11.0,1.0,1.0,1.0,0.0
112998.63416415273,1.0,68619.8250187881,31.470553209845118,11.0,2.0,1.0,1.0,0.0
292896.0311744593,1.0,183263.31286556117,30.147576866517866,16.0,1.0,1.0,0.0,1.0
77808.98402886654,1.0,65111.96021817263,46.33677722867183,16.0,3.0,0.0,0.0,1.0
32528.050745342574,1.0,44597.55860201001,28.050912121095493,13.0,5.0,0.0,0.0,1.0
93407.18301573362,0.0,56109.116510493055,63.521329392916876,13.0,1.0,1.0,1.0,1.0
5512.030453534222,0.0,34547.720897444786,33.45918595104165,13.0,2.0,1.0,0.0,1.0
83055.79030021095,1.0,47078.03802457761,58.743530813130036,18.0,2.0,0.0,0.0,1.0
57393.403546158464,1.0,34875.37131239077,43.41576283525576,13.0,1.0,1.0,0.0,1.0
52104.69262744372,0.0,50750.78504251524,46.97562035038677,10.0,5.0,1.0,1.0,0.0
24706.438784137048,0.0,38710.811577138214,33.489897713375896,11.0,3.0,1.0,0.0,0.0
171469.3419326546,0.0,60040.429331833475,53.71337601325868,17.0,5.0,1.0,1.0,0.0
145335.8277419237,1.0,43643.849843468,35.170812886874984,13.0,2.0,1.0,1.0,1.0
261477.7018123277,1.0,152738.37778530788,48.42671932622746,15.0,1.0,0.0,0.0,1.0
348276.49538599735,1.0,204899.57969793444,59.49314324336645,12.0,3.0,1.0,1.0,1.0
83079.33483827469,0.0,43965.113902818266,41.91291593056012,19.0,4.0,1.0,0.0,0.0
91530.35188259515,0.0,32172.147316782855,59.59450855619251,16.0,2.0,0.0,0.0,1.0
147358.21169471674,1.0,89041.40313382617,53.964875730210906,15.0,1.0,1.0,0.0,0.0
212781.14694447038,1.0,119142.49191594492,48.07370706287537,12.0,3.0,1.0,0.0,1.0
29369.755136845735,1.0,34922.34636513893,49.1635358570491,14.0,4.0,1.0,1.0,0.0
210159.89687836968,1.0,90453.99653708005,58.06088424077343,16.0,2.0,1.0,1.0,1.0
166873.11821151577,1.0,98967.04176920783,25.590780099636458,14.0,4.0,1.0,1.0,1.0
79107.66235450185,1.0,56501.16691245803,44.65473705612284,15.0,3.0,0.0,0.0,0.0
176214.74347535742,1.0,88105.49684379219,48.923538292658606,14.0,3.0,1.0,0.0,1.0
195898.2433464364,1.0,125864.69946046577,25.056902888445936,13.0,2.0,1.0,1.0,1.0
143596.76125673737,1.0,82718.60271160214,62.57991937933615,12.0,1.0,1.0,0.0,0.0
136725.88234593876,1.0,106018.1920742577,40.84386265969661,10.0,1.0,1.0,1.0,1.0
96604.86533370634,1.0,63675.78604116967,49.11809203565126,16.0,4.0,1.0,0.0,1.0
113084.72110950199,1.0,69901.92431723824,38.50880124546012,12.0,2.0,1.0,0.0,1.0
124229.14029574583,1.0,70460.34762440235,32.58228396128556,13.0,2.0,0.0,0.0,1.0
307203.1766972387,1.0,165718.6460818267,42.30993493748465,17.0,4.0,1.0,0.0,0.0
42674.42950757861,1.0,31092.06834851116,32.25837799844653,15.0,3.0,1.0,1.0,0.0
179547.2567953369,1.0,78074.53184312567,59.56178147368637,13.0,3.0,1.0,0.0,1.0
97254.17346575769,1.0,83745.07834688039,28.328221388877022,18.0,1.0,1.0,0.0,0.0
174324.4367044199,1.0,110882.23518971654,61.526437041449505,12.0,2.0,0.0,1.0,0.0
65157.10811659321,1.0,34115.77931793814,30.947853567553352,12.0,2.0,1.0,0.0,1.0
142789.21571548417,1.0,81248.83655533867,62.316065128593685,14.0,4.0,1.0,0.0,0.0
108446.72244792758,1.0,94253.47050512591,40.3145449171465,16.0,2.0,1.0,0.0,1.0
125898.26214305358,1.0,56998.978348351215,42.09451846503016,17.0,2.0,1.0,0.0,1.0
118054.46830738439,0.0,78849.58711957911,43.313355410392916,14.0,2.0,1.0,0.0,1.0
280293.9246416298,1.0,134149.6846890573,36.956791966312316,16.0,3.0,0.0,0.0,0.0
253733.96091980147,1.0,131576.36499365311,46.97176515203775,12.0,1.0,0.0,1.0,1.0
204481.07180376706,1.0,155838.68973493393,33.32441964536501,14.0,4.0,0.0,0.0,0.0
27837.038385687672,1.0,20453.744022465526,52.94726203047935,14.0,4.0,0.0,0.0,0.0
161479.99396882782,1.0,85268.17226337129,37.949288199173225,16.0,2.0,1.0,0.0,0.0
281582.4216868784,1.0,202231.61438758668,49.381739617403525,10.0,4.0,0.0,0.0,0.0
165504.3117099802,0.0,39167.38599913095,54.59123251076311,11.0,3.0,0.0,1.0,1.0
91366.80637967352,1.0,87783.6353702406,46.08729057167913,17.0,6.0,1.0,0.0,1.0
86385.08241818933,1.0,104940.4645397347,36.35338713857185,16.0,4.0,0.0,1.0,1.0
62612.7902762898,1.0,44173.33252808497,28.324878055613034,15.0,2.0,0.0,0.0,1.0
36215.914384565105,1.0,50071.64734670012,38.56172492036731,10.0,2.0,1.0,1.0,1.0
42377.48138462247,1.0,45304.07913187154,25.993629456977388,16.0,4.0,1.0,0.0,1.0
207982.73962044675,1.0,142838.2431096639,43.103825336278895,15.0,2.0,0.0,0.0,0.0
13357.673935137478,1.0,41651.12725479835,57.838402594948064,14.0,3.0,0.0,0.0,0.0
-63223.762337420994,1.0,54751.645415469866,30.763544887822874,10.0,2.0,0.0,0.0,1.0
79205.10256194035,1.0,35593.90161176791,59.04862802575885,14.0,2.0,1.0,0.0,0.0
104740.17805106401,1.0,55504.61806457812,48.008817234047186,16.0,4.0,1.0,0.0,0.0
160315.5688825712,1.0,77777.61911846856,34.2281523361238,16.0,1.0,1.0,0.0,1.0
145302.15580172185,1.0,51840.617084726924,60.779647821857374,13.0,1.0,0.0,1.0,1.0
153147.3040861433,0.0,65836.11568020789,54.33802839037628,10.0,3.0,1.0,1.0,1.0
22501.556744196558,0.0,27263.865939719853,36.42335995722419,16.0,1.0,1.0,0.0,1.0
100442.77247345638,1.0,83733.52641649453,61.863611565764266,15.0,2.0,0.0,1.0,1.0
10343.671077948966,1.0,25001.552916762947,45.57397178089986,16.0,3.0,1.0,0.0,0.0
137647.29363540845,0.0,67601.28295424291,33.92573699684508,13.0,4.0,0.0,0.0,1.0
105902.02432416295,1.0,69561.56120823967,45.760928335221145,14.0,1.0,1.0,1.0,0.0
122807.06526618698,1.0,52311.44960176389,42.91168478779656,17.0,3.0,1.0,0.0,1.0
16884.049425897654,0.0,60101.945777338464,39.14155977150048,12.0,1.0,1.0,0.0,0.0
114766.2295597308,1.0,83913.15638523074,49.072373318772634,15.0,3.0,0.0,1.0,1.0
105162.39241925057,1.0,93125.80147737391,52.84222514230736,15.0,5.0,0.0,0.0,0.0
149216.03074196103,1.0,51485.385528371655,46.59331048029317,16.0,6.0,1.0,1.0,1.0
225652.6383971172,1.0,90050.62341373565,31.641705580384816,19.0,1.0,1.0,0.0,1.0
95105.38147132713,1.0,44553.56819410485,34.39347597297334,12.0,3.0,0.0,0.0,1.0
76494.52606764341,1.0,40941.763577867125,45.5581806341679,19.0,4.0,0.0,0.0,0.0
115412.07006102591,1.0,94932.7458077263,32.03338162895649,14.0,2.0,1.0,0.0,0.0
272161.8809108065,1.0,110381.73732983305,52.693598221889694,12.0,1.0,0.0,0.0,0.0
3471.5800548418156,1.0,22025.24791384329,34.90963132242025,12.0,4.0,1.0,0.0,1.0
62186.57456067832,0.0,50558.46238360331,40.49428455823154,13.0,6.0,1.0,0.0,0.0
251221.12261170923,1.0,76808.99456261954,55.0703891819847,18.0,3.0,1.0,1.0,0.0
65845.7213834462,1.0,83030.55992178661,31.627582795263024,15.0,1.0,1.0,1.0,0.0
45501.359976462394,1.0,38901.2833421494,49.65219347211382,13.0,4.0,1.0,1.0,1.0
124970.22306758506,1.0,67918.05869547931,41.46666784004192,12.0,1.0,1.0,1.0,1.0
139105.2085870339,1.0,51039.59454580217,26.101479318961328,14.0,1.0,1.0,1.0,0.0
236748.34622507027,1.0,156218.479203899,42.93461828280931,16.0,3.0,0.0,1.0,1.0
-10061.229915400065,1.0,24534.797929019438,32.351602829195464,11.0,2.0,1.0,0.0,1.0
172075.99447168462,1.0,165786.14282057667,36.42751731899681,12.0,2.0,0.0,1.0,0.0
96821.5940456445,1.0,10000.0,54.54732308828581,14.0,3.0,1.0,1.0,1.0
79646.24445631614,0.0,73708.43596849222,26.640062803179244,15.0,3.0,0.0,0.0,0.0
33800.44993416713,0.0,76059.35410114349,25.674136092770652,13.0,2.0,1.0,0.0,0.0
65480.17037929393,0.0,51089.63590512292,63.981248042139924,15.0,2.0,1.0,0.0,1.0
86910.28149369948,1.0,58837.79235009224,32.572863531719726,15.0,2.0,1.0,0.0,0.0
66047.96426304308,1.0,53511.81241536991,50.73376923630903,14.0,4.0,1.0,0.0,1.0
184992.66113616055,1.0,60229.453858839785,49.00910245467082,16.0,2.0,1.0,0.0,1.0
262268.4976194714,1.0,141291.24300768715,39.236380225801604,17.0,1.0,1.0,0.0,1.0
16099.384097519403,1.0,63986.60600415139,51.026968048254346,13.0,2.0,0.0,0.0,0.0
146798.52761004277,1.0,127483.3367934646,57.04706922472666,12.0,2.0,1.0,0.0,1.0
100589.13098747449,1.0,33817.64757403547,39.89739352157238,17.0,1.0,1.0,1.0,1.0
1827.5014924811112,1.0,35190.297277371355,27.766369328336317,15.0,3.0,1.0,1.0,0.0
87551.13299548486,1.0,36169.748077565935,42.79265263600136,15.0,3.0,1.0,0.0,1.0
168348.90756033012,1.0,64817.81650824631,47.67446370676437,13.0,1.0,1.0,1.0,1.0
213626.06744771026,1.0,57939.399705103955,46.35680101491221,15.0,3.0,1.0,1.0,0.0
51518.951598807325,0.0,27173.670913525464,51.311922864821895,12.0,4.0,0.0,0.0,0.0
168460.9186710331,1.0,98565.50309210003,54.4526582064442,15.0,2.0,1.0,0.0,0.0
-41655.316315770106,1.0,17634.745784456907,52.25248398843257,15.0,2.0,1.0,1.0,1.0
154289.19879870955,1.0,56428.12215626241,40.333620781022034,16.0,6.0,1.0,0.0,1.0
118156.25936337258,1.0,75294.74925344295,38.37941535931839,10.0,2.0,1.0,1.0,1.0
164138.34242074454,0.0,62284.01604058688,32.05563879999238,15.0,2.0,1.0,1.0,1.0
13216.050665302533,1.0,25711.809632024673,38.169448695912294,15.0,6.0,0.0,0.0,1.0
101429.18457971106,0.0,50455.229322331565,53.851777261862466,17.0,2.0,1.0,0.0,1.0
113394.73644489242,1.0,75386.55619439628,63.08869904622441,10.0,6.0,0.0,0.0,1.0
188919.44170609477,1.0,71817.93607765212,56.30729880669483,13.0,3.0,1.0,0.0,1.0
254121.29285321513,1.0,155052.2803375055,26.200179721872754,13.0,4.0,0.0,1.0,1.0
43852.06847564103,0.0,36994.52110307177,31.46219039500682,14.0,5.0,1.0,0.0,0.0
225151.0514904746,1.0,83792.46457582843,62.60334317154525,19.0,2.0,1.0,1.0,1.0
-24802.638911354414,0.0,36508.836799871344,26.92232498705533,15.0,1.0,1.0,0.0,1.0
139789.2880160277,1.0,37386.24315426651,55.950072779739024,16.0,5.0,0.0,1.0,1.0
36301.7012144317,0.0,65342.98586200059,33.720880276503166,15.0,3.0,1.0,0.0,1.0
205520.72364430345,1.0,110274.49295101278,54.67558839302019,14.0,3.0,0.0,0.0,1.0
27194.109886223316,1.0,17031.441815507456,58.83032804982231,13.0,2.0,1.0,1.0,1.0
195698.59195519597,1.0,132346.58841404863,50.05173016025857,12.0,4.0,1.0,1.0,0.0
49663.456553060256,1.0,24290.16952066576,30.310214783680827,13.0,3.0,1.0,1.0,1.0
95725.31764506505,1.0,74980.66528117245,58.03179039209696,15.0,3.0,1.0,1.0,0.0
20355.52681213271,1.0,19209.0153110943,26.006338475193836,14.0,3.0,0.0,0.0,0.0
285918.6589522184,1.0,126429.66723622865,50.17549594410876,12.0,2.0,1.0,0.0,0.0
194163.18457197794,1.0,57487.62346771252,26.656550560144996,12.0,2.0,1.0,0.0,1.0
267952.5251365867,1.0,108686.85711122032,43.27360849480036,16.0,1.0,1.0,0.0,1.0
185246.42787335903,1.0,96165.7359506654,58.568070423193895,10.0,2.0,1.0,1.0,1.0
364037.07854131516,1.0,167763.2998793401,57.091447229992546,15.0,3.0,0.0,0.0,1.0
70400.66442594041,0.0,17101.670234332825,41.341868845713556,15.0,4.0,0.0,1.0,0.0
78169.42231963141,1.0,28405.090100142075,37.79588831928572,10.0,4.0,1.0,1.0,1.0
158203.89643803722,1.0,55296.12288494156,49.820873648991714,12.0,1.0,1.0,0.0,1.0
251579.2773544097,1.0,149403.95862964506,51.032940765166146,16.0,2.0,1.0,0.0,1.0
213070.16357998946,1.0,165921.4658387294,36.25998139183207,14.0,4.0,1.0,0.0,0.0
132767.29431957618,0.0,84819.0467302266,59.68583725346865,12.0,2.0,0.0,0.0,1.0
40552.70341840188,1.0,25958.926694477417,40.39212837876534,11.0,2.0,1.0,0.0,1.0
191054.23640757622,1.0,99479.3063762304,59.46544740312268,17.0,4.0,0.0,0.0,1.0
61060.0482383736,1.0,53393.92442580451,56.664299868570865,13.0,1.0,1.0,1.0,0.0
36377.488348184444,1.0,32869.61884261276,62.497314804552815,16.0,3.0,0.0,0.0,1.0
49634.83098096803,0.0,42747.32010853221,50.09237376341048,13.0,1.0,0.0,1.0,1.0
392233.83405908715,1.0,280508.7131466613,56.624759582273114,13.0,2.0,1.0,1.0,0.0
142546.00403343205,1.0,128291.19557186715,57.762658220445665,20.0,1.0,1.0,0.0,0.0
81740.05394881598,0.0,30308.730790808873,56.91330150580441,12.0,2.0,1.0,0.0,1.0
352796.29265513195,1.0,196468.33163999085,37.592797428547435,16.0,4.0,1.0,0.0,1.0
251530.43400897007,1.0,90536.4182329279,54.07032743767324,13.0,3.0,1.0,0.0,0.0
155738.953064349,1.0,81334.27211137477,51.83785483373686,14.0,2.0,1.0,0.0,0.0
27621.597480530258,0.0,23421.03037196182,30.480430935332706,12.0,2.0,1.0,0.0,0.0
43248.46946426257,0.0,24334.409128696956,43.114128900309694,10.0,1.0,0.0,0.0,1.0
272917.94791802653,1.0,191701.8928640047,32.51718917864103,10.0,2.0,0.0,0.0,0.0
105984.99553133035,1.0,47691.608865836024,39.18827391791962,12.0,3.0,0.0,0.0,0.0
105177.59556439219,1.0,51900.02715541384,32.76253268730858,16.0,1.0,0.0,0.0,0.0
178031.59592825253,1.0,55392.66888530216,53.99613441541403,13.0,2.0,1.0,1.0,0.0
54382.960920124875,0.0,36121.70876245546,30.89410711024094,14.0,2.0,1.0,0.0,1.0
9576.516926754062,1.0,40852.7240261458,58.99135627325536,12.0,2.0,1.0,1.0,1.0
125939.77572587255,1.0,116283.0855013152,63.498409879902816,14.0,5.0,1.0,0.0,1.0
73460.58563121842,1.0,24372.329675404435,47.18574193704205,14.0,3.0,0.0,1.0,1.0
167666.90338585715,1.0,111243.48829895156,52.016410128285656,15.0,2.0,0.0,1.0,1.0
91814.18031048788,0.0,63107.674707889935,41.49378825078718,13.0,1.0,1.0,0.0,0.0
109319.19083663916,0.0,72614.5555049665,32.00757271670646,14.0,3.0,1.0,1.0,0.0
122006.33648592439,0.0,40316.01677237071,62.25497536993599,16.0,1.0,1.0,0.0,1.0
154977.26340295968,1.0,62721.606980086755,47.24496419550501,15.0,2.0,1.0,1.0,0.0
87651.02167689326,1.0,66087.39426602537,32.20899147798731,14.0,3.0,1.0,0.0,1.0
215993.05074331834,1.0,80344.71517499448,63.649766600315886,12.0,3.0,0.0,1.0,0.0
4575.331470403413,0.0,28427.461667086918,35.05674056959134,18.0,2.0,0.0,0.0,1.0
144265.06576761566,1.0,101580.41555849787,31.998802122047653,14.0,3.0,1.0,0.0,1.0
111240.90606638703,1.0,46970.86683455293,52.00925361256698,15.0,4.0,1.0,0.0,1.0
157548.99780960532,1.0,48865.53654722152,47.86355671396464,12.0,3.0,1.0,1.0,1.0
130672.64450765055,1.0,46663.982138012056,27.105664800638458,17.0,2.0,1.0,0.0,0.0
182771.06743238476,1.0,94067.20580188252,31.10934050415638,16.0,1.0,1.0,1.0,1.0
161928.8859427887,1.0,66641.38703633897,37.745969949582026,14.0,1.0,1.0,1.0,0.0
26069.188695121687,1.0,43548.3733604409,51.01430797796525,17.0,5.0,0.0,1.0,1.0
203547.8961343717,1.0,83311.14015140942,50.13275144869819,16.0,3.0,1.0,0.0,0.0
3519.6310679975886,1.0,21985.3612230899,33.000237059172015,11.0,4.0,1.0,0.0,1.0
229665.62843707614,1.0,147978.1146582693,38.552981932001344,18.0,1.0,0.0,0.0,0.0
168078.48383939857,1.0,94308.89111933987,33.60915612889522,12.0,3.0,0.0,1.0,0.0
92278.07357077865,1.0,40199.68851343012,40.806453336339054,10.0,1.0,1.0,1.0,1.0
112423.73230418321,1.0,91208.47779379296,39.438097543147265,17.0,2.0,0.0,0.0,1.0
179093.48320124854,1.0,116393.07547135808,40.407540042342646,15.0,3.0,1.0,0.0,1.0
260560.51299507395,1.0,136389.95728782896,35.8067495333062,17.0,3.0,1.0,1.0,1.0
10925.6688119221,0.0,38387.38769884065,34.06555149235531,13.0,4.0,1.0,0.0,1.0
97379.21549754296,1.0,73044.48532361991,31.126286056635998,10.0,1.0,1.0,1.0,1.0
139455.68184670352,1.0,99255.1634934716,38.57829416888542,16.0,2.0,1.0,0.0,1.0
26338.695842649282,0.0,37728.25238293312,29.311011944952416,13.0,4.0,1.0,0.0,1.0
43986.725614557865,0.0,33609.26898546014,61.38846775392893,16.0,1.0,0.0,1.0,0.0
68580.51614655383,0.0,75666.848676984,28.463224644137167,15.0,1.0,1.0,0.0,1.0
115700.01569010822,1.0,62172.38191224187,40.58898000146276,15.0,2.0,1.0,0.0,0.0
175614.34732196503,1.0,86913.07947103023,58.19015910890621,14.0,3.0,0.0,0.0,1.0
102703.65266157869,0.0,51049.798490784335,48.702153966316615,14.0,1.0,0.0,0.0,1.0
102680.43630007509,1.0,37281.17683979371,46.63033197892711,14.0,1.0,1.0,0.0,1.0
-1374.0103887015866,0.0,44328.03823970296,32.48137686387833,11.0,2.0,0.0,0.0,0.0
123731.50290505704,0.0,57679.07443050692,45.65298494278889,16.0,4.0,1.0,0.0,1.0
-68728.43320970208,1.0,42605.45301808594,31.00163469439872,11.0,1.0,1.0,0.0,0.0
323726.5739817313,1.0,223693.66743517667,40.05378848051667,18.0,1.0,0.0,1.0,0.0
59826.43737036785,1.0,53468.40917439488,32.39637887185657,15.0,3.0,1.0,0.0,1.0
192982.53793182288,1.0,100447.28058010162,58.280774137783666,10.0,2.0,1.0,0.0,1.0
186123.32881193125,0.0,87660.002734188,46.66930660085616,14.0,2.0,0.0,0.0,1.0
24212.31206001385,1.0,20535.735529432088,46.91067417163019,14.0,2.0,1.0,1.0,0.0
111746.13933110083,0.0,82593.80048077795,43.48777500000483,11.0,2.0,0.0,1.0,0.0
109085.29415881631,1.0,83648.86103901025,53.68462407756452,14.0,1.0,0.0,0.0,1.0
22048.17446712978,1.0,40514.61221734539,57.161547526956376,15.0,2.0,1.0,0.0,1.0
198926.83417779743,1.0,93992.93918909506,50.69762242800299,17.0,2.0,1.0,0.0,0.0
79940.97430036833,1.0,54070.99356516037,57.28907520033403,14.0,3.0,1.0,0.0,0.0
89380.32265072229,0.0,42806.6969468849,26.345911849211507,10.0,4.0,1.0,0.0,1.0
155550.5708854132,1.0,84723.53849172736,52.94017281802533,11.0,1.0,0.0,1.0,1.0
280799.40531628585,1.0,153198.2449976825,39.170409882540795,17.0,2.0,0.0,1.0,0.0
211817.61776837995,1.0,126904.1363936598,59.5528485817395,11.0,2.0,1.0,0.0,0.0
46433.06178760458,0.0,15981.099493735019,42.158957430583015,14.0,2.0,1.0,0.0,0.0
131615.95460284234,1.0,81130.59561839572,49.22827524419097,12.0,1.0,1.0,1.0,1.0
109742.96933633734,1.0,65346.12928259419,61.37064564615754,16.0,3.0,0.0,0.0,0.0
172799.58368623944,1.0,56937.36351885945,61.27537405480927,16.0,1.0,1.0,1.0,0.0
118232.04733579131,1.0,60392.02546305006,55.81677441487462,15.0,3.0,0.0,0.0,0.0
126809.08671170601,0.0,71586.40248147685,32.068696012778084,13.0,1.0,0.0,1.0,1.0
126131.58640132769,1.0,118338.46448424758,43.707249991287114,15.0,3.0,0.0,1.0,0.0
23008.572833684317,1.0,21430.86777811483,44.71577800165856,14.0,3.0,1.0,0.0,0.0
48529.76093791316,1.0,34448.393156442835,58.89163060056932,14.0,2.0,0.0,0.0,0.0
163230.0765666488,1.0,78021.11057523516,25.42239398619303,16.0,2.0,1.0,0.0,0.0
152258.96675853606,1.0,67546.86662224957,53.74079494210159,15.0,2.0,0.0,0.0,0.0
284535.3478624816,1.0,155121.26885100137,59.03520145975711,13.0,5.0,1.0,0.0,1.0
-25941.58713438009,1.0,18464.288328037655,32.769301304871135,17.0,2.0,1.0,0.0,0.0
209097.59898519493,1.0,122849.38695589981,43.91840848408976,12.0,1.0,0.0,0.0,0.0
205624.5186084061,1.0,124584.5251397643,30.351296664572736,15.0,2.0,1.0,0.0,1.0
69209.96518036297,0.0,39292.69792700111,48.65006600562667,15.0,4.0,0.0,1.0,0.0
195587.22680286103,1.0,114273.69688880547,39.14182194873227,16.0,4.0,1.0,0.0,1.0
62463.87812888163,0.0,30638.83059348282,39.37788349817604,18.0,3.0,0.0,0.0,0.0
155459.18739172438,1.0,44735.61029505729,58.080255481602954,18.0,2.0,1.0,0.0,0.0
174061.21013222428,1.0,89210.75863355292,26.33691883648666,15.0,2.0,0.0,0.0,0.0
181568.9946579369,1.0,61023.94048033163,42.297563697417786,20.0,3.0,1.0,1.0,0.0
36794.25191626232,1.0,29421.71350023074,51.8377730829105,15.0,1.0,1.0,0.0,1.0
81632.37404526812,1.0,36736.88260078956,56.86858039801744,16.0,3.0,1.0,1.0,0.0
91926.3353235559,1.0,36389.646961137856,59.611451181059095,15.0,4.0,0.0,1.0,1.0
74671.96430329047,1.0,44857.47653918306,61.14030840174622,14.0,3.0,0.0,0.0,0.0
164741.29972904155,1.0,49871.78806865887,52.123495517170255,15.0,3.0,1.0,1.0,0.0
84989.42351924886,1.0,64173.84281152738,63.08375051430084,13.0,2.0,1.0,0.0,0.0
136873.80687592868,1.0,106467.75355995573,30.81105228951609,14.0,5.0,0.0,0.0,0.0
212042.79363628948,1.0,138026.28784726013,53.67320054571117,13.0,2.0,1.0,0.0,0.0
130252.24450159089,1.0,112067.95714873882,25.57465525856413,15.0,2.0,0.0,0.0,0.0
-29524.63960948932,0.0,19725.00458415947,26.17701621252867,14.0,1.0,0.0,1.0,1.0
330086.27746832714,1.0,247816.74495818443,42.30833398476019,17.0,3.0,0.0,0.0,0.0
159355.00006293773,1.0,67420.30559122161,50.849191627082945,13.0,2.0,1.0,0.0,1.0
105733.41788178153,0.0,56509.15109754979,26.27071959707774,15.0,2.0,1.0,0.0,0.0
160629.77387499428,1.0,47506.62698639633,58.98287232028622,12.0,1.0,0.0,0.0,1.0
143134.13907572094,1.0,89328.65979590602,46.49021489425878,12.0,1.0,1.0,0.0,1.0
162207.66259732115,1.0,113291.32389045595,53.9452410963721,10.0,4.0,0.0,0.0,0.0
2819.814122928061,0.0,26983.917955541656,33.60897170202231,12.0,2.0,0.0,1.0,0.0
69453.12622433834,1.0,24396.264726707013,42.18556476568411,15.0,2.0,1.0,1.0,1.0
96693.20187204637,1.0,34949.24909174727,29.40149149400988,13.0,1.0,0.0,1.0,1.0
36966.56615944773,1.0,40946.46760714027,25.610111894360646,15.0,3.0,1.0,0.0,0.0
263147.4790635654,1.0,222358.6707329582,40.29465785771521,13.0,2.0,0.0,0.0,1.0
348468.5751407563,1.0,136498.42170511567,33.34419911853663,11.0,2.0,1.0,0.0,1.0
95950.15051425152,1.0,54877.15159428455,30.72586076031925,13.0,3.0,1.0,1.0,1.0
171628.48048394278,1.0,86786.42585876035,51.505674612283634,17.0,4.0,1.0,0.0,0.0
54582.7407245442,0.0,25244.01586434132,29.211925717487524,14.0,2.0,0.0,0.0,1.0
172422.7538373705,1.0,104038.82452953927,40.91106948297038,13.0,2.0,0.0,1.0,1.0
141602.7624970813,1.0,104525.15859278188,41.92615320263977,14.0,3.0,1.0,1.0,0.0
77577.13853655924,1.0,33050.32605978328,53.69756424011407,12.0,1.0,1.0,1.0,0.0
168217.49987236978,1.0,58633.16627394025,56.12555219066847,12.0,2.0,1.0,1.0,1.0
70586.16561612,1.0,53121.763285370995,28.427653914454147,15.0,3.0,1.0,0.0,0.0
128390.28229893305,1.0,66677.27807667106,46.264907485687125,16.0,1.0,1.0,0.0,0.0
-15241.309785446123,1.0,40402.2193297722,25.858973535163038,17.0,3.0,0.0,0.0,1.0
80982.10264792011,1.0,39757.2367172327,56.75377679504216,16.0,1.0,1.0,0.0,1.0
-20454.82158070094,1.0,30874.75922460014,54.36912921229609,12.0,2.0,0.0,1.0,1.0
108875.77040438807,1.0,31198.41932509554,50.2955980633439,17.0,5.0,0.0,1.0,1.0
42196.259348599924,1.0,35306.618403552806,46.75360710724166,12.0,3.0,1.0,1.0,0.0
153369.77706762447,1.0,60834.74201338374,38.209981782430006,14.0,4.0,0.0,1.0,1.0
105478.0092978116,1.0,73006.16141343243,32.44416175012524,17.0,2.0,1.0,1.0,1.0
198904.66947995083,1.0,120747.77427980144,26.373588773244265,13.0,4.0,0.0,0.0,1.0
90557.87872345498,0.0,45912.683439138,40.00633374724902,16.0,2.0,0.0,0.0,1.0
100806.20578612159,1.0,75147.66964307535,39.78554065129157,14.0,3.0,0.0,0.0,0.0
51851.34255890875,1.0,50182.698225725166,52.97971926602159,13.0,4.0,1.0,0.0,1.0
143201.79180129062,1.0,40755.17332590994,45.95883480919757,13.0,1.0,1.0,1.0,0.0
79534.25699228415,0.0,39917.452968505124,31.315424512542144,15.0,4.0,1.0,0.0,1.0
105298.77703172322,1.0,65031.08739950166,26.781197321906966,12.0,5.0,1.0,0.0,1.0
139591.03606543783,1.0,37463.94591654841,49.62016328362445,13.0,3.0,1.0,0.0,1.0
68227.98105555389,1.0,38260.755385042474,55.8411724767236,12.0,1.0,0.0,1.0,1.0
109002.86082891366,1.0,70919.08641114099,49.51136490412024,17.0,2.0,0.0,0.0,0.0
112275.24071263042,1.0,66038.27512408877,36.72937726427957,16.0,4.0,1.0,1.0,1.0
79712.41822858322,1.0,50220.185309192195,44.46095766728264,14.0,1.0,1.0,1.0,1.0
136472.18858267923,1.0,127131.5606949357,29.935769181648713,10.0,3.0,0.0,0.0,0.0
204578.25222338137,1.0,108061.99529015306,48.09749814784482,14.0,1.0,0.0,0.0,1.0
93907.39872901059,1.0,63178.0053833358,34.34154437417277,13.0,3.0,1.0,1.0,0.0
41737.549214843406,1.0,45600.30410451375,38.79837098285188,15.0,4.0,1.0,0.0,1.0
58510.099409535134,0.0,37843.273738442695,57.236200402815086,11.0,2.0,1.0,0.0,0.0
156650.63147671602,1.0,57117.12717497107,54.55202598262318,16.0,3.0,1.0,0.0,1.0
347275.58634077245,1.0,190767.8922410438,47.391747662266184,14.0,2.0,0.0,1.0,1.0
200807.9852323446,1.0,90139.99369801673,58.84336323167188,18.0,2.0,1.0,0.0,0.0
84174.64922454607,1.0,67103.4887785407,35.83039198392272,17.0,2.0,1.0,0.0,0.0
174103.0505138642,1.0,68355.07115779532,63.36206234724142,11.0,4.0,1.0,1.0,1.0
426261.9483431952,1.0,367582.6196730726,55.98200496416179,13.0,1.0,0.0,0.0,1.0
188049.16134635088,1.0,64816.20572564921,43.28790049809443,17.0,1.0,0.0,1.0,1.0
95751.42118360984,0.0,19850.59898648973,47.98500667673923,13.0,1.0,1.0,0.0,0.0
215655.4604275136,1.0,110612.56616156711,52.45068644989854,16.0,1.0,1.0,1.0,1.0
133922.1645447666,1.0,80595.0204461992,29.756368754393574,11.0,2.0,1.0,1.0,1.0
143589.26464670413,0.0,47288.2755417919,32.96782399475536,15.0,3.0,0.0,0.0,0.0
105930.60801063271,1.0,50679.437939124924,54.60322620333483,17.0,2.0,1.0,1.0,0.0
149032.4990964331,1.0,80668.72555067264,41.75206209146074,13.0,2.0,1.0,0.0,1.0
89521.0814522526,1.0,63655.69801092319,40.13489782295005,15.0,3.0,1.0,1.0,1.0
56168.250933321884,1.0,39839.38046877583,44.151345507932454,15.0,4.0,0.0,1.0,1.0
83422.4894941205,1.0,36595.394095483585,60.15108465348336,13.0,3.0,1.0,0.0,1.0
85659.25149288429,0.0,41124.84247774037,38.61059503449473,14.0,4.0,1.0,0.0,0.0
48702.25502126885,1.0,41450.772234414246,39.92192824181905,13.0,3.0,1.0,0.0,1.0
63844.81653104318,1.0,45403.52649310368,26.841815632673036,11.0,3.0,0.0,0.0,1.0
221623.4540787481,1.0,94470.24450382126,27.953863723813182,18.0,2.0,0.0,0.0,1.0
57105.34035433078,1.0,87568.14775975382,27.168591245557092,15.0,2.0,0.0,1.0,0.0
74562.7203475232,1.0,48830.681970920414,33.112500821882605,14.0,3.0,1.0,1.0,0.0
157583.88876417867,1.0,135205.28284600502,45.958797903366204,16.0,1.0,0.0,1.0,0.0
107044.28892885064,1.0,70357.95776129236,50.63601020309112,13.0,3.0,1.0,0.0,1.0
39284.09324248452,1.0,23174.70778122554,54.263617007025516,17.0,4.0,1.0,0.0,1.0
80579.10006777635,1.0,41310.90027585997,49.11402203459244,13.0,3.0,1.0,0.0,0.0
189602.48706810293,1.0,113282.13564331878,37.275907876317405,14.0,3.0,1.0,0.0,1.0
145506.6036032842,1.0,99183.47578585868,32.82113172540356,10.0,2.0,1.0,0.0,0.0
59433.992140610084,1.0,32699.802930295355,34.75751470420854,11.0,1.0,1.0,0.0,1.0
22702.2412590464,1.0,46616.98491942354,50.241014370486425,10.0,2.0,0.0,0.0,1.0
167913.22493377808,1.0,120556.26647199928,55.02066778832743,15.0,2.0,1.0,1.0,0.0
45090.86288680202,1.0,43744.56125293433,37.61782745376851,12.0,2.0,0.0,1.0,1.0
69135.41061351968,1.0,23418.99685812068,44.16717405754237,16.0,1.0,1.0,0.0,1.0
11928.524605593731,1.0,46167.11163229553,49.86738413264451,15.0,2.0,1.0,0.0,0.0
-10182.875702808873,0.0,52471.95099984497,40.321805257796896,15.0,2.0,1.0,0.0,1.0
44144.1353622044,1.0,64529.08088967736,56.65962740172616,11.0,4.0,1.0,0.0,1.0
149367.3668465367,0.0,63490.92159624562,30.00659355063764,10.0,3.0,1.0,0.0,1.0
-26313.570831679128,1.0,25388.319338410914,61.84711879447259,13.0,2.0,0.0,0.0,1.0
-11317.413990918772,0.0,37013.661956373115,26.199434292036116,11.0,5.0,1.0,1.0,0.0
178122.78874281995,1.0,97054.56602087167,47.93083380955595,13.0,1.0,1.0,1.0,1.0
170560.79675004905,0.0,64052.35714822962,51.121573575770284,13.0,5.0,0.0,0.0,0.0
158990.68953970427,1.0,102512.31324461987,41.4157942553541,15.0,3.0,0.0,0.0,0.0
140578.46586652147,1.0,85986.06913382225,47.248396201503944,13.0,2.0,0.0,0.0,1.0
80190.16211297318,0.0,21698.628992382233,34.07161416557046,11.0,1.0,0.0,0.0,1.0
87937.94165547546,1.0,64181.567027337835,50.74236478214701,16.0,1.0,0.0,0.0,0.0
60358.77862679906,0.0,28555.37796711077,27.799905679546278,15.0,2.0,0.0,0.0,1.0
9815.318163532735,1.0,46528.80637883652,34.78656824240797,11.0,2.0,0.0,0.0,1.0
62470.609704260256,0.0,68192.74212416445,32.10870276986499,13.0,5.0,1.0,0.0,0.0
45344.445757099405,1.0,51997.322038777005,28.455894447688735,13.0,3.0,1.0,1.0,1.0
9406.816693597859,1.0,19398.64954027002,61.067971435835524,12.0,2.0,1.0,0.0,0.0
104792.09647580926,0.0,66424.69135880866,37.00311417821593,16.0,2.0,1.0,0.0,0.0
8144.846959148745,1.0,39486.44309060971,47.11889027670115,12.0,3.0,1.0,0.0,0.0
45282.00687533937,1.0,27329.17261397858,49.121924984739124,14.0,2.0,1.0,0.0,0.0
-10603.591430550801,0.0,10000.0,41.27917849532432,17.0,2.0,0.0,0.0,0.0
-2037.9013035642856,1.0,40055.61784051262,56.067193680680546,15.0,2.0,1.0,0.0,1.0
389.24476761111873,1.0,72158.45705723902,43.0116693439664,13.0,4.0,0.0,0.0,1.0
44195.811572527986,1.0,17278.91530215261,37.15293660014663,16.0,3.0,0.0,0.0,1.0
209357.15231847536,1.0,123059.27427149157,56.9160118467788,14.0,3.0,1.0,1.0,1.0
65523.626020657684,1.0,41576.55360530392,60.752830530588774,16.0,2.0,0.0,1.0,0.0
55888.08503350246,0.0,25642.905996091915,30.977780388452985,16.0,2.0,0.0,0.0,1.0
139445.27740534756,0.0,67913.30025802515,44.098090800856326,16.0,3.0,1.0,0.0,1.0
38803.8001545554,0.0,26573.559422633916,62.30252420110127,14.0,3.0,1.0,0.0,1.0
192789.05497072375,1.0,123868.61385052523,27.382676745835795,15.0,4.0,1.0,0.0,0.0
139112.64826254934,0.0,87132.85829092174,46.407396450285916,14.0,2.0,0.0,1.0,1.0
74592.82996387595,1.0,49851.98375165096,36.65213642366177,14.0,3.0,1.0,1.0,1.0
88121.78933662256,1.0,69936.89157005743,53.529478603042115,12.0,3.0,0.0,0.0,1.0
100575.83450230079,1.0,119969.8940177969,48.44828602563793,17.0,2.0,0.0,1.0,0.0
170821.28869867156,1.0,67991.95252273644,50.25628052797026,16.0,2.0,1.0,1.0,1.0
95707.50332737222,1.0,34812.799300022125,32.99309011995877,13.0,2.0,0.0,1.0,0.0
113831.21494289214,0.0,30891.22481535642,37.88541480665647,14.0,3.0,1.0,1.0,0.0
93955.07388622007,0.0,24037.145602299606,60.362253851458576,11.0,2.0,1.0,0.0,0.0
266401.20701212756,1.0,161576.4633074109,49.733524579848606,16.0,1.0,1.0,0.0,1.0
190894.74242832087,1.0,129654.59415012972,61.253017311152995,15.0,6.0,0.0,0.0,1.0
100461.37061430894,0.0,68784.11851877987,47.44255739752503,11.0,1.0,0.0,0.0,0.0
158641.25933893933,0.0,61873.48855990283,29.37438164537983,14.0,2.0,1.0,0.0,1.0
322391.81001656235,1.0,154865.0433000268,25.397726934287718,17.0,1.0,1.0,0.0,0.0
96011.17684115317,0.0,46620.66151327622,34.12984675723421,15.0,4.0,1.0,0.0,0.0
175783.86612684443,1.0,67203.58206995537,46.70574760548679,12.0,5.0,1.0,1.0,1.0
5623.371681549346,1.0,23912.292078920367,55.41354749685489,14.0,2.0,1.0,0.0,1.0
195770.62218239252,1.0,102896.35945833706,28.45829670908078,13.0,2.0,0.0,0.0,0.0
39732.35937238935,0.0,32240.73519246275,42.806763173041745,14.0,1.0,0.0,1.0,0.0
89004.68147794754,1.0,29143.88720591319,63.34180332312845,17.0,2.0,1.0,0.0,1.0
50895.123384149876,1.0,75723.97622314387,41.37372294191829,14.0,3.0,0.0,1.0,0.0
-64243.52384572079,1.0,30793.019152200974,53.67712372840988,11.0,2.0,0.0,0.0,0.0
91421.52718288427,0.0,29242.76732913271,63.28849883112851,15.0,2.0,0.0,0.0,1.0
42373.90844050071,1.0,28357.436402495958,29.911769096610023,12.0,5.0,1.0,0.0,1.0
153912.18478406096,1.0,117254.89686389279,32.87207972323038,14.0,2.0,0.0,0.0,0.0
57306.67076507443,1.0,26146.094740454526,39.344233290259815,14.0,3.0,1.0,0.0,1.0
115448.96490117261,1.0,58375.33549622987,34.661912344080974,17.0,1.0,1.0,0.0,1.0
143479.68419233448,0.0,47354.02080207087,54.876733385728244,14.0,2.0,0.0,1.0,1.0
55597.791329058266,0.0,32364.446796059376,54.25112266987984,13.0,4.0,1.0,1.0,1.0
154235.76314115783,1.0,36427.51522219042,54.46502764176533,10.0,2.0,0.0,1.0,0.0
220775.9568141153,1.0,194790.76433031645,55.30535382648404,10.0,2.0,1.0,1.0,1.0
170319.00628147597,1.0,104787.33336108355,61.80930109868882,15.0,5.0,1.0,1.0,1.0
101774.54120210343,0.0,36889.15903321627,47.196348324945724,11.0,3.0,1.0,1.0,0.0
239174.89191970724,1.0,114100.44600221065,33.55860758018497,11.0,1.0,0.0,0.0,0.0
47296.604368382476,1.0,49131.72019424871,37.65425858264084,13.0,5.0,0.0,0.0,1.0
46645.93752812066,1.0,23987.095035619794,26.513961321345402,14.0,2.0,0.0,0.0,1.0
55805.63252478057,1.0,29682.900934759586,25.519720921733114,18.0,1.0,1.0,0.0,1.0
146041.54339070653,1.0,51129.9880531694,36.70040187382708,19.0,3.0,1.0,0.0,0.0
151424.11788023502,1.0,64546.56481418505,53.61604407354174,11.0,2.0,0.0,0.0,1.0
-169.87106965313433,0.0,53640.94087668404,63.562311309945294,15.0,4.0,0.0,1.0,1.0
123488.61514453634,0.0,44944.67855379231,31.000832752576017,14.0,2.0,0.0,0.0,1.0
175769.90570901745,0.0,100568.68059345309,40.477838543224394,11.0,2.0,1.0,0.0,0.0
97457.20102739328,1.0,86668.0309814317,55.916361093101926,16.0,5.0,1.0,0.0,1.0
161416.27700453726,1.0,87786.26826275868,41.1175571840745,16.0,4.0,1.0,0.0,1.0
18326.745331239505,1.0,29877.61425315015,27.402446768569554,15.0,2.0,0.0,0.0,1.0
143460.0187241978,1.0,115526.80365091813,55.783316937662505,15.0,1.0,1.0,0.0,1.0
44683.81516024538,0.0,22245.84395620635,25.826676670585847,14.0,2.0,0.0,1.0,1.0
156467.22300141345,1.0,94347.60855046897,35.163192247708764,15.0,3.0,1.0,0.0,1.0
194753.92841234352,1.0,68797.10708355432,41.2033934281682,10.0,2.0,1.0,1.0,0.0
18876.485899105133,0.0,28734.61091691454,29.79869516934327,14.0,3.0,1.0,0.0,0.0
324233.91913756233,1.0,250567.32967777693,35.62570000725073,13.0,4.0,1.0,0.0,1.0
117391.22530831376,1.0,100429.8720443663,34.80048097681204,18.0,1.0,1.0,0.0,1.0
224692.28990783417,1.0,56561.669480950935,42.99740084594332,19.0,2.0,1.0,1.0,0.0
5937.413640588333,1.0,60838.11177245897,57.473662884926156,12.0,3.0,0.0,0.0,1.0
67061.94870921884,1.0,37893.72451574575,55.952221949751305,16.0,2.0,1.0,1.0,1.0
90112.39329132397,0.0,60560.12945784756,54.422238335562255,15.0,2.0,0.0,0.0,1.0
275621.68763748975,1.0,135962.16209524323,32.00580797106479,12.0,4.0,1.0,1.0,1.0
162400.01132053704,1.0,68389.56502329238,45.301081199816196,17.0,1.0,0.0,0.0,1.0
207001.00058407668,1.0,213106.65838741764,25.585028598070807,12.0,3.0,0.0,0.0,0.0
295898.6547608316,1.0,189445.17838688218,38.26159802675741,12.0,1.0,1.0,0.0,1.0
115791.29947375576,0.0,53119.82589592149,53.57563881451155,15.0,1.0,0.0,1.0,1.0
20677.943805713483,1.0,34041.18623426003,52.90177610654161,11.0,5.0,1.0,0.0,1.0
201924.589767933,1.0,129772.24888797358,42.09058743513798,14.0,3.0,1.0,1.0,1.0
185513.88986909454,1.0,45591.314462424445,52.72214395086091,13.0,3.0,1.0,1.0,1.0
65225.69849706902,1.0,56670.880899307784,29.76994964007958,13.0,3.0,1.0,0.0,0.0
260038.77481389133,1.0,114901.17201167114,28.246553798682424,12.0,3.0,1.0,0.0,0.0
165298.77446677443,1.0,79562.27717507213,49.857420580341284,14.0,3.0,0.0,0.0,1.0
285792.14414744545,1.0,122078.67734856678,26.93404723082249,16.0,2.0,0.0,0.0,1.0
142906.36028581302,1.0,141426.57093480372,47.0333482001284,15.0,4.0,0.0,1.0,1.0
49830.183462400855,1.0,55539.913944724285,42.19393149993158,12.0,2.0,1.0,0.0,0.0
216573.41587494977,1.0,116434.7045831996,34.38738467845664,10.0,4.0,1.0,1.0,1.0
58873.48544314321,0.0,58745.443095588445,34.701298960919175,15.0,1.0,1.0,1.0,1.0
66731.6034157493,1.0,53896.94467876403,32.81459877849088,16.0,2.0,1.0,1.0,0.0
33102.673263399134,0.0,16829.336783093095,40.05658837797481,14.0,2.0,1.0,1.0,0.0
205770.83533949096,1.0,113787.53143553257,32.99850561032282,17.0,3.0,1.0,1.0,0.0
121751.04137482854,0.0,65553.24458785268,33.12580671216106,13.0,1.0,1.0,0.0,0.0
-2683.2869625303138,1.0,66022.03162797837,56.612403450313764,16.0,3.0,0.0,0.0,0.0
31287.2164413734,1.0,59665.38260716923,60.66124456623449,10.0,5.0,1.0,0.0,0.0
200717.441689717,0.0,116380.6429651054,35.33784065853407,11.0,2.0,1.0,0.0,0.0
35181.11514391223,1.0,35345.99932093245,44.414325895019715,14.0,3.0,1.0,1.0,1.0
14879.4798937983,1.0,27553.175863197645,53.40880600703442,11.0,4.0,1.0,0.0,1.0
232790.637035669,1.0,151122.7464971963,38.643595845201375,14.0,2.0,1.0,0.0,1.0
261240.07545265637,1.0,114144.67336888715,47.44876392570401,15.0,3.0,1.0,0.0,1.0
270482.8924390588,1.0,137575.00724071177,36.0073470362786,15.0,3.0,1.0,1.0,1.0
80631.41244624295,1.0,59510.331534633384,43.36618576740112,11.0,1.0,1.0,0.0,0.0
198050.50327237876,1.0,92569.871858063,56.15612275730926,13.0,2.0,1.0,1.0,0.0
65192.23154441196,1.0,47865.002437909585,45.97498641644428,11.0,4.0,0.0,1.0,1.0
141848.0571021303,1.0,83465.96090604011,29.268094175053875,16.0,2.0,1.0,0.0,0.0
34683.827650787396,1.0,25286.314824468453,41.67069413064769,14.0,4.0,1.0,1.0,1.0
203510.26191871092,1.0,168939.2282090279,42.120075422903426,13.0,1.0,0.0,0.0,1.0
122404.64293145435,0.0,54911.86705185021,49.16164967887023,14.0,1.0,0.0,1.0,0.0
4573.588763885287,1.0,66658.39188685972,52.9646315219745,14.0,4.0,1.0,0.0,0.0
27945.761596898206,1.0,33605.35231394848,48.108822118536224,12.0,1.0,1.0,0.0,0.0
168732.28928925036,1.0,109326.1422173017,61.993499001770935,15.0,5.0,1.0,0.0,0.0
64533.72651141477,1.0,40978.919934605336,33.823480112233945,11.0,3.0,1.0,0.0,1.0
117216.11189906934,1.0,42408.38114601367,62.275240538404205,10.0,1.0,1.0,0.0,1.0
126568.72411370696,1.0,52487.69659656126,39.11415236607844,18.0,2.0,1.0,1.0,1.0
4313.059655937281,0.0,24343.398854420222,29.68746291372513,15.0,2.0,0.0,0.0,0.0
156190.3778758508,0.0,61388.904473328206,54.19602379277017,15.0,1.0,0.0,0.0,0.0
190112.8265081761,1.0,107627.9633239097,55.316774544243046,11.0,3.0,1.0,1.0,1.0
17157.41088068515,0.0,29181.181771363677,39.215610380180806,15.0,2.0,0.0,0.0,1.0
84214.4460800872,1.0,69038.14329645861,58.61122933357475,12.0,2.0,1.0,1.0,0.0
208274.92647034343,1.0,109522.72838135679,62.41353958523441,16.0,1.0,1.0,0.0,0.0
26701.089111132555,0.0,34437.45988619665,63.96631831302839,12.0,5.0,1.0,0.0,0.0
72070.61922262268,1.0,28268.321152762386,27.655330448248762,15.0,2.0,0.0,1.0,1.0
229816.7781363683,1.0,71165.03226715101,40.657257100517064,11.0,6.0,1.0,1.0,0.0
153128.3981858779,1.0,92214.14195665003,63.32788355591432,10.0,2.0,1.0,0.0,1.0
88016.0063667075,1.0,53178.54662466325,25.136569934747133,15.0,6.0,0.0,0.0,1.0
74625.5975327952,1.0,63451.99713087188,43.50556416334894,16.0,4.0,1.0,0.0,1.0
52210.50192453526,0.0,41242.51541249889,33.072761289755775,15.0,5.0,1.0,0.0,1.0
133490.74065521586,0.0,39371.6543520702,50.81047919415414,15.0,5.0,0.0,1.0,1.0
157354.21974968468,1.0,82785.52597705719,30.44236588283706,15.0,2.0,1.0,0.0,1.0
168227.08699849038,1.0,123766.21680863133,31.663632465021823,16.0,3.0,1.0,1.0,0.0
61980.07646494819,0.0,33666.95110870433,34.98218393570356,14.0,1.0,1.0,0.0,1.0
136523.79841070986,0.0,71085.12794081462,44.160378789573215,10.0,4.0,1.0,0.0,0.0
149578.79860235716,1.0,61494.81000640598,28.569843210941304,12.0,4.0,1.0,0.0,1.0
183829.81480918443,1.0,134380.471620295,48.141602467564546,13.0,2.0,1.0,0.0,0.0
98110.90229106409,1.0,46863.39866303732,44.64189449752766,13.0,2.0,1.0,1.0,1.0
170103.1881393488,1.0,66812.80255039454,46.400683704590804,19.0,3.0,1.0,0.0,1.0
144660.92878270196,0.0,77496.2638395382,29.158342803049973,14.0,1.0,0.0,0.0,0.0
117235.60465183303,1.0,61366.34749075127,47.18563619573523,14.0,2.0,1.0,0.0,0.0
69636.06724560114,1.0,25344.66450979821,49.129519049737326,14.0,1.0,0.0,0.0,1.0
121732.94656010967,1.0,103804.83114763562,33.72204867078909,16.0,2.0,0.0,0.0,1.0
103789.42425202962,1.0,40483.045198543354,53.90379386113135,11.0,3.0,1.0,0.0,0.0
130534.54719443951,1.0,53317.36090979984,26.450286488343224,11.0,3.0,1.0,1.0,1.0
221863.38423791228,1.0,101089.79148445306,41.55733452701196,11.0,1.0,1.0,0.0,1.0
282405.00884926994,1.0,218966.43876274306,52.973902101320064,15.0,1.0,0.0,0.0,0.0
-33081.68245417031,0.0,36533.60978869456,31.835899021301216,16.0,2.0,1.0,0.0,0.0
96148.84690397771,1.0,34751.47691137313,49.47322162561639,13.0,4.0,1.0,1.0,1.0
124087.10290212039,1.0,29318.012761153244,54.952097397047915,12.0,1.0,1.0,1.0,1.0
72868.11444853572,0.0,59396.8417518174,49.56773829512464,13.0,1.0,1.0,0.0,0.0
115198.3111940577,1.0,75330.07523043659,45.1486036182459,13.0,1.0,1.0,0.0,1.0
47361.10731824244,1.0,49317.64464074566,57.85073925833422,14.0,4.0,1.0,1.0,0.0
131029.42896618092,1.0,54576.992894007475,53.41879932483787,11.0,2.0,1.0,0.0,1.0
21080.231040183757,0.0,30856.35671524632,38.7144367903778,15.0,3.0,0.0,0.0,1.0
214119.12668965358,1.0,156556.49729464878,33.22922239660626,15.0,1.0,1.0,0.0,1.0
48848.4643294565,1.0,49721.11631488218,34.402684731930904,12.0,2.0,1.0,0.0,1.0
109304.48653178071,1.0,43814.682710258436,43.82290445803464,13.0,2.0,1.0,0.0,0.0
51922.240139852656,0.0,72549.92471882926,47.9264513271452,16.0,1.0,1.0,0.0,1.0
58795.73986781724,1.0,63154.3047652541,39.83414619462654,11.0,3.0,1.0,0.0,1.0
150641.185627162,0.0,71603.2729077446,25.737197983263986,14.0,3.0,1.0,0.0,0.0
77637.72830993569,0.0,58237.305161392935,55.291702210068394,14.0,2.0,0.0,1.0,1.0
28336.0111497235,1.0,25649.737607581235,32.98768246554581,16.0,3.0,1.0,0.0,0.0
128187.78022185783,1.0,54178.29297655158,55.98067778668313,12.0,2.0,1.0,0.0,1.0
239338.72086895746,1.0,130940.58404929726,29.92045093720975,16.0,2.0,1.0,1.0,1.0
59427.557557582084,1.0,49115.91052950731,63.17106799831011,12.0,6.0,1.0,0.0,0.0
95559.36691608919,1.0,31222.724883996,60.278713611776446,14.0,4.0,0.0,1.0,1.0
187968.35839466867,1.0,74610.87235274081,46.49260999816652,15.0,2.0,1.0,0.0,1.0
11993.749186232075,1.0,60418.368674424855,51.91406875189945,12.0,5.0,1.0,0.0,1.0
38832.34206144825,1.0,39803.26447514693,49.52028232493737,13.0,6.0,1.0,1.0,1.0
83246.05444082449,0.0,43328.44241760715,47.90819825335068,14.0,2.0,1.0,0.0,1.0
91259.8966742228,1.0,55018.39675310839,47.968529836030484,16.0,3.0,0.0,0.0,0.0
145907.64934924658,0.0,50454.55519165508,55.675434997247976,13.0,4.0,1.0,0.0,1.0
61140.19735074619,1.0,48795.23892847965,25.80842743866381,14.0,1.0,0.0,1.0,1.0
66315.73522894767,1.0,67810.51614123299,49.47673986084733,15.0,3.0,0.0,0.0,0.0
40576.430763259654,0.0,44094.31785887309,61.56002852268302,13.0,3.0,0.0,0.0,0.0
119824.37551843529,1.0,89536.41256404037,58.922727095893016,17.0,4.0,1.0,1.0,0.0
226297.16760158422,1.0,118468.4643779905,59.160403557504495,16.0,4.0,0.0,0.0,1.0
167897.98950991317,1.0,74333.44268522004,59.861243223705856,15.0,4.0,1.0,1.0,1.0
149605.09404807826,1.0,53360.36450114362,45.47273762898316,15.0,2.0,0.0,0.0,1.0
316632.1826978958,1.0,164308.07231303616,44.65617114683303,17.0,1.0,1.0,0.0,1.0
88185.38642500876,0.0,47724.00115897215,34.48831461925768,10.0,3.0,1.0,0.0,1.0
200328.7382236304,1.0,114504.25699949192,57.10913203891085,14.0,5.0,1.0,1.0,1.0
110893.372194817,1.0,66875.75846491015,28.39955704815889,12.0,4.0,1.0,0.0,0.0
172144.45778627443,1.0,55022.42405054979,36.988062494881646,14.0,3.0,1.0,0.0,1.0
230338.4556297079,1.0,177556.09808421807,28.519769378983497,19.0,4.0,0.0,0.0,0.0
110471.31853836818,1.0,59798.55118272849,34.83119228211124,14.0,1.0,1.0,1.0,0.0
294653.08588676306,1.0,197287.60599675385,55.441433523827314,12.0,3.0,1.0,0.0,1.0
41797.015465429184,1.0,76722.30931327089,29.711360714714864,10.0,1.0,0.0,1.0,1.0
192970.3187355928,1.0,79644.5984154837,48.39422888438371,14.0,2.0,1.0,0.0,1.0
59777.887608790916,0.0,53689.31868694384,52.7541162665592,14.0,4.0,1.0,0.0,1.0
237887.2022319739,1.0,116333.09378230938,52.21055527841584,11.0,2.0,1.0,0.0,1.0
14944.98525443561,1.0,68984.39332720284,43.45785723080566,14.0,1.0,1.0,0.0,0.0
22924.643753167155,1.0,30967.769766641533,29.60279918326756,12.0,3.0,0.0,1.0,0.0
113223.68339799959,1.0,72934.24431938205,58.69948893004423,14.0,2.0,1.0,1.0,1.0
124304.3099377143,1.0,37109.96646762905,36.740754570961926,13.0,2.0,0.0,1.0,1.0
280084.14528205025,1.0,179514.96183169438,28.662795224025828,15.0,2.0,1.0,0.0,1.0
52734.94538029164,0.0,24179.98564546502,54.071493049043134,10.0,4.0,1.0,0.0,1.0
96637.52987726605,1.0,31354.190285718272,39.36779497723099,14.0,3.0,1.0,0.0,1.0
-2172.9943296951533,1.0,58188.46432830409,49.964104613160885,10.0,1.0,1.0,1.0,1.0
533498.8251162649,1.0,400000.0,48.05324946074492,19.0,3.0,0.0,0.0,1.0
95650.71627814588,1.0,57116.05589435248,39.59926996133713,12.0,3.0,1.0,0.0,1.0
37472.40577802191,0.0,37770.09314757009,26.201037685826297,14.0,3.0,0.0,0.0,0.0
-17460.00105029653,0.0,35975.64567513958,27.719557019768544,11.0,4.0,0.0,0.0,0.0
136239.76194668823,0.0,86658.93697787319,43.576380910713326,13.0,5.0,1.0,1.0,1.0
119427.66262964092,1.0,71934.17913562838,47.58232893572318,15.0,3.0,1.0,0.0,1.0
117519.13778112982,1.0,79151.04247378086,55.81389878776325,16.0,3.0,1.0,0.0,0.0
179257.40322297296,1.0,122797.03336752058,49.77020996505862,13.0,5.0,0.0,0.0,0.0
21183.147787036454,1.0,15182.314868670695,34.491712360277454,19.0,2.0,1.0,1.0,1.0
54707.70983335602,1.0,43946.01064346829,33.057841166542644,13.0,4.0,1.0,0.0,0.0
65531.53592753885,1.0,53748.21585757966,38.924311537121895,13.0,3.0,1.0,0.0,0.0
124132.47573690438,1.0,62291.06209531372,42.14031392344617,15.0,1.0,1.0,0.0,1.0
100111.27402327806,1.0,30568.78992906783,29.055404740353215,17.0,1.0,0.0,1.0,1.0
265140.79304495506,1.0,183092.6229802539,28.670042667487827,12.0,2.0,1.0,1.0,1.0
92126.28948488335,1.0,37368.18023367336,31.230549350112028,17.0,1.0,1.0,0.0,1.0
162910.9872844935,1.0,123229.55259425033,29.944657896989305,16.0,3.0,0.0,0.0,0.0
51532.59840519125,1.0,31859.108981675323,57.64597152514365,11.0,2.0,1.0,1.0,1.0
247706.49884121126,1.0,86016.61528963312,44.96521843593814,16.0,2.0,0.0,1.0,0.0
158206.23500743657,0.0,62674.83922516447,45.786207998399846,17.0,3.0,1.0,0.0,1.0
135918.6591171953,0.0,56137.245965422,27.57627912361728,17.0,2.0,0.0,0.0,1.0
169353.39705717433,1.0,52466.84842537468,34.98723060874592,16.0,3.0,1.0,0.0,0.0
142771.05084464076,1.0,37817.581635656155,52.38826954733447,14.0,4.0,1.0,0.0,1.0
273431.1148986201,1.0,136728.876428948,59.2497337429004,13.0,1.0,1.0,1.0,1.0
119821.23011432588,1.0,62832.08986221815,54.169236038660095,15.0,3.0,0.0,1.0,1.0
170965.45135595195,0.0,68175.41436269095,59.351646693473626,15.0,3.0,0.0,0.0,1.0
31303.39410983077,0.0,35675.594579741424,61.601924412470844,13.0,1.0,1.0,1.0,1.0
-34389.39602021932,0.0,38966.45451471641,39.58717273273034,10.0,2.0,1.0,0.0,0.0
255716.6847564836,1.0,128932.19259049096,33.40698192149124,15.0,5.0,0.0,0.0,0.0
67950.89613786776,0.0,48286.67172377879,39.22689553893744,14.0,2.0,0.0,1.0,0.0
101217.38730818946,1.0,41908.231803321374,45.21103214382295,14.0,3.0,0.0,1.0,1.0
134505.7979560981,1.0,55040.179398223525,58.50954352885672,14.0,2.0,1.0,1.0,1.0
78306.00532494555,0.0,47765.4752521242,25.687985082763987,17.0,1.0,0.0,0.0,0.0
157522.86060057333,1.0,63623.58172037954,63.11046405373674,15.0,6.0,1.0,0.0,0.0
59946.604828093485,1.0,46779.239631509474,54.66607585592084,14.0,1.0,1.0,1.0,1.0
258346.22220552497,1.0,168509.67131259356,48.728740746623615,11.0,2.0,1.0,1.0,0.0
95855.9130084563,1.0,68094.60238519931,54.87667828671234,10.0,3.0,0.0,1.0,0.0
27258.7360795497,1.0,38935.38977064664,40.03362987299418,14.0,3.0,1.0,0.0,0.0
104870.95090294543,1.0,44776.575996688516,45.136839498453114,11.0,3.0,1.0,0.0,0.0
93069.8078928384,1.0,43803.713574685295,59.008139601141515,10.0,3.0,0.0,0.0,1.0
35630.89030135819,1.0,20506.40146957925,59.272671612757385,13.0,2.0,1.0,0.0,0.0
156725.37402995513,1.0,48672.0241976099,32.50069389401309,10.0,2.0,0.0,1.0,1.0
181017.64827573192,1.0,109869.66467660107,41.27315438481311,17.0,2.0,0.0,0.0,1.0
210514.76894787003,1.0,100211.98624573536,51.57180895938109,12.0,2.0,1.0,1.0,0.0
103607.87336026446,1.0,76302.35243813523,45.64132810050239,12.0,3.0,0.0,0.0,1.0
72039.2507186951,1.0,60596.34795288357,49.468782736423556,18.0,3.0,0.0,1.0,1.0
38908.10280313879,1.0,41377.995168061054,59.61873811385842,11.0,6.0,1.0,1.0,1.0
100165.05666688585,1.0,41513.506397771795,54.86954050384289,15.0,3.0,1.0,0.0,0.0
85887.3967024026,1.0,37405.637045488686,53.30328311506335,16.0,2.0,1.0,0.0,1.0
155594.49674686603,1.0,48060.373295007914,38.06535789783021,14.0,4.0,0.0,1.0,1.0
119263.38041006391,1.0,53089.399822763655,57.71548412615749,12.0,2.0,1.0,0.0,1.0
84422.59775688042,0.0,66749.04787374126,50.166754561316864,10.0,1.0,1.0,0.0,0.0
27162.39670305155,1.0,62521.471047328945,46.87262958716218,10.0,5.0,1.0,0.0,1.0
90414.91232282456,1.0,71268.64735556571,54.59321560104159,15.0,2.0,0.0,0.0,1.0
87352.7991878083,1.0,43350.65918210324,29.857118012095558,15.0,2.0,1.0,0.0,1.0
7065.801586227128,1.0,22756.44054625356,61.78793346636209,14.0,2.0,1.0,0.0,0.0
79832.90425439528,0.0,72116.30941594728,36.29229967084585,18.0,3.0,0.0,0.0,0.0
100739.03953892761,1.0,82240.59625684853,45.827092602598015,12.0,2.0,1.0,1.0,0.0
145599.6187774436,1.0,29966.60844668116,49.47079426394873,13.0,3.0,1.0,1.0,1.0
224144.04291056198,1.0,156983.46148426304,39.444484769483026,11.0,3.0,1.0,0.0,0.0
48192.78543777058,1.0,76066.95998263435,38.08361150659714,13.0,3.0,1.0,0.0,1.0
126221.09536590078,1.0,102479.73037535913,58.50704987207694,14.0,4.0,0.0,1.0,1.0
275000.5605857261,1.0,205769.32308169274,47.74259134896906,16.0,1.0,1.0,0.0,1.0
96098.48416615279,1.0,48887.18245371583,40.79314106691793,14.0,3.0,0.0,0.0,1.0
206249.62414798685,1.0,137267.89777178198,62.8629534924158,13.0,3.0,0.0,0.0,1.0
14369.552873593057,0.0,54150.51860148494,56.113804585601486,10.0,3.0,1.0,0.0,1.0
210196.9694726,1.0,94527.06377153464,44.98438171979623,13.0,2.0,1.0,0.0,1.0
118824.56219540228,0.0,75965.03983662263,32.03636290528253,17.0,3.0,0.0,1.0,0.0
84936.8410107848,1.0,72152.58970754305,36.649704610061214,11.0,3.0,1.0,1.0,1.0
209570.20347578105,1.0,123773.4031125709,56.084832936912974,18.0,3.0,0.0,0.0,1.0
108934.07050505883,1.0,98968.95488114918,38.19849036825432,19.0,2.0,1.0,1.0,0.0
273499.59210715827,1.0,181137.66180951966,40.94131414685635,18.0,2.0,1.0,1.0,0.0
171373.88421493807,1.0,78824.95044205063,30.25589033702439,13.0,2.0,1.0,1.0,0.0
105578.8630005685,1.0,63606.677362092894,29.16697435584632,10.0,4.0,1.0,0.0,1.0
45525.31134252552,1.0,44875.68240430157,46.138700803447406,20.0,3.0,0.0,0.0,1.0
56139.191980924355,1.0,97616.55157821541,32.7488130039405,10.0,2.0,0.0,0.0,0.0
92715.14193928769,1.0,74683.1248356491,43.10907841926529,12.0,3.0,0.0,0.0,1.0
128670.16723212888,1.0,77648.82245192898,50.964301127984214,18.0,2.0,0.0,0.0,0.0
67375.17720226655,0.0,85920.19773893972,32.25504807957552,14.0,2.0,0.0,0.0,0.0
227074.01210880725,1.0,109762.9563611181,59.501569199777734,16.0,4.0,0.0,0.0,1.0
56034.020176182865,0.0,26161.258507936825,47.86641678177693,15.0,2.0,1.0,0.0,0.0
238110.31827174217,1.0,141102.3427682925,51.429031304327815,14.0,3.0,1.0,0.0,1.0
74723.8625188334,0.0,36094.3238104574,59.19904579018419,13.0,1.0,0.0,0.0,0.0
115254.35269677354,1.0,65937.13462023689,43.8294949475914,13.0,2.0,0.0,1.0,0.0
126694.15578240406,1.0,75054.95746746025,37.5580996291408,10.0,2.0,1.0,0.0,1.0
113301.64141095922,1.0,82556.44514011111,26.115968224422932,16.0,1.0,1.0,0.0,0.0
51564.37596273243,0.0,60419.125067757755,52.71252495717604,14.0,3.0,0.0,1.0,0.0
261147.39637969478,1.0,145516.75531325914,38.708917081268375,13.0,4.0,1.0,1.0,1.0
62176.83313365204,1.0,30480.299032408268,39.5895836744994,13.0,3.0,0.0,0.0,0.0
301660.6219066275,1.0,141872.90870302563,62.91271379416667,16.0,3.0,1.0,0.0,1.0
156504.14030036778,1.0,117058.35593125061,60.99507715818807,11.0,1.0,1.0,0.0,0.0
130890.08126565754,1.0,60769.464106425876,61.658884709356414,14.0,2.0,1.0,1.0,0.0
51122.07337083658,0.0,61406.57319269015,38.758419369587585,17.0,2.0,1.0,0.0,0.0
-1345.4351037177912,1.0,33886.88743540285,44.274512008302,13.0,3.0,0.0,1.0,1.0
84837.00966006098,1.0,75034.5247352941,38.29584918843337,11.0,1.0,1.0,0.0,0.0
116464.43260958737,1.0,65478.46228522721,28.723485625786417,12.0,3.0,1.0,0.0,1.0
11104.102582084975,0.0,37459.868593433,53.612168661192825,16.0,1.0,0.0,0.0,0.0
97122.44882477344,1.0,58757.692469126116,30.953830867646097,17.0,3.0,1.0,0.0,0.0
106194.52980706957,1.0,91287.95515807671,59.1392165194431,13.0,5.0,0.0,1.0,1.0
312574.5443656951,1.0,246051.21018538138,37.39206503405933,10.0,3.0,1.0,0.0,0.0
46802.048099334745,1.0,24778.482433822293,35.770006698832574,16.0,3.0,0.0,0.0,1.0
23509.494901234866,1.0,46598.12932142539,57.65856684103775,14.0,2.0,1.0,1.0,0.0
90434.64588677666,1.0,29624.58849340592,28.011221168786832,15.0,2.0,0.0,1.0,1.0
9344.217903816381,0.0,33087.75033396925,58.426676756770874,16.0,5.0,1.0,0.0,0.0
213625.93679591554,1.0,88654.56682501402,51.88350747767667,16.0,3.0,1.0,0.0,1.0
66964.70945772315,1.0,68630.35838217709,50.40264922083899,14.0,3.0,1.0,1.0,1.0
66451.492666774,0.0,43964.64804578359,42.073853576365934,13.0,2.0,1.0,0.0,1.0
76662.35258476215,1.0,22227.535426702976,45.131951773175956,17.0,2.0,1.0,0.0,0.0
133436.16160874994,1.0,68421.59088257031,61.292199509331425,14.0,2.0,1.0,1.0,1.0
280723.44041262474,1.0,110710.06295803285,57.35074112740679,17.0,2.0,0.0,1.0,1.0
-3061.8598664956808,1.0,33725.55461380276,56.253219091077106,16.0,3.0,1.0,0.0,1.0
170992.76256211576,0.0,88458.62188855617,43.0658790765527,12.0,4.0,0.0,1.0,1.0
166005.53504591103,1.0,109218.64731040271,31.680391203143284,12.0,4.0,1.0,0.0,0.0
79147.67031881574,1.0,92063.86648949281,27.12016198749761,15.0,4.0,1.0,0.0,1.0
152140.76695040788,1.0,137165.7033607843,49.082363043180834,12.0,1.0,1.0,0.0,1.0
86927.04259153972,1.0,44378.73635816516,59.86818412824358,16.0,2.0,1.0,0.0,1.0
177070.70709441038,1.0,85302.22795377085,62.96600718226201,18.0,2.0,1.0,0.0,1.0
79803.01007750975,1.0,46313.98224147173,31.701487186921106,14.0,2.0,0.0,1.0,1.0
65189.107575570946,1.0,30754.230319264476,26.264342254579546,15.0,4.0,1.0,1.0,0.0
8640.347867420693,1.0,33634.606075306685,49.74889973638021,15.0,3.0,1.0,0.0,1.0
182976.14711687306,1.0,105113.53812374611,31.256833995425946,15.0,1.0,1.0,0.0,1.0
395888.58543503063,1.0,190761.4981561132,54.127467918343854,14.0,5.0,1.0,0.0,0.0
266775.07220639405,1.0,176542.9924894912,43.6824547529869,13.0,1.0,1.0,0.0,1.0
184052.40397962235,1.0,117009.9324978321,54.00797078640104,12.0,2.0,1.0,1.0,1.0
109370.70357560896,1.0,49522.46680628436,59.2724112681294,12.0,2.0,1.0,0.0,0.0
135447.70284479577,1.0,52756.77598922644,31.51553750173678,15.0,2.0,0.0,0.0,1.0
36547.55664769154,0.0,67162.80957372014,26.416821112995546,16.0,4.0,1.0,0.0,0.0
73522.1700639942,0.0,62966.56608228257,43.42245857036686,13.0,5.0,1.0,1.0,1.0
-7254.741555210097,1.0,23130.330738213965,32.0777478745841,13.0,3.0,1.0,1.0,0.0
232962.6997970478,1.0,147827.6932188221,43.98991874886994,17.0,2.0,1.0,1.0,0.0
196737.95179211156,1.0,147761.69545194274,42.21663200869436,15.0,3.0,0.0,0.0,0.0
133596.9833459926,1.0,90987.19087913999,37.993810187372006,18.0,4.0,1.0,0.0,1.0
40415.48840328917,1.0,53002.13403461188,29.69357148651069,15.0,3.0,1.0,1.0,1.0
304536.520969148,1.0,229223.5801991813,30.345304741247183,14.0,4.0,0.0,1.0,1.0
237640.68607306146,1.0,110899.74990972017,56.51974650036723,11.0,3.0,1.0,0.0,1.0
237230.3763851411,1.0,150389.08971373326,47.56856166481644,16.0,1.0,0.0,1.0,1.0
-39706.630547601155,1.0,14027.236263623785,56.74113509705899,11.0,4.0,1.0,1.0,1.0
240092.29373062862,0.0,86581.29440022189,51.11032467999751,12.0,5.0,1.0,0.0,1.0
116640.37683494472,0.0,36800.88731661401,46.5050071872021,13.0,1.0,1.0,0.0,0.0
88883.45127647932,0.0,64926.76827200205,30.380290308649023,14.0,1.0,1.0,0.0,1.0
103389.04179388047,1.0,49644.42995132165,56.584067564288816,15.0,3.0,0.0,1.0,0.0
138926.06490095568,1.0,59617.12167555685,47.25812312581793,17.0,2.0,1.0,0.0,1.0
157704.82217130766,1.0,74638.88240166969,30.94306535963691,17.0,1.0,1.0,0.0,1.0
39708.007894682014,1.0,54828.60190467276,56.21655373651783,17.0,3.0,0.0,0.0,1.0
51959.94060806614,0.0,89859.63500376738,25.76416462572522,13.0,2.0,0.0,0.0,1.0
72630.90620851672,1.0,75067.4304919001,61.67291674587931,10.0,4.0,0.0,1.0,1.0
62886.29489937049,1.0,48979.9949234381,29.11631511121124,16.0,5.0,1.0,0.0,0.0
106000.72874622511,1.0,69865.81510721796,46.55826964582117,10.0,5.0,1.0,0.0,0.0
142189.9202304102,1.0,40951.035060654554,62.39979540161939,15.0,6.0,1.0,0.0,1.0
185974.36259299223,1.0,63298.45891205217,59.120900369284755,14.0,2.0,0.0,1.0,1.0
216277.01124058772,1.0,193921.5975437991,59.22389684854517,17.0,6.0,1.0,0.0,1.0
80231.20753847504,0.0,39141.565526040766,52.76877500985492,18.0,2.0,0.0,0.0,0.0
339913.15916066326,1.0,155317.87923367508,50.98643693434668,15.0,3.0,1.0,0.0,1.0
106398.73619510021,1.0,52831.46926665853,44.39256554201624,15.0,3.0,0.0,0.0,0.0
80566.95196041331,1.0,70705.18100143889,36.19158232534443,11.0,2.0,0.0,0.0,1.0
218048.98669481938,1.0,119955.80210570274,42.49620457634414,15.0,2.0,1.0,1.0,1.0
4025.4136990500847,1.0,24322.37809064932,56.884269695505566,15.0,2.0,0.0,0.0,0.0
178155.22917289517,1.0,72866.21959101185,54.00500681286134,14.0,2.0,1.0,0.0,1.0
186845.66337456414,1.0,138973.59792757986,37.10327700575439,14.0,4.0,1.0,0.0,0.0
130674.58055612382,1.0,48413.40723820106,58.4702931009414,16.0,2.0,1.0,0.0,0.0
70634.1395978667,0.0,26549.692712480566,43.97177640657374,12.0,1.0,0.0,0.0,1.0
83209.75796880381,1.0,61831.41136815711,47.7764534852075,16.0,2.0,1.0,0.0,1.0
167063.88498905415,1.0,120772.27444893167,38.1674223858645,10.0,2.0,1.0,1.0,1.0
209020.88901299276,1.0,90035.51301658912,38.572934777311936,18.0,3.0,0.0,0.0,0.0
19042.771018730877,1.0,51199.96482553299,40.12966405853051,12.0,2.0,0.0,0.0,0.0
180963.63196439517,1.0,89187.81666222002,44.81563942594827,11.0,2.0,1.0,0.0,1.0
99213.65823729575,1.0,62103.01362399028,52.64550349921515,15.0,2.0,1.0,0.0,1.0
140187.99474220257,1.0,49853.09076458002,33.10651569100678,15.0,2.0,1.0,0.0,1.0
221941.82461975716,1.0,149258.70045799774,60.15801963803038,14.0,3.0,1.0,0.0,1.0
244610.80055713304,1.0,87919.1705867317,54.814251208913284,15.0,2.0,0.0,1.0,1.0
83195.56792208059,0.0,39623.22107484442,36.04605600039652,13.0,1.0,1.0,0.0,1.0
26185.172062015088,0.0,65125.60786234862,50.75735110702779,10.0,2.0,0.0,0.0,1.0
124152.08307249597,1.0,83112.72036873527,36.20015556889883,10.0,3.0,1.0,0.0,0.0
48626.634452176964,0.0,40851.50881070169,55.885849610673404,15.0,2.0,1.0,0.0,1.0
55003.15741822411,1.0,33638.12923788783,54.51663835718635,18.0,5.0,1.0,0.0,0.0
358067.5695314053,1.0,254496.23277770448,53.25354753446527,13.0,5.0,1.0,1.0,1.0
20635.014901569848,0.0,44056.41511058287,40.29712772812335,12.0,3.0,1.0,0.0,0.0
91115.44966113481,1.0,39325.85359627935,25.169615673104104,14.0,4.0,1.0,1.0,1.0
52346.66766710022,1.0,40687.516708240626,44.32054122169116,14.0,3.0,0.0,1.0,1.0
72352.01341331075,1.0,35618.5953693756,48.2100847901404,13.0,2.0,1.0,0.0,1.0
51865.00043022724,1.0,52156.02335463147,28.520797261916677,16.0,2.0,1.0,0.0,1.0
340299.21749449224,1.0,211490.73909008215,45.76512458551345,14.0,3.0,0.0,0.0,1.0
41113.28995133209,1.0,68623.35604588085,39.618184042024616,15.0,3.0,1.0,0.0,1.0
143342.0494881858,1.0,121918.28015902282,52.342437561560615,16.0,3.0,1.0,0.0,1.0
136840.0005382458,1.0,77990.55435614663,33.023713682756885,12.0,5.0,1.0,0.0,1.0
87725.9322222289,0.0,43499.637989105555,58.719416952718596,11.0,3.0,1.0,1.0,0.0
-22884.21891783405,1.0,15575.42238314035,38.401651587168274,14.0,2.0,0.0,0.0,1.0
169254.1209169986,1.0,67727.21457182622,63.35413876504588,13.0,4.0,1.0,0.0,1.0
10586.77042366605,1.0,34325.835244222806,46.73834464125487,15.0,5.0,1.0,0.0,0.0
103921.50276277072,1.0,63548.17489127789,36.297497554740204,16.0,2.0,1.0,0.0,0.0
84701.93662097871,1.0,37524.458800573826,39.68740073964386,13.0,1.0,1.0,0.0,1.0
130058.60623740307,1.0,60768.91222822179,38.097863358478286,13.0,2.0,1.0,1.0,1.0
257678.7978022349,1.0,148381.5769365323,55.59739373330567,11.0,4.0,1.0,0.0,1.0
53100.44546407167,1.0,42079.178442700526,56.82985850950362,14.0,1.0,1.0,0.0,0.0
121706.3803874017,1.0,55664.162474224926,48.602581481000655,15.0,1.0,0.0,1.0,1.0
164112.6886284386,1.0,59197.206313286,62.80419183391952,11.0,3.0,0.0,1.0,0.0
104766.11765330253,1.0,20390.57549029511,57.99459091310746,18.0,3.0,1.0,0.0,0.0
1419.4971297268348,1.0,50534.63569642941,45.07837063603013,13.0,3.0,0.0,0.0,1.0
120759.39474506077,1.0,68779.77084630298,37.34357840333923,15.0,2.0,0.0,0.0,0.0
36020.207197529744,0.0,48961.9369383802,41.54922778776852,14.0,2.0,0.0,0.0,0.0
186066.05617163112,1.0,108762.53591605258,27.967011561217312,12.0,1.0,1.0,1.0,1.0
60945.75148637558,1.0,64808.52929955405,28.717778785286693,12.0,3.0,1.0,0.0,0.0
-4952.732049282247,0.0,19193.568159898914,50.26450464057808,14.0,2.0,1.0,0.0,1.0
117583.99191027999,1.0,50130.58355447583,55.65400372653972,15.0,2.0,0.0,0.0,0.0
5082.382439503017,1.0,38606.20265203701,42.44679401053135,13.0,2.0,0.0,1.0,1.0
232822.05259026104,1.0,99073.8479662932,50.06931493944134,13.0,2.0,1.0,1.0,1.0
308822.7257052942,1.0,200752.90203049264,26.44469467389869,14.0,1.0,0.0,0.0,1.0
135859.40804164024,1.0,114828.47438222298,30.498391098286223,14.0,1.0,1.0,0.0,0.0
136373.22840043218,1.0,76144.7682977951,32.40394270700094,18.0,6.0,0.0,0.0,0.0
121744.425737209,1.0,33804.57071749688,44.533902979050765,13.0,1.0,0.0,0.0,0.0
77309.74929839137,1.0,55979.42618407932,49.313834241186136,14.0,3.0,0.0,0.0,1.0
21065.94390584768,0.0,23474.424170978204,26.586618865277458,10.0,4.0,1.0,0.0,1.0
126408.532333851,1.0,49643.93198453194,29.540845695897076,19.0,4.0,1.0,0.0,0.0
44588.77163045816,0.0,23273.189703568703,53.140682475444734,18.0,4.0,0.0,0.0,0.0
99473.62750956627,1.0,72689.63159123788,32.32706711496457,12.0,3.0,1.0,0.0,1.0
242017.92540235986,1.0,122099.23598550582,37.83094094979237,15.0,3.0,1.0,0.0,0.0
-33596.421798852214,1.0,43415.60728677816,47.858925100248214,11.0,5.0,1.0,0.0,0.0
71167.64732933645,1.0,40826.871610941605,61.1841269603675,14.0,1.0,1.0,1.0,1.0
75624.82872818672,1.0,76998.12160004598,48.73230743485337,13.0,6.0,0.0,0.0,1.0
186712.80388950204,0.0,117909.6018400553,57.30705547812925,17.0,3.0,1.0,0.0,1.0
-34971.78479340549,1.0,35595.705689021954,38.34988602545969,14.0,2.0,0.0,1.0,0.0
73072.4298673951,1.0,38417.623113368376,34.16056811810455,14.0,1.0,1.0,1.0,1.0
63656.9005616042,1.0,75032.04684064821,25.01624657903756,11.0,2.0,0.0,0.0,1.0
88019.47354111436,1.0,53728.00742906212,39.98138022402203,15.0,2.0,1.0,0.0,0.0
66025.27486592725,0.0,29264.1284880439,45.4279174594767,15.0,3.0,1.0,1.0,1.0
83436.63017953475,1.0,40972.384669334526,52.86217657036993,14.0,2.0,1.0,0.0,1.0
67309.04051553988,1.0,66037.86048898245,63.164101300535876,13.0,3.0,0.0,1.0,1.0
116483.76987860596,0.0,54789.52342010292,41.99482363393726,11.0,3.0,1.0,0.0,1.0
68913.20440857954,0.0,14794.108010571274,57.27537352156926,13.0,1.0,0.0,0.0,1.0
97477.37105252311,1.0,99549.83140951494,41.752899837083945,16.0,2.0,0.0,0.0,1.0
86464.19829025454,1.0,125404.49996486491,57.49455540737144,14.0,6.0,1.0,0.0,0.0
252379.31360888097,1.0,154440.404187901,38.434126323736265,13.0,3.0,1.0,1.0,0.0
199084.3503397414,0.0,91715.66193329717,60.35141653724211,16.0,1.0,0.0,1.0,1.0
224435.49867899806,1.0,155807.0997787033,63.26204799531581,12.0,2.0,1.0,1.0,0.0
84575.09764937595,1.0,52938.6355350451,38.78048974750836,14.0,2.0,1.0,0.0,0.0
296291.4674585696,1.0,60683.203756929004,55.07998220021719,14.0,3.0,1.0,1.0,0.0
102428.45032070433,1.0,53819.13978994446,50.361639342810044,12.0,2.0,1.0,0.0,0.0
118626.31805001882,1.0,52310.3096733031,45.25533537464706,18.0,3.0,1.0,1.0,1.0
178758.62885511515,1.0,98089.93015672037,59.58431319965685,13.0,2.0,0.0,0.0,1.0
38661.33840802529,1.0,59295.43315815601,34.601997483629404,14.0,4.0,0.0,0.0,1.0
301909.88548715244,1.0,153310.82562569054,50.72834612691899,20.0,3.0,0.0,0.0,1.0
103543.72640356385,1.0,94006.06605777594,60.14149964668357,15.0,1.0,0.0,1.0,0.0
110889.44278068299,1.0,38701.48794811359,50.45606500243986,16.0,3.0,1.0,1.0,0.0
96460.01781588144,1.0,79854.55052728529,62.49675918315284,12.0,2.0,1.0,1.0,1.0
233766.60276742096,1.0,146329.35796612033,49.597321094401416,15.0,1.0,0.0,0.0,0.0
171703.4648065676,0.0,52361.090407768985,38.483748939186285,16.0,3.0,1.0,0.0,0.0
44882.01458280913,0.0,18154.815943114576,48.45050748949457,10.0,3.0,0.0,0.0,0.0
-31369.926342547304,0.0,24311.869706050154,59.77413199555614,17.0,5.0,1.0,0.0,0.0
-42354.92175097368,1.0,45282.97392138299,51.95341754951312,12.0,4.0,1.0,0.0,1.0
-70778.33882659634,0.0,12295.808797740663,28.12076877624123,12.0,1.0,0.0,0.0,1.0
159007.4926197202,1.0,83866.14443758235,55.14685794800744,14.0,2.0,1.0,1.0,0.0
116107.87905295288,0.0,31066.18034882482,56.39275698618387,10.0,3.0,0.0,1.0,0.0
112240.78512905832,1.0,31679.78320671469,38.86815942134449,14.0,3.0,1.0,1.0,0.0
35188.1582554709,1.0,52921.92935016686,60.146360423893924,11.0,2.0,1.0,0.0,0.0
67809.4458662059,1.0,33057.971119856564,53.957133149032046,18.0,3.0,1.0,0.0,1.0
175096.24748107372,1.0,64545.425123435634,35.749789777577185,10.0,1.0,1.0,1.0,0.0
63319.33733295564,0.0,37058.20948260698,35.36126297984669,19.0,2.0,1.0,0.0,0.0
100051.6111028241,1.0,37352.239712688635,39.84151050177462,15.0,2.0,1.0,0.0,0.0
78979.2241686986,0.0,52930.300659750734,43.700116854159944,15.0,1.0,0.0,0.0,1.0
162721.85812611293,1.0,54812.41465589316,30.51342594083355,14.0,5.0,1.0,0.0,1.0
44482.34891387707,1.0,58118.05810532923,44.24115569779957,13.0,2.0,1.0,0.0,1.0
19083.279327606695,1.0,28180.579633870755,57.920740599449125,15.0,1.0,1.0,0.0,0.0
141575.58165075118,1.0,140214.90160734547,29.23817407498177,12.0,5.0,1.0,1.0,1.0
-36469.51645682995,1.0,33597.96525809296,62.48891408610031,13.0,4.0,0.0,0.0,1.0
81760.29881453184,1.0,45781.36995013093,31.817821283632007,13.0,6.0,1.0,0.0,1.0
239373.34448883403,1.0,110567.8978335095,37.151341541127024,12.0,2.0,1.0,0.0,0.0
67133.57082867848,1.0,53711.0576745902,27.315136675315628,16.0,3.0,0.0,1.0,0.0
141703.2463345447,1.0,37170.97927200533,59.245597869021395,10.0,1.0,1.0,1.0,1.0
85264.66884624022,1.0,49306.28026198007,33.67210268511991,16.0,1.0,0.0,0.0,1.0
-54708.4808500286,1.0,18097.16513124787,44.44390778069229,13.0,3.0,0.0,0.0,1.0
57475.07666273169,1.0,35428.1900257265,60.6789642824432,16.0,3.0,0.0,1.0,1.0
160872.07828107636,1.0,78268.57999517594,25.736699211679472,16.0,5.0,1.0,1.0,1.0
144491.69926309906,1.0,97822.636963605,29.663457844373543,12.0,2.0,1.0,1.0,0.0
187874.71640153672,1.0,139246.5657800048,50.87342651019041,13.0,6.0,0.0,1.0,1.0
103142.32040291779,1.0,82250.96270959656,41.11782974416921,13.0,1.0,1.0,0.0,0.0
162614.9104350376,1.0,84393.45520048424,40.224977471234965,11.0,1.0,1.0,0.0,0.0
319283.3250128842,1.0,194190.58011872284,39.92341325005781,15.0,2.0,1.0,0.0,0.0
169923.17890068176,1.0,77701.94759209028,43.6410007303143,16.0,3.0,0.0,0.0,1.0
68682.38908648831,1.0,50219.234858824835,46.54164733753749,15.0,3.0,1.0,1.0,0.0
132597.4428457569,1.0,110698.37704923976,49.141556453412875,11.0,2.0,1.0,0.0,0.0
183513.40561710094,1.0,115402.72746317399,32.88571491512303,12.0,2.0,0.0,1.0,1.0
69651.36191077727,0.0,20934.84494371666,47.52291020090968,17.0,2.0,0.0,0.0,1.0
221739.09912573907,1.0,101724.05879536193,63.278097733910116,18.0,2.0,1.0,0.0,1.0
224084.73524502313,1.0,92741.71676288296,54.94197837490874,14.0,1.0,0.0,0.0,1.0
141899.9016783032,1.0,80852.22786997727,28.71791408596018,16.0,2.0,1.0,0.0,1.0
102181.37580923771,0.0,32547.65077093021,54.020863152259025,15.0,3.0,1.0,0.0,1.0
166280.68922136846,1.0,74566.895536981,42.57947023991139,14.0,3.0,0.0,1.0,1.0
97858.18246129616,1.0,32241.20284281365,40.46567175527704,15.0,3.0,1.0,1.0,1.0
94148.08913757742,1.0,51305.64733521457,58.7947012996463,16.0,3.0,0.0,1.0,1.0
271715.6815674107,1.0,115430.77171568749,48.452197657230506,17.0,2.0,1.0,1.0,1.0
159084.51029252278,1.0,76909.63250164091,30.1204432697099,13.0,2.0,1.0,1.0,0.0
108276.12479137226,1.0,58539.93702872464,31.79763593412496,16.0,2.0,1.0,0.0,1.0
41242.25052198107,0.0,43922.390469683785,28.32412669161954,10.0,1.0,1.0,1.0,0.0
174623.44583917432,1.0,69116.99047261494,60.84768175582637,15.0,3.0,0.0,1.0,0.0
148611.83498008762,1.0,107005.10721388583,42.15741625754445,13.0,4.0,1.0,0.0,1.0
271094.65782674274,1.0,122034.43000501941,55.617734521645914,16.0,2.0,1.0,0.0,0.0
25098.182613013538,0.0,42850.951630666146,58.13685831405541,16.0,6.0,1.0,0.0,1.0
102718.80056945635,1.0,52638.43544677773,35.993384849742554,17.0,2.0,1.0,0.0,0.0
258230.18555333873,1.0,118815.38643209873,26.11508190847127,11.0,3.0,1.0,0.0,0.0
101471.28367930288,1.0,79838.61185127027,27.888066532358966,13.0,3.0,1.0,1.0,0.0
138334.80576524715,1.0,105922.72753488542,42.0575234969657,10.0,1.0,1.0,0.0,0.0
168051.2595593453,1.0,63603.27539240581,62.85469409749474,16.0,3.0,1.0,0.0,1.0
52049.47866501682,1.0,52985.76485204596,46.4112220052738,16.0,5.0,1.0,1.0,0.0
190882.52228335792,1.0,97302.40621674102,55.476851424238674,12.0,1.0,1.0,0.0,1.0
100633.77542262283,1.0,65385.988904917045,56.66760855731374,11.0,5.0,0.0,0.0,1.0
75930.54019381589,0.0,12390.646978365052,56.29122871684808,15.0,1.0,1.0,1.0,0.0
10244.485574249018,0.0,41647.974879577494,31.074109362358445,17.0,2.0,1.0,0.0,1.0
183178.30165460668,0.0,83143.1225618334,42.62551452618722,10.0,3.0,1.0,1.0,1.0
181019.9089207176,1.0,74562.05532701673,44.80504164244097,12.0,1.0,1.0,0.0,1.0
242827.13546460783,1.0,134715.6834314196,61.39870815817103,12.0,3.0,1.0,1.0,1.0
115069.831915581,1.0,54322.89101446865,61.85299207338566,11.0,1.0,1.0,1.0,0.0
44696.62327088436,0.0,46425.438497612675,35.17349464165264,13.0,1.0,0.0,0.0,1.0
115641.63937113062,0.0,31971.577573201892,31.04876888421516,12.0,1.0,0.0,0.0,0.0
142381.289634778,0.0,94593.34950500897,50.83188137240049,11.0,1.0,1.0,1.0,1.0
255515.72495062707,1.0,90888.9469308919,55.05583435266341,17.0,5.0,0.0,0.0,1.0
190406.88024464098,0.0,50732.91985778637,53.827853688899154,15.0,3.0,1.0,0.0,0.0
212590.0340439358,1.0,95186.11445830522,56.502159394075264,16.0,1.0,1.0,1.0,1.0
47772.44209211615,0.0,39893.4871144679,42.87049036406239,12.0,1.0,1.0,0.0,0.0
47190.00518004888,1.0,41758.91717748786,52.47524586089804,11.0,1.0,0.0,1.0,1.0
156383.15148846956,1.0,118281.4293279201,33.585328032651574,13.0,2.0,1.0,0.0,1.0
120601.14786994376,1.0,49282.71319057074,35.31573025409759,12.0,5.0,0.0,0.0,1.0
191787.62021846333,1.0,74813.86468433458,32.264309488052916,17.0,4.0,1.0,1.0,1.0
303739.3466595637,1.0,157945.28778918108,40.63368605020965,15.0,3.0,1.0,0.0,0.0
30427.08404402737,1.0,30964.121390719345,59.64139224800874,14.0,3.0,1.0,0.0,0.0
100602.25218045819,1.0,31366.526629689284,54.57448541248606,16.0,3.0,1.0,1.0,0.0
90697.3156566734,1.0,50572.93251358694,53.963132994488014,11.0,4.0,1.0,1.0,1.0
202351.58466285525,1.0,75563.90254904013,63.606722634821274,16.0,2.0,1.0,1.0,0.0
59266.953299045286,1.0,47035.768407079115,63.0739789657534,12.0,1.0,0.0,0.0,0.0
107748.97073182624,0.0,28125.57184085877,59.359693164323765,15.0,2.0,0.0,0.0,1.0
20912.10962467966,1.0,24419.918360374697,36.82756170685174,13.0,2.0,1.0,0.0,1.0
223911.2697209951,1.0,157963.27009870816,37.820921183929606,14.0,2.0,1.0,0.0,1.0
94331.49966153986,1.0,37343.401931467975,39.50741968251448,11.0,1.0,0.0,1.0,0.0
335388.2408438824,1.0,159756.98246849616,62.44341824264074,14.0,3.0,1.0,0.0,1.0
-17764.311830934996,1.0,29802.33423468295,61.17377867196112,12.0,4.0,0.0,1.0,0.0
123051.60563109745,1.0,67242.11021178562,26.896839425599836,15.0,1.0,0.0,1.0,1.0
85137.53132807599,1.0,25702.090113812847,50.46948355614434,20.0,3.0,1.0,0.0,1.0
27831.233426218067,0.0,41779.37084857133,49.42843868351321,14.0,2.0,1.0,0.0,1.0
174411.0162513502,1.0,83828.55307145783,25.92299747725254,13.0,2.0,1.0,0.0,1.0
94842.43700374501,1.0,68546.2954871462,35.68076727353622,13.0,4.0,1.0,0.0,0.0
141386.20410572982,0.0,74991.78289365192,28.66099933674147,16.0,3.0,0.0,0.0,0.0
39509.82797627229,1.0,44468.18780445714,59.58531712753274,12.0,2.0,0.0,0.0,1.0
31689.58269664985,1.0,41339.29859134092,31.58698957943898,16.0,1.0,0.0,0.0,0.0
83298.47909908339,1.0,58343.0488143456,28.08022351611154,17.0,3.0,0.0,1.0,0.0
37973.62569045152,0.0,52664.230125729184,47.4779635936022,15.0,4.0,1.0,0.0,0.0
130570.50386287028,0.0,53018.71643453395,52.252147769209216,14.0,2.0,1.0,0.0,0.0
237127.71125925053,1.0,99492.41564060384,56.02322406461803,14.0,3.0,1.0,0.0,1.0
133507.49178990416,1.0,81621.87598554575,60.8701003633825,17.0,2.0,1.0,1.0,1.0
49494.45014076715,1.0,57923.194701186265,62.641670639073155,14.0,3.0,1.0,0.0,1.0
310366.32873496885,1.0,114561.31421969537,49.56922426949886,16.0,1.0,1.0,0.0,1.0
63084.1310986732,1.0,82961.25118217968,28.194904237416303,15.0,4.0,1.0,0.0,1.0
36389.28760168672,0.0,54035.02046531574,62.29801262351015,13.0,1.0,1.0,0.0,1.0
27899.058374547785,1.0,33822.095772093664,56.43594995809557,17.0,5.0,1.0,1.0,1.0
90179.40741821946,1.0,33496.17386942057,56.967788174504584,14.0,3.0,1.0,0.0,1.0
109564.90993888836,0.0,28244.872768715846,48.307064985213174,19.0,2.0,1.0,0.0,1.0
60234.33886601114,0.0,36175.340118602304,31.18444611839589,15.0,4.0,0.0,1.0,0.0
371789.0663619716,1.0,224289.48348996183,34.39704705067948,14.0,5.0,1.0,0.0,1.0
125375.97860898016,1.0,60454.35775071524,62.17519809851172,12.0,3.0,0.0,1.0,1.0
94337.37704007504,1.0,29234.599257885864,33.438720952990515,18.0,3.0,0.0,0.0,0.0
210027.42007824907,1.0,148226.48370418872,54.12262778882439,10.0,2.0,1.0,1.0,1.0
192849.94821341799,1.0,98787.85423408863,57.42860301717458,16.0,2.0,0.0,1.0,1.0
23202.78324405822,0.0,61092.62870938675,31.593515347407905,16.0,6.0,1.0,0.0,0.0
104107.54823891424,0.0,15075.156033069788,57.257098573001436,12.0,4.0,1.0,1.0,0.0
43773.10834176866,1.0,29785.742611254827,42.85229909973674,15.0,3.0,1.0,0.0,1.0
187966.19468241694,1.0,108548.53133928774,33.43944479411864,16.0,4.0,1.0,1.0,1.0
73134.30122470659,1.0,45826.57938655009,49.97344761945992,13.0,4.0,1.0,1.0,0.0
55300.31840137925,1.0,53488.17232656019,37.93557485129258,15.0,1.0,1.0,0.0,1.0
57015.53650462023,1.0,43991.30833486149,55.14275685867828,13.0,4.0,1.0,1.0,1.0
152493.99831223214,0.0,40876.48197654859,32.95545001105373,14.0,2.0,1.0,0.0,1.0
93551.08622512185,1.0,42777.908556389746,29.521911442291927,13.0,5.0,1.0,1.0,1.0
66721.2533771602,1.0,49272.636511676166,41.17889369083548,16.0,3.0,1.0,0.0,1.0
64902.87071491741,0.0,40135.28835962544,58.922366635909476,15.0,4.0,1.0,1.0,0.0
242014.78299316886,1.0,163125.80771822485,51.34709789478024,17.0,2.0,1.0,0.0,0.0
80834.76041280682,0.0,16419.02742761602,28.169415564498777,16.0,2.0,1.0,0.0,0.0
211871.13181368774,1.0,107913.65543452525,39.43038480733047,12.0,5.0,1.0,0.0,1.0
15066.733850831653,1.0,22424.458114015488,50.869105782456764,15.0,3.0,1.0,0.0,1.0
180587.8497186709,1.0,99336.95538034034,33.4644181882285,15.0,2.0,0.0,0.0,0.0
95959.0695412503,1.0,91475.92631510698,46.36633532541501,10.0,3.0,1.0,0.0,1.0
107990.1088057978,1.0,150843.4937174331,25.983854940735487,14.0,1.0,0.0,0.0,0.0
75610.38407813942,0.0,30192.04846787244,44.662479264299144,14.0,1.0,1.0,0.0,0.0
21449.95377481747,0.0,50448.93317480562,27.952048593517993,16.0,2.0,1.0,0.0,0.0
365178.9148533841,1.0,207491.16345940638,47.98928071605915,10.0,3.0,1.0,1.0,1.0
185367.74193356608,1.0,113931.80166087314,35.42955874023485,13.0,3.0,1.0,0.0,0.0
319374.5202412097,1.0,134635.60105056764,53.95679678204058,15.0,2.0,1.0,0.0,1.0
43564.571948300014,1.0,51859.54626963402,44.19988653740304,14.0,5.0,1.0,0.0,1.0
57481.050659304616,1.0,32062.95340283259,58.857293930229,13.0,2.0,1.0,1.0,0.0
131826.09266829383,0.0,66030.3070509213,52.700893700675266,12.0,3.0,1.0,0.0,1.0
154252.86703292135,0.0,69018.24592440053,49.74924997452704,12.0,3.0,1.0,0.0,0.0
121010.04437406629,0.0,76177.95124158383,47.756815879650674,12.0,4.0,0.0,0.0,1.0
253937.26925722937,1.0,95191.00529222036,60.39341945146925,18.0,2.0,1.0,0.0,1.0
151273.12116604726,1.0,96610.60912768092,58.05175471494777,16.0,4.0,1.0,0.0,1.0
342869.35830747744,1.0,241287.7898880733,45.689480589533076,17.0,3.0,1.0,0.0,1.0
108042.49222792313,1.0,65430.07237528158,50.775786446428505,16.0,1.0,1.0,1.0,1.0
250218.84827834758,1.0,83239.9719341376,55.71219457681268,13.0,2.0,1.0,0.0,1.0
151185.26374772313,1.0,88388.48531646696,36.531279374845,10.0,2.0,1.0,0.0,0.0
37062.06163234124,1.0,71341.65011300604,43.01313574945287,15.0,3.0,0.0,0.0,0.0
80580.46448759834,1.0,54968.80765564732,40.10878225279753,11.0,1.0,1.0,0.0,1.0
135022.68759982305,1.0,40054.88116654518,60.49089019130595,14.0,2.0,1.0,0.0,1.0
285469.54436487716,1.0,140103.56542664304,53.67536434253667,14.0,2.0,1.0,0.0,1.0
214830.9139035843,1.0,152280.8372132717,41.23612388165507,14.0,3.0,1.0,0.0,0.0
203586.40200293929,1.0,170625.8218609834,44.508017944204425,12.0,2.0,0.0,1.0,0.0
113936.72955749971,1.0,62697.58608454473,29.860251143447567,13.0,1.0,1.0,0.0,0.0
178051.81289988523,1.0,100861.51391442773,37.09882462720553,17.0,4.0,1.0,1.0,1.0
88362.50265791295,1.0,73146.4200542244,60.755738676160846,14.0,4.0,1.0,1.0,0.0
145643.24029430375,1.0,90203.71875995316,37.168493186720006,12.0,1.0,1.0,0.0,1.0
101815.10010715463,1.0,76012.88594189168,49.366535950501394,17.0,2.0,0.0,0.0,1.0
133390.88352634056,0.0,45802.21707570562,49.280053413852244,14.0,1.0,0.0,0.0,1.0
192373.97814726472,1.0,88594.78555419641,47.25412467829045,12.0,3.0,1.0,0.0,0.0
214511.2312996069,1.0,107928.19969956682,58.494581184523966,13.0,2.0,0.0,1.0,1.0
172217.10414026672,1.0,125823.56478818106,44.77868200720909,15.0,3.0,0.0,0.0,1.0
216850.21303367376,1.0,72327.14036567482,63.485394437724416,13.0,1.0,0.0,0.0,1.0
120591.7679463025,1.0,41133.37897326119,56.93677576078083,14.0,2.0,0.0,1.0,1.0
161607.8134961443,1.0,113503.68757953582,50.46407454813995,14.0,4.0,1.0,0.0,1.0
156935.71311705819,1.0,81887.409889589,58.93623338319522,15.0,4.0,1.0,1.0,1.0
456941.02515492064,1.0,300501.3689482326,42.34829782321302,14.0,5.0,1.0,1.0,1.0
49549.11315931681,0.0,71859.46810371953,54.834675389923945,14.0,5.0,1.0,0.0,1.0
193284.6178512702,1.0,95741.60587416714,32.68614856266691,18.0,3.0,1.0,0.0,1.0
37277.848872548224,1.0,43707.37098542517,43.899547220998016,17.0,1.0,1.0,1.0,0.0
110029.09519877263,1.0,49583.78440006823,55.516070335830946,14.0,3.0,1.0,1.0,0.0
16377.788899942738,0.0,46566.908198132995,37.120500175757506,14.0,4.0,0.0,1.0,0.0
160299.11074351377,1.0,61647.81172436993,54.31922093368763,17.0,3.0,1.0,1.0,1.0
147939.7314658817,1.0,62200.61702643224,43.19182435017642,11.0,2.0,1.0,1.0,1.0
97134.90062864931,0.0,76343.96662167353,31.198000197148076,10.0,2.0,1.0,0.0,1.0
104090.24168631704,1.0,24158.713301279935,42.79812090239814,13.0,3.0,1.0,1.0,1.0
205419.54461093544,1.0,105935.69103691261,46.25967011348362,14.0,2.0,1.0,1.0,1.0
176497.05171833534,1.0,120661.51485958521,57.71199888239134,10.0,2.0,1.0,0.0,1.0
37870.645897992,1.0,79889.12205767113,28.48216890949533,11.0,2.0,1.0,0.0,1.0
258281.56693540467,1.0,134749.9944246456,52.68687423658884,14.0,6.0,1.0,0.0,1.0
82575.00914697976,1.0,56098.6822040636,27.108730329507907,15.0,3.0,1.0,1.0,0.0
55281.19434384623,1.0,36241.59285596225,55.562415427158655,12.0,4.0,1.0,0.0,1.0
83427.56446823102,1.0,48282.073304840305,28.88704703187607,11.0,1.0,1.0,0.0,1.0
96554.26414277124,0.0,57999.73412684614,49.0770792501378,13.0,2.0,1.0,0.0,1.0
126716.12602950342,0.0,46209.23009984423,62.04078929988732,14.0,3.0,1.0,0.0,0.0
47567.615414417145,1.0,45478.209774527124,57.16465822843194,11.0,2.0,0.0,0.0,1.0
73574.42622992076,1.0,56171.82670615662,42.49339555952267,13.0,3.0,1.0,0.0,1.0
135787.7599395174,1.0,80722.7740576144,50.65364685371374,11.0,2.0,0.0,1.0,1.0
231135.2901665931,1.0,109844.08748845273,43.42670991359503,16.0,2.0,1.0,1.0,0.0
7856.155495230982,0.0,62064.57256359312,34.59993565968506,13.0,2.0,0.0,0.0,0.0
13978.190713264528,1.0,27631.34344977254,35.077343793454,10.0,2.0,1.0,0.0,1.0
368153.39953723736,1.0,324269.5838599889,55.23164499074717,18.0,3.0,1.0,0.0,1.0
5959.155251767654,0.0,52551.45750449742,34.06663482678709,13.0,3.0,1.0,0.0,0.0
51991.065290609375,0.0,26479.239131214974,61.95821295239089,10.0,3.0,1.0,0.0,1.0
53334.453768344065,1.0,16613.14368085742,57.87140070935872,13.0,5.0,1.0,0.0,1.0
-1045.3929742828623,1.0,36133.94654393369,46.2036693391434,14.0,2.0,0.0,1.0,1.0
167344.7533870378,1.0,48374.05306646649,54.083816138993434,17.0,2.0,1.0,0.0,0.0
126689.1581110804,1.0,59292.40107249911,52.288353771077226,14.0,2.0,1.0,1.0,1.0
145972.60323690192,1.0,91538.96501013623,30.280018420993095,13.0,4.0,1.0,1.0,1.0
151919.97636143604,0.0,71983.01224131054,27.07136548505532,10.0,1.0,1.0,0.0,1.0
123633.3742829524,1.0,117062.28839287213,42.08857671418453,14.0,3.0,1.0,1.0,0.0
95518.13256057323,1.0,58398.34011780698,38.66352293851918,16.0,1.0,0.0,1.0,1.0
-7300.906990030613,0.0,16928.934792245935,59.578414909948336,14.0,1.0,0.0,1.0,1.0
194820.3840300289,1.0,142308.90336150938,31.720818265739958,16.0,3.0,1.0,0.0,1.0
64783.75103406589,1.0,33776.66658005211,50.84305581818987,16.0,3.0,1.0,0.0,1.0
19111.42334768937,1.0,44640.58317267386,51.682629867237175,13.0,3.0,1.0,1.0,0.0
92869.67770519569,1.0,97454.81696095644,32.89605253077821,14.0,6.0,0.0,0.0,0.0
195066.22585146967,1.0,123984.86650923768,33.300804666817555,12.0,2.0,1.0,0.0,1.0
76639.47094056063,1.0,51214.58094024648,60.44487283335836,14.0,3.0,1.0,1.0,1.0
172744.46488599526,1.0,114679.44694412578,36.38647918186286,13.0,1.0,1.0,0.0,1.0
183605.38971615207,1.0,109066.62445657987,47.161435730513695,13.0,2.0,1.0,0.0,0.0
85348.12053713865,0.0,74382.048280125,55.8629030716574,15.0,5.0,1.0,0.0,0.0
60738.878195044446,0.0,66349.09300592978,55.16773245412028,11.0,4.0,0.0,1.0,0.0
118591.71036485962,1.0,58017.54738191346,47.392454391898596,11.0,4.0,0.0,0.0,1.0
88917.59873654606,0.0,24467.880792583564,57.356377825439175,12.0,3.0,1.0,0.0,0.0
111890.5136561156,1.0,52126.87072503439,27.666051686563222,12.0,3.0,0.0,0.0,1.0
161697.77657924278,1.0,87722.02134217591,63.75978250887024,13.0,4.0,1.0,1.0,1.0
154335.19977876852,0.0,63970.81349514519,35.59457246968788,15.0,3.0,1.0,0.0,1.0
57725.44300554508,1.0,68668.9911762735,32.10959810555653,14.0,4.0,0.0,1.0,0.0
49809.53722383201,0.0,44089.28800071379,63.12390159538863,11.0,2.0,1.0,0.0,1.0
69917.45111613238,0.0,49736.48442614829,52.43324115532954,10.0,2.0,1.0,1.0,1.0
120184.53859280943,1.0,94003.29324981321,39.19032126245162,13.0,3.0,1.0,0.0,0.0
83285.47919958872,1.0,39142.129277437845,56.88141530070429,15.0,2.0,1.0,1.0,0.0
313585.438652608,1.0,93411.97449704482,63.978935221605624,13.0,3.0,0.0,0.0,1.0
218655.1669964392,1.0,184378.07147242915,43.35568210851399,11.0,3.0,1.0,0.0,1.0
188066.45992482748,1.0,125206.53931958094,35.35861996404147,12.0,4.0,0.0,1.0,0.0
7242.505601651363,0.0,25196.09454967761,61.41246818334131,13.0,2.0,0.0,0.0,1.0
84597.85449905152,1.0,39850.25450943152,35.66419556237048,14.0,5.0,0.0,1.0,0.0
154665.8343297503,1.0,53245.23619874896,58.86938060822555,12.0,3.0,1.0,0.0,1.0
64966.43036533843,0.0,19407.05087276069,25.349515824200402,16.0,2.0,0.0,0.0,1.0
-29573.906119197673,0.0,11416.785005461166,63.48039098389307,13.0,1.0,1.0,0.0,0.0
162513.6641125309,1.0,57581.69286286445,39.62410535189686,14.0,3.0,0.0,1.0,0.0
178095.52802466048,1.0,66398.45014146782,27.9817945666209,19.0,1.0,1.0,0.0,1.0
71481.69998710453,0.0,43890.90098600228,57.389823968525796,13.0,3.0,0.0,0.0,1.0
151455.40573844544,1.0,69113.8398783529,49.3620793801544,10.0,1.0,1.0,0.0,1.0
154391.49163039523,1.0,54941.242833969714,41.30864313251012,13.0,2.0,1.0,1.0,1.0
125630.15511311448,1.0,96405.39828964947,58.9471064556709,15.0,4.0,1.0,0.0,1.0
122217.2289558238,1.0,60700.89225377932,51.25164530559363,11.0,1.0,0.0,0.0,0.0
32868.82517755212,1.0,57988.27092995275,53.305156785549585,19.0,1.0,0.0,0.0,0.0
51183.12059035624,1.0,38250.42273563056,37.03831991052887,13.0,2.0,0.0,1.0,1.0
196723.4931961716,1.0,148959.50219910606,55.508095470951474,15.0,3.0,0.0,0.0,0.0
92993.90317917231,0.0,45492.89280766652,34.76226912979545,13.0,5.0,0.0,1.0,0.0
5374.162216560573,1.0,30239.896454245107,48.64247808466449,17.0,3.0,1.0,0.0,0.0
143468.2685987594,1.0,68479.40973254612,35.38942174801451,12.0,1.0,1.0,0.0,1.0
122389.76517612532,1.0,55573.98781746595,43.273105997675245,17.0,5.0,1.0,1.0,0.0
6675.11717236109,0.0,53302.97172447684,38.138954742406625,14.0,1.0,1.0,0.0,1.0
178619.05507841503,1.0,51423.31808943019,34.43166518204578,19.0,1.0,0.0,0.0,0.0
103359.8153624124,1.0,107083.71216010561,38.63736978299334,16.0,2.0,0.0,1.0,0.0
119063.67754435162,1.0,86823.36333395138,47.938019491195114,12.0,2.0,1.0,0.0,0.0
222918.06030541338,1.0,124213.74170356839,52.161689050580165,11.0,2.0,0.0,1.0,1.0
98664.56928403754,1.0,30215.91111935681,50.42829065606183,14.0,2.0,1.0,1.0,1.0
67776.84090915791,0.0,41193.7093798611,52.69781375127697,10.0,2.0,0.0,0.0,0.0
35333.66511325309,1.0,49328.777264735894,46.23973325150415,13.0,3.0,0.0,0.0,1.0
204393.25977253084,1.0,159156.79892386898,49.01417165722597,17.0,2.0,0.0,0.0,1.0
182497.62685506424,1.0,81652.7318857297,61.52000189308016,14.0,4.0,0.0,1.0,1.0
292807.68850001105,1.0,208184.72618353408,49.13052935957815,19.0,4.0,1.0,1.0,0.0
99064.64441212162,0.0,57301.84530037403,55.61160303674346,16.0,1.0,0.0,0.0,0.0
19227.306811383118,1.0,26690.770682069655,45.9643043127513,13.0,2.0,0.0,1.0,0.0
144086.29448022833,0.0,47085.222782388635,36.85701006676619,14.0,2.0,0.0,0.0,1.0
171103.25488730954,1.0,137446.1853821659,43.41967949377926,10.0,3.0,0.0,1.0,0.0
144172.46621465773,1.0,104964.7892576599,53.920943368472436,17.0,3.0,1.0,1.0,0.0
44478.51149083219,1.0,43112.526835994744,37.123732667197295,14.0,3.0,1.0,0.0,1.0
36543.86551130861,1.0,46905.83004378877,26.61822077446143,14.0,1.0,0.0,1.0,1.0
91107.14520653483,1.0,42687.51188514049,60.13824086334699,13.0,3.0,1.0,1.0,1.0
159838.20720072565,1.0,82730.36719017266,46.806437281030725,17.0,4.0,1.0,0.0,1.0
324610.4977608843,1.0,191868.9468128235,45.24375449317367,14.0,3.0,1.0,0.0,0.0
85151.75901612769,0.0,58942.18874594891,53.420378022109134,16.0,3.0,1.0,0.0,1.0
-74711.27180038589,0.0,26673.624190326904,40.637629751398705,13.0,4.0,0.0,0.0,0.0
191315.4300048062,1.0,84896.26620440511,62.638265518912235,14.0,2.0,0.0,1.0,1.0
119437.69660321802,1.0,117934.55056377989,41.40916861977393,12.0,1.0,0.0,0.0,1.0
128884.66588141659,1.0,34935.50416026712,51.61744120524031,18.0,2.0,1.0,0.0,1.0
85545.10264242197,1.0,50169.378415648316,59.018696372395816,13.0,3.0,0.0,0.0,0.0
114793.91871112866,1.0,69008.90786014132,42.14048796271733,15.0,2.0,1.0,1.0,0.0
70074.68085149885,1.0,60785.5774233179,26.164820976656205,18.0,2.0,1.0,0.0,1.0
111448.19360661265,1.0,44080.23929089293,62.15642372417003,14.0,3.0,0.0,0.0,1.0
54501.39803050936,1.0,57260.77415359557,59.1022276734739,14.0,4.0,0.0,0.0,0.0
113499.59036436806,1.0,108703.61621101714,47.368622105235744,13.0,1.0,0.0,1.0,1.0
85746.7912326982,1.0,77315.70195869531,43.95664079662835,17.0,2.0,1.0,0.0,0.0
65416.81816917812,1.0,53860.88493895593,42.78312542320309,14.0,4.0,1.0,0.0,1.0
72211.68976006511,1.0,59471.94873734304,62.43738086604217,13.0,2.0,0.0,0.0,1.0
203999.28509087203,1.0,73037.71378131547,59.53798157206768,16.0,3.0,0.0,1.0,1.0
127960.77425725842,0.0,86440.67407378419,49.11180309241659,15.0,2.0,0.0,0.0,1.0
-5125.848525509195,0.0,23717.488981151306,31.767332307179444,15.0,2.0,0.0,0.0,0.0
227101.0960038075,1.0,191546.9221116865,62.9891334335683,17.0,6.0,1.0,1.0,0.0
68946.1593191887,0.0,47648.13021859869,25.050580679449457,15.0,3.0,1.0,0.0,1.0
81009.79295486455,1.0,40486.7772410465,33.526113502462664,12.0,4.0,1.0,1.0,1.0
88836.64897167904,1.0,27479.514805672792,42.62775588207403,14.0,4.0,1.0,0.0,0.0
138315.1367024281,1.0,76781.51147236298,33.802143923876024,15.0,3.0,1.0,0.0,0.0
83157.52987951455,1.0,54077.014126666334,45.798828251263174,15.0,1.0,1.0,1.0,1.0
-7557.749413087444,0.0,15917.878503145666,44.97598861606326,16.0,2.0,0.0,0.0,0.0
79386.44037620611,1.0,23004.415930699826,56.111269920631514,15.0,1.0,1.0,1.0,1.0
155417.16242085333,1.0,80248.19197444309,57.82839227361899,13.0,1.0,0.0,0.0,1.0
375027.261271441,1.0,288627.50992431445,30.206435369060827,15.0,4.0,1.0,0.0,0.0
63023.81234188901,0.0,39465.60668264037,26.457606533177177,16.0,2.0,1.0,0.0,1.0
114722.7233834316,0.0,48655.476861744886,56.18041283825068,14.0,1.0,1.0,1.0,1.0
24265.292103293825,0.0,43429.32155984838,53.715274695023865,17.0,1.0,0.0,0.0,0.0
176887.86935616913,1.0,125733.30476282455,45.409154383634984,16.0,2.0,1.0,0.0,1.0
289839.54158175125,1.0,158913.52209099257,43.65511420621981,17.0,5.0,1.0,0.0,0.0
126480.33308679385,0.0,110016.6350746437,34.107834151568866,12.0,2.0,0.0,0.0,0.0
80636.47322564197,1.0,81972.50562917916,48.762506709770264,15.0,1.0,0.0,1.0,0.0
177585.9272819628,1.0,50220.48600504106,51.04190678620572,15.0,4.0,1.0,1.0,1.0
47340.33089697888,0.0,58600.27281011995,34.120537905124095,13.0,4.0,1.0,0.0,0.0
89632.39065822847,1.0,108679.53121020098,53.88888277786509,15.0,2.0,1.0,0.0,0.0
233609.42087095662,1.0,153072.36027729174,38.44476601825634,16.0,1.0,1.0,0.0,0.0
7835.788885006885,1.0,69237.67305449407,52.393621297788506,15.0,2.0,0.0,1.0,1.0
168325.06331420288,1.0,40728.22607551599,47.79003902803734,12.0,1.0,1.0,1.0,1.0
72160.51324890828,0.0,32061.513635151157,45.44269410683705,14.0,4.0,0.0,0.0,1.0
90319.2020891338,1.0,58424.21480510648,41.687736412040685,18.0,2.0,1.0,1.0,0.0
132982.81035519615,1.0,46191.454700233306,50.25316169858842,18.0,2.0,1.0,0.0,1.0
138901.0062257907,1.0,111639.46505602429,53.919403606203204,15.0,3.0,1.0,0.0,0.0
63910.71776561008,1.0,48233.15689380526,25.657792307929675,14.0,3.0,0.0,0.0,1.0
135874.61149916588,1.0,76614.25791136212,36.973777692786484,10.0,3.0,0.0,1.0,1.0
153694.942988324,1.0,83047.27924681395,42.07159182354029,12.0,4.0,0.0,0.0,1.0
74690.34343571337,1.0,45588.29244962671,26.659481727971567,14.0,2.0,1.0,0.0,0.0
273424.3177024715,1.0,198614.09434835849,46.070813149519694,16.0,1.0,0.0,0.0,1.0
94008.38334661347,0.0,36864.24355928541,63.31070422811766,14.0,1.0,1.0,0.0,1.0
131167.04899080936,1.0,58156.62709493994,50.48487514930157,15.0,1.0,1.0,1.0,0.0
-24306.537919566996,1.0,36214.8491538871,25.77927022967224,16.0,1.0,1.0,0.0,1.0
123702.13377366072,1.0,25552.56115301485,31.56724393322166,13.0,3.0,1.0,0.0,1.0
131869.03364822568,1.0,76876.36721908464,61.93864135315756,13.0,4.0,1.0,0.0,1.0
134789.39158720654,1.0,48488.08797440445,40.76864344386839,12.0,4.0,0.0,1.0,0.0
141376.02123786072,1.0,61027.23113601721,27.62717033991299,19.0,2.0,1.0,1.0,0.0
174891.67248723033,1.0,80493.28351100751,31.081097252151366,14.0,1.0,1.0,0.0,1.0
173760.13460846935,1.0,108773.29188906467,30.076193921586736,14.0,6.0,1.0,0.0,1.0
13904.91623350582,0.0,60341.12700371233,40.28031744336505,14.0,3.0,0.0,0.0,1.0
203369.59530848183,1.0,71597.1168875171,46.7103164294984,17.0,5.0,1.0,0.0,1.0
33946.94431777516,1.0,54287.553741595795,36.10158833600957,13.0,2.0,0.0,0.0,0.0
115765.51197415675,1.0,45335.78509195787,52.45521645043879,17.0,5.0,1.0,0.0,1.0
26594.051855172536,1.0,17658.081074104208,47.41646916666078,15.0,4.0,1.0,0.0,1.0
270460.1096148258,1.0,120996.31460813069,25.94772987817161,14.0,2.0,1.0,0.0,0.0
162383.16174500325,1.0,101420.94160674477,53.51012654609374,13.0,3.0,0.0,0.0,0.0
264454.8529589201,1.0,126825.62305698267,45.34416439840368,12.0,3.0,1.0,0.0,0.0
78470.69381587002,0.0,54536.80720937699,55.8827818284987,13.0,4.0,0.0,0.0,1.0
123348.1381517535,1.0,82368.78354539559,55.86680271102381,17.0,1.0,1.0,0.0,1.0
103400.7628340966,1.0,29272.290697686203,63.44695647846201,14.0,3.0,1.0,1.0,1.0
101053.83180231482,1.0,52904.39772303506,62.07961887812644,12.0,2.0,0.0,0.0,1.0
78081.32585306038,1.0,88599.32056218655,39.83901288262294,13.0,3.0,1.0,0.0,0.0
99467.41913189081,1.0,48800.10558108764,60.48483677564909,11.0,3.0,1.0,1.0,0.0
-29842.690590366365,1.0,18980.906429135834,36.04371467334032,14.0,3.0,1.0,0.0,1.0
142775.24951892998,1.0,87467.07451941585,52.34995678293347,15.0,3.0,1.0,1.0,1.0
165749.861746362,1.0,62620.786096978896,53.697866230459056,16.0,4.0,1.0,1.0,1.0
363936.35540847376,1.0,255703.49745191104,53.274063118456375,13.0,4.0,1.0,0.0,1.0
62472.410691596786,1.0,61038.960268515926,47.463007052928745,17.0,3.0,1.0,1.0,0.0
51181.46951171792,1.0,46702.31542751486,62.52885515243743,11.0,4.0,1.0,0.0,0.0
-49397.85966109653,0.0,28528.04273322082,41.34701974955886,14.0,4.0,0.0,0.0,1.0
195450.68112157966,1.0,81078.64540753842,54.8059736475886,16.0,2.0,1.0,0.0,0.0
38328.132224617984,1.0,43478.988657491514,62.29826502064687,15.0,2.0,1.0,1.0,0.0
84429.33685173691,1.0,54939.092101661736,54.03937171025331,11.0,4.0,1.0,0.0,1.0
32528.821991397854,1.0,59632.22297127479,38.16014232425671,16.0,4.0,0.0,0.0,0.0
91924.69594118443,1.0,40130.30937041232,60.871550092185984,10.0,2.0,0.0,1.0,1.0
126221.49485721889,1.0,56991.57056349563,54.56082709559416,15.0,6.0,0.0,0.0,1.0
236932.55499164754,1.0,106520.59151936184,40.93499008998358,15.0,2.0,0.0,0.0,1.0
163651.80992964248,1.0,102243.34437029016,52.230427347857166,14.0,2.0,1.0,1.0,0.0
129367.26289661798,1.0,83929.92338890932,52.14898757605416,13.0,3.0,1.0,1.0,1.0
122569.58584971436,1.0,60468.71850292585,63.84559428007489,16.0,2.0,1.0,0.0,0.0
113941.12417055469,1.0,41538.09449648416,28.003037847101265,14.0,3.0,1.0,1.0,0.0
162629.29605402905,1.0,127351.5294575459,28.555516300405365,20.0,2.0,1.0,0.0,0.0
173417.13135642646,1.0,112858.40697151692,49.27991320074442,20.0,6.0,1.0,1.0,0.0
217249.39219475174,1.0,80843.78508156027,58.57356452907655,12.0,2.0,0.0,0.0,0.0
76479.78346683334,1.0,34008.31665351063,51.88271309927245,12.0,4.0,1.0,0.0,1.0
153484.45682593458,1.0,52739.86579185977,53.918291251596415,14.0,4.0,0.0,0.0,1.0
169000.81928625115,1.0,102722.29862972016,28.08089189512833,15.0,3.0,1.0,1.0,1.0
34631.449421104786,0.0,26419.238595959618,45.055046845043634,13.0,3.0,0.0,0.0,0.0
113610.71242673439,1.0,69179.4682199255,27.44791485793586,13.0,2.0,1.0,1.0,1.0
27119.824010583463,1.0,23081.389562783672,55.0343371765657,14.0,3.0,1.0,0.0,0.0
50123.47369418705,1.0,78846.55959749335,59.04406970675,17.0,4.0,0.0,0.0,0.0
33534.90834382282,0.0,31408.894728339943,52.1874273545361,14.0,3.0,1.0,0.0,1.0
97370.58046384365,1.0,38863.86659330072,52.883960448904716,14.0,1.0,1.0,1.0,1.0
206041.37306982488,1.0,93909.61811035035,52.44995939530801,14.0,2.0,1.0,1.0,1.0
24522.78963929921,1.0,86838.89093340225,58.08810432234422,15.0,5.0,0.0,0.0,1.0
28028.628800181665,1.0,27261.31068059753,42.55286750119491,14.0,2.0,1.0,1.0,0.0
83578.17771117897,0.0,42829.36075849121,44.12244269089845,15.0,2.0,1.0,0.0,1.0
192544.81247371458,1.0,135169.14768868653,26.80908377389601,16.0,1.0,1.0,0.0,1.0
9067.50743998318,1.0,51999.122674254126,41.11685047283187,13.0,2.0,0.0,0.0,0.0
494602.0754951723,1.0,284195.85018184024,53.60453926958846,16.0,2.0,1.0,0.0,0.0
163368.77445923298,0.0,89898.94273549941,45.28936839471248,17.0,1.0,0.0,0.0,1.0
169134.1048173838,1.0,110168.232181751,55.31679909279585,14.0,5.0,1.0,0.0,1.0
248538.42252589832,1.0,161668.8236038199,33.39204128328872,15.0,4.0,0.0,1.0,1.0
143202.38884379697,1.0,67177.52672328602,27.584003601591576,15.0,1.0,0.0,1.0,1.0
118074.22702513411,1.0,97204.15877887586,58.531839043080794,16.0,4.0,1.0,1.0,0.0
187443.77842680452,1.0,67535.83192494222,61.74455036392211,15.0,2.0,1.0,0.0,1.0
-2702.431758972969,1.0,29731.555431904515,57.46322598280325,11.0,3.0,1.0,0.0,1.0
94815.13679475778,1.0,58103.66818107726,34.79347737072737,12.0,1.0,0.0,1.0,1.0
22239.327577472723,1.0,26629.25823161594,25.74837440014884,12.0,3.0,1.0,1.0,1.0
161330.93032944374,1.0,74747.20074138732,34.367148433432206,17.0,4.0,1.0,1.0,0.0
58766.80561803088,1.0,38715.18624787256,36.77066554272177,15.0,2.0,0.0,1.0,0.0
80215.29378262008,1.0,52358.11081474577,45.75792088204818,16.0,1.0,1.0,0.0,1.0
101126.17270118024,1.0,96864.86918642676,55.86714404903573,13.0,2.0,0.0,0.0,1.0
114120.71775515456,1.0,76765.3796467659,27.204530432441864,11.0,3.0,0.0,0.0,1.0
256626.67564789244,1.0,108301.960659337,59.84460429263772,11.0,4.0,0.0,0.0,1.0
31821.397675432294,0.0,60672.60214570691,28.606557888838257,11.0,3.0,0.0,0.0,1.0
202468.56988385407,1.0,55221.60100269526,60.3313650817001,17.0,1.0,1.0,1.0,1.0
112454.23039500389,1.0,65081.33447052032,54.92394109571229,15.0,2.0,1.0,0.0,1.0
34370.312485515766,0.0,27282.27316847009,61.39042468118632,12.0,3.0,1.0,1.0,0.0
124915.5425425336,1.0,92895.96311951762,55.774287718898044,15.0,3.0,1.0,1.0,1.0
84273.32231306407,1.0,68970.70429661844,58.1998149110233,12.0,5.0,0.0,0.0,1.0
15372.440065794843,1.0,60415.784386187624,61.07566257522809,15.0,4.0,1.0,0.0,0.0
124133.61707031378,1.0,78234.5195581989,42.822799535369995,16.0,3.0,1.0,1.0,0.0
65730.21198070189,0.0,56510.42657409055,28.539699926849092,17.0,2.0,1.0,0.0,1.0
150120.5705790483,1.0,84827.78046607986,42.9345270336872,15.0,4.0,1.0,0.0,0.0
73145.91537850749,1.0,59018.488126554184,50.93241384388781,10.0,3.0,1.0,1.0,1.0
77666.11762035775,0.0,35305.94363550187,51.07678200093857,15.0,2.0,0.0,0.0,0.0
186311.5019287298,0.0,40804.38285530034,57.458678190199485,15.0,2.0,1.0,0.0,1.0
153087.3228373224,1.0,63636.87661973654,39.421993288320934,18.0,5.0,1.0,1.0,0.0
153511.0598984828,1.0,75662.11450145129,26.579810549545762,16.0,3.0,0.0,1.0,0.0
56814.335633464354,0.0,45114.67839358176,57.87960873229776,10.0,3.0,1.0,0.0,0.0
268612.70209005737,1.0,122258.1729889749,45.5228948419738,16.0,1.0,0.0,0.0,1.0
77139.11361405054,0.0,30622.251631191677,47.77365997660462,14.0,1.0,0.0,1.0,1.0
78218.90330515816,1.0,57752.69428684201,38.07097531017115,16.0,1.0,1.0,0.0,1.0
149029.63636245037,1.0,100185.21595271512,46.28222877700041,15.0,1.0,1.0,1.0,1.0
168048.05008158766,1.0,112073.54499876585,57.69020969341021,12.0,4.0,1.0,1.0,1.0
247846.96020707866,1.0,166290.3616373629,42.60825497585111,10.0,3.0,0.0,1.0,1.0
41510.727696271366,0.0,22960.342103310282,30.142341821176693,16.0,2.0,1.0,0.0,1.0
128388.32984297906,1.0,48042.00339204378,31.61453468758483,14.0,2.0,1.0,1.0,1.0
121903.63877632603,1.0,52456.70411966757,30.14722203570624,12.0,6.0,1.0,0.0,1.0
180909.89933601703,1.0,101775.43682916356,56.57180113858563,10.0,5.0,1.0,0.0,1.0
12820.94948240534,1.0,43552.61224002868,55.96912793063694,13.0,2.0,0.0,1.0,1.0
107036.09508258932,1.0,100765.74937600289,49.26770968629906,17.0,2.0,1.0,1.0,0.0
104755.94441791756,1.0,100571.52524479176,59.96706735571878,16.0,2.0,1.0,0.0,1.0
79084.243670565,1.0,51566.465644962394,28.722323583771338,11.0,2.0,1.0,0.0,1.0
183948.45629824945,1.0,137681.61067850667,56.04897747268936,14.0,5.0,1.0,0.0,1.0
102689.37924270317,1.0,71374.74839415144,53.138920658175344,14.0,1.0,1.0,1.0,0.0
157153.61140860367,1.0,46390.645572052745,53.347974917965615,12.0,2.0,1.0,0.0,1.0
172586.38663784153,1.0,132508.10880304064,39.48304035740712,11.0,4.0,1.0,1.0,0.0
189135.9882602031,1.0,48054.92119575626,34.67158806612503,12.0,1.0,0.0,0.0,1.0
63722.12947270748,1.0,70384.03839230428,37.03692487285948,14.0,2.0,0.0,1.0,1.0
-21033.117243479104,0.0,16198.608772101494,27.92808055690458,15.0,1.0,1.0,0.0,0.0
125068.0910016517,0.0,76834.59658658525,38.40771763256859,16.0,2.0,0.0,0.0,1.0
39897.073254250194,0.0,47490.14617810311,30.53489677831122,14.0,1.0,0.0,0.0,0.0
67373.20944802943,1.0,46282.45665633945,30.771585357300115,12.0,3.0,1.0,0.0,0.0
123825.17307434155,0.0,148932.06120849706,49.06254941011625,16.0,3.0,1.0,0.0,0.0
186558.84201559026,1.0,67736.63651382792,59.85390588620894,12.0,3.0,1.0,0.0,0.0
109399.81883056494,1.0,73567.98166049103,30.430160234020818,15.0,2.0,0.0,0.0,0.0
-4652.1814355382085,1.0,32142.96195605474,40.851122679322245,14.0,2.0,0.0,1.0,1.0
3796.3394978419674,0.0,56598.94089936565,42.52216689252678,11.0,2.0,1.0,1.0,1.0
100844.52796321703,1.0,87630.3143380419,49.105102198711776,15.0,4.0,1.0,1.0,1.0
40547.445574515594,1.0,51285.63558965474,36.40182362697541,15.0,2.0,1.0,0.0,0.0
154918.3052378855,1.0,66407.70353742382,43.887053522700626,14.0,3.0,0.0,0.0,1.0
103882.41716398887,1.0,60212.396161231925,38.17192775136291,18.0,3.0,1.0,0.0,0.0
137306.09879714297,1.0,92029.0477356329,40.04145359467207,13.0,5.0,1.0,0.0,1.0
224963.6968917316,1.0,96295.50652041587,47.523636002057295,17.0,2.0,1.0,0.0,0.0
58575.51797773388,1.0,69435.10011674925,32.80801195696271,17.0,1.0,1.0,1.0,1.0
93660.55346872172,0.0,87301.0481585324,42.11007532165418,16.0,3.0,1.0,1.0,1.0
83176.13531437755,0.0,68518.66544709617,28.03349654564243,16.0,1.0,1.0,1.0,0.0
127330.75318167979,1.0,86388.27111433021,42.608582958648796,11.0,2.0,1.0,0.0,1.0
181735.6065357165,1.0,87109.3286765301,61.0184116144624,11.0,2.0,0.0,1.0,1.0
202053.68706952722,1.0,153653.46907538132,28.25152035642262,13.0,2.0,1.0,1.0,0.0
154208.036139777,1.0,142576.10257242515,56.64945772443385,16.0,1.0,1.0,0.0,1.0
220535.2668303237,1.0,108916.88099704396,37.12664175239924,14.0,1.0,0.0,0.0,0.0
57550.817180086284,1.0,51680.11516321647,34.94510451432056,13.0,2.0,1.0,1.0,1.0
178533.8602547652,1.0,54589.37757180521,57.49767296815912,17.0,4.0,1.0,0.0,0.0
89504.14776892806,0.0,72540.72249548747,51.884683225587246,13.0,2.0,1.0,0.0,1.0
31770.28457984032,0.0,31844.39349540067,53.169115846873154,19.0,4.0,1.0,1.0,0.0
12446.204075127207,1.0,17465.58763148032,50.059857147371844,10.0,6.0,1.0,0.0,1.0
166388.9070955533,1.0,110106.82465009452,48.27782103304706,11.0,1.0,1.0,1.0,1.0
250575.98266885636,1.0,210249.42145428274,45.05346102337846,11.0,3.0,0.0,0.0,1.0
131713.5745243597,1.0,75032.70585272413,56.33580863944084,17.0,3.0,0.0,0.0,0.0
86699.14428334545,1.0,48607.74598042211,28.071494674029555,16.0,1.0,1.0,1.0,0.0
89079.01939495117,0.0,57359.7178673299,25.44374712605238,13.0,4.0,1.0,0.0,1.0
94691.9362998022,1.0,34539.632887611144,42.96870054783815,14.0,3.0,1.0,0.0,1.0
100165.83520936311,1.0,71830.69450573908,63.272176269318564,14.0,4.0,1.0,0.0,1.0
157368.63341970864,1.0,87541.86111547424,31.541361216052536,16.0,4.0,1.0,1.0,1.0
56126.39754222921,0.0,50213.43963244749,53.01190841704906,14.0,1.0,1.0,0.0,1.0
68524.66884355717,1.0,31630.472556908397,39.65831240866619,12.0,4.0,0.0,1.0,1.0
156095.83658245727,1.0,91707.92782072551,51.30942376177992,15.0,2.0,0.0,0.0,0.0
165000.8061199665,1.0,96511.84980042274,62.942293669773875,11.0,2.0,1.0,0.0,0.0
85973.59236549561,0.0,40761.7204439498,27.931469624511028,16.0,3.0,1.0,0.0,0.0
85524.19714104345,1.0,55858.61706061479,28.72309143328412,16.0,2.0,1.0,0.0,0.0
88372.9988524616,0.0,52779.82045100602,58.89871991262486,15.0,1.0,1.0,1.0,0.0
11704.504230222687,1.0,39781.563569867125,38.0820504364236,12.0,3.0,0.0,1.0,1.0
55010.95906829755,1.0,34029.99479658983,46.24797095521434,14.0,1.0,0.0,0.0,0.0
23299.63102444585,1.0,39088.18434418496,41.853602419227606,11.0,3.0,1.0,0.0,1.0
-19078.472983104773,1.0,67223.99086727032,49.27506350165414,13.0,3.0,1.0,0.0,0.0
38498.39210160228,0.0,24523.30152973827,32.46239673757169,10.0,2.0,0.0,0.0,1.0
122984.4347240624,1.0,110885.83325507205,35.28557156680349,15.0,2.0,0.0,1.0,0.0
37944.23053105236,1.0,45986.42727313503,56.44053909435131,12.0,3.0,0.0,1.0,1.0
35319.896543316136,1.0,38641.05128633565,30.824353516463002,12.0,2.0,1.0,1.0,0.0
67238.6345514392,1.0,28040.251612490065,54.913535862637886,14.0,2.0,1.0,0.0,0.0
30758.87652418262,1.0,19378.748556496474,42.10438365693028,16.0,4.0,1.0,1.0,1.0
139265.78987187616,1.0,73381.49353171301,34.69010409623059,15.0,1.0,1.0,0.0,1.0
1905.5115978239137,0.0,19190.599153486393,33.24025690140852,16.0,2.0,0.0,1.0,0.0
165567.59054897964,1.0,68459.39514326591,57.02878783376571,16.0,1.0,1.0,0.0,0.0
55321.233185903075,0.0,25851.284301449527,27.91068858628477,10.0,3.0,0.0,0.0,1.0
174941.9632100644,1.0,108377.0780010863,52.334651403353774,13.0,4.0,1.0,0.0,0.0
70366.08831588477,1.0,55476.750068221336,54.66132156657751,14.0,1.0,1.0,0.0,1.0
48932.2493378271,1.0,61893.66303851254,58.416515391793325,16.0,3.0,1.0,0.0,0.0
111322.5675604505,1.0,76756.77604797292,33.24517090991525,17.0,1.0,0.0,0.0,0.0
-17156.82018489408,0.0,54498.56231712681,30.960730019813827,16.0,4.0,0.0,0.0,0.0
176959.23095033018,1.0,142717.75528603827,29.133918606740448,10.0,1.0,0.0,0.0,0.0
100631.11017442825,0.0,60422.00972317963,25.7032652581906,10.0,2.0,0.0,0.0,1.0
19642.587068674107,1.0,30522.5798780293,53.66598660471162,14.0,4.0,0.0,1.0,0.0
-29408.342176910017,1.0,37080.30930869554,26.156032772761943,17.0,3.0,1.0,0.0,0.0
136142.87475971525,1.0,64506.62887326042,45.598520377393115,13.0,3.0,1.0,1.0,1.0
78003.7302098145,1.0,41112.96652063295,42.07684543791872,14.0,3.0,1.0,0.0,0.0
119154.90110594916,1.0,57063.29451968924,38.92302877148508,14.0,4.0,0.0,1.0,0.0
314663.0230127024,1.0,99069.32625674337,62.56026237293332,15.0,2.0,1.0,0.0,1.0
174722.4722130468,1.0,54488.64918974136,47.515264810803274,13.0,1.0,1.0,0.0,1.0
124899.22919132943,1.0,57564.39411246687,52.96084405792527,13.0,5.0,1.0,0.0,1.0
143321.740992387,0.0,50020.87484043101,29.906774516854508,14.0,4.0,1.0,1.0,1.0
212644.70124212053,1.0,77690.48221810714,57.54606816323349,13.0,4.0,1.0,1.0,0.0
93231.07114258711,1.0,39930.56157413863,62.049494895923125,11.0,3.0,1.0,1.0,1.0
166580.86028344283,1.0,48026.8222465529,61.42808238132879,14.0,1.0,1.0,0.0,1.0
97171.12699851854,1.0,50475.85130424691,42.466749355823,12.0,2.0,0.0,0.0,0.0
199420.00978389004,0.0,92803.88890575539,57.995865766763025,13.0,2.0,0.0,0.0,1.0
158978.29309826615,1.0,68449.64700796695,37.84569274515151,15.0,2.0,1.0,0.0,1.0
302975.27330554056,1.0,161633.6692965516,58.30597669247288,14.0,2.0,1.0,0.0,0.0
49857.23981084465,1.0,43359.99214818485,27.12566944916112,13.0,3.0,1.0,1.0,0.0
178669.76892082556,0.0,82290.75515436631,31.81791455116199,17.0,6.0,0.0,0.0,0.0
99629.34690974938,0.0,63672.59133541681,51.58050523568812,14.0,2.0,0.0,0.0,1.0
131569.3941488558,1.0,74053.00469787534,44.296916335320795,15.0,2.0,0.0,0.0,0.0
151595.4943981665,1.0,87399.11768273135,54.56263153894256,20.0,4.0,1.0,1.0,1.0
119133.05329517394,1.0,53336.01563745869,28.64884403542152,16.0,3.0,1.0,0.0,0.0
192884.2038278279,1.0,76390.1231397256,32.68601015572607,16.0,2.0,1.0,1.0,1.0
-13761.658268486848,1.0,21051.136304580905,30.152159356224114,13.0,2.0,0.0,1.0,0.0
177193.10766653856,1.0,90196.61992237727,52.15349030480133,13.0,2.0,1.0,0.0,0.0
283232.35615456174,1.0,97254.2396891134,57.85360769707794,18.0,2.0,1.0,0.0,1.0
163406.3792233315,1.0,40963.12902911957,32.10887133020421,14.0,3.0,1.0,1.0,1.0
95063.1914269019,1.0,72195.99496383368,35.90723577578489,16.0,1.0,0.0,0.0,0.0
83122.06467007565,0.0,61534.23754814911,48.65361623534078,13.0,2.0,0.0,0.0,0.0
214814.14550572447,1.0,59935.58285830024,62.221743891174,15.0,2.0,1.0,0.0,0.0
22190.209899836576,1.0,29343.527435062264,59.64711564923154,11.0,1.0,1.0,0.0,1.0
113459.58023690109,1.0,63650.340581021155,39.661136651620126,20.0,1.0,1.0,0.0,1.0
-1481.6623112143134,1.0,72416.62647451616,39.179217933463185,15.0,3.0,0.0,0.0,0.0
261067.60364125302,1.0,155324.7594803631,34.05121984406429,15.0,1.0,1.0,0.0,1.0
140299.12380258882,1.0,101667.84567387514,60.03689926903236,14.0,2.0,1.0,0.0,0.0
146064.74130364583,1.0,92018.64076238069,29.02728578862991,13.0,2.0,1.0,1.0,1.0
144427.5243103156,1.0,90063.58924014194,48.9428757339389,15.0,3.0,1.0,0.0,0.0
108955.33351856041,1.0,76312.78177098445,37.79134366730884,13.0,3.0,1.0,1.0,1.0
123694.87840898191,1.0,39232.67768139981,26.467530343786677,18.0,2.0,0.0,1.0,0.0
4766.791340720345,0.0,41896.751743929366,51.886849563527235,15.0,2.0,1.0,1.0,1.0
375959.88468750514,1.0,202682.07825757217,36.96773720117102,18.0,1.0,1.0,0.0,1.0
65128.94087686201,1.0,25459.87983447747,58.69582190887552,15.0,3.0,0.0,1.0,1.0
98975.20210234166,0.0,72092.6322883591,32.56939765726021,13.0,3.0,1.0,0.0,0.0
103479.10000993623,1.0,70554.97798222503,59.72221529303267,12.0,4.0,1.0,1.0,1.0
155047.11984241536,1.0,119761.07185631119,37.63193975442442,14.0,2.0,0.0,1.0,0.0
94856.2303452434,1.0,36734.83255550994,47.03271115034743,14.0,4.0,0.0,1.0,1.0
139367.37829602763,0.0,103012.93519130262,37.32159091894977,12.0,2.0,1.0,0.0,0.0
65668.79255088992,0.0,21204.29019035549,55.125732771409375,11.0,1.0,1.0,0.0,1.0
194342.34534713373,1.0,141496.30690799808,25.332951444525342,13.0,1.0,1.0,0.0,1.0
179514.5300639429,1.0,61358.24857904826,49.277998380567944,14.0,2.0,1.0,1.0,0.0
125137.35364058246,1.0,69254.45400450796,27.126215006820182,16.0,1.0,0.0,1.0,1.0
287369.2142009185,1.0,175797.1938842146,44.70415462337988,13.0,3.0,0.0,1.0,1.0
170739.7496750505,1.0,72669.40869347117,41.17463359569142,16.0,1.0,0.0,0.0,0.0
122903.25746147496,1.0,60753.196935519234,55.119801873702436,13.0,2.0,1.0,1.0,0.0
192942.1062918831,1.0,47819.82654224652,59.09534337278117,14.0,2.0,1.0,1.0,1.0
236766.0855873198,1.0,159615.1163279909,58.48564012768647,14.0,3.0,1.0,0.0,1.0
66584.34636652743,1.0,69591.48430242875,60.608888604329,11.0,2.0,1.0,0.0,0.0
194982.05971554283,1.0,168228.1824564999,31.5325739089873,13.0,4.0,1.0,0.0,0.0
51290.04084826635,1.0,27990.006931715485,50.30987506396552,15.0,2.0,1.0,0.0,1.0
76810.55276716525,0.0,53290.043992585976,48.52148830189839,14.0,3.0,0.0,0.0,0.0
201589.57568121926,1.0,104069.19480626486,34.24315620011302,16.0,4.0,1.0,1.0,1.0
184691.99972869334,1.0,101919.40813671838,50.62360523911342,18.0,1.0,1.0,0.0,0.0
160679.0337970987,1.0,85364.15104209418,47.87164435079498,12.0,4.0,1.0,1.0,1.0
30787.45055132604,0.0,16316.782650037925,50.45336066171296,15.0,1.0,0.0,1.0,0.0
205757.31776132667,1.0,160531.48584771223,40.56639471905644,13.0,3.0,1.0,0.0,1.0
94078.67042621276,1.0,47047.31656564856,33.92058305326634,19.0,3.0,1.0,1.0,1.0
19538.80687579144,0.0,26778.384950475433,54.86259574953501,16.0,3.0,0.0,1.0,0.0
140942.7198214353,1.0,74755.57788198788,44.619264100009524,15.0,3.0,0.0,0.0,0.0
186592.53337135082,1.0,91314.05994364446,46.10977300906157,17.0,3.0,1.0,0.0,1.0
147645.30785681246,1.0,79405.42256293955,30.20180482605187,15.0,2.0,1.0,0.0,1.0
40207.5502588019,0.0,30945.176009519306,45.51049956600173,12.0,5.0,1.0,0.0,1.0
190955.76749589137,1.0,86680.00343673007,30.856213256977693,15.0,2.0,1.0,0.0,1.0
178951.19634959582,1.0,93705.97902188754,40.88014411137071,16.0,1.0,0.0,0.0,1.0
23794.002453624016,1.0,36821.29238444849,48.62458214150857,18.0,1.0,1.0,0.0,0.0
186681.7007077777,0.0,97114.739366794,50.060892231792145,18.0,3.0,0.0,1.0,0.0
76253.02802211432,0.0,31963.681807869903,35.100797507508894,17.0,5.0,1.0,0.0,1.0
121431.62945042568,1.0,129657.11447092741,49.17087705140349,11.0,2.0,0.0,0.0,0.0
-29935.95214336794,1.0,24234.24730589999,59.06878878394857,11.0,6.0,0.0,1.0,1.0
151600.72319864872,1.0,51650.995918231114,53.95983498165822,17.0,2.0,1.0,0.0,0.0
180744.70644652884,1.0,86536.16772197363,58.47507121540351,13.0,3.0,0.0,0.0,0.0
42781.474728469235,1.0,48281.19549846028,37.75678385886152,14.0,3.0,0.0,1.0,1.0
59078.44724742167,0.0,39131.94000944672,48.06044937086761,15.0,2.0,0.0,0.0,1.0
110872.91621440371,1.0,84489.49392525482,58.93550952853355,10.0,4.0,0.0,1.0,0.0
113071.88583220282,1.0,40665.330982691026,29.69139521103441,14.0,3.0,1.0,1.0,1.0
43770.81961944637,1.0,39730.15868517497,45.1321675311582,14.0,5.0,0.0,1.0,1.0
25872.493684932968,1.0,31663.81863859731,33.18444882900434,16.0,2.0,1.0,1.0,0.0
275647.30674989877,1.0,130672.86905965437,51.56333006275548,13.0,3.0,1.0,1.0,0.0
343162.6042967688,1.0,224622.95868223166,32.68971265305486,14.0,1.0,1.0,1.0,0.0
13631.658868754508,1.0,50997.44835752086,29.888652069175393,13.0,3.0,1.0,1.0,0.0
116863.31306685435,1.0,72698.0240623801,49.56503740972156,16.0,2.0,1.0,1.0,1.0
176189.95718729874,1.0,99938.25008496299,27.286741255992446,18.0,2.0,1.0,1.0,0.0
160090.68945403528,1.0,51186.51080330157,43.30879143881045,11.0,3.0,1.0,0.0,1.0
-7428.093893345751,1.0,33710.411343880856,56.23926917944017,17.0,2.0,1.0,0.0,1.0
96132.93117915792,1.0,35597.70059124448,59.644024334619324,15.0,2.0,1.0,1.0,0.0
160348.15826722357,1.0,155385.31018401857,54.980863365963074,13.0,3.0,0.0,0.0,0.0
31285.95710638228,1.0,63951.93618593738,32.64633971242117,10.0,1.0,1.0,0.0,1.0
210781.40713495706,1.0,102736.03896851576,27.092389332422584,11.0,4.0,1.0,0.0,0.0
75752.037834733,1.0,34380.630124302996,46.05588340017006,10.0,3.0,1.0,0.0,1.0
188506.11811056623,1.0,121473.1890475719,29.26519320805334,16.0,2.0,1.0,1.0,0.0
125554.7672615548,1.0,98404.00798363812,30.725139681435945,16.0,1.0,0.0,0.0,1.0
287958.83743605175,1.0,192498.71211866906,39.781473635778205,13.0,4.0,1.0,1.0,0.0
123153.81543156393,1.0,75214.4591727081,37.37465600183768,13.0,2.0,1.0,0.0,1.0
144988.39780343077,1.0,43665.7229717609,30.499990528872413,10.0,2.0,1.0,0.0,0.0
62560.48140716463,1.0,32180.336883091237,30.221240135959736,16.0,4.0,1.0,1.0,1.0
-46617.480896240966,0.0,18749.223916980045,25.157987628262983,16.0,2.0,1.0,1.0,1.0
72519.70840990146,0.0,46849.74113171627,41.1945055581393,14.0,2.0,0.0,0.0,1.0
162669.8319873072,1.0,76068.47311236599,63.20814129003815,13.0,1.0,0.0,1.0,1.0
51761.74236909157,1.0,50972.33350195792,31.122979647745726,17.0,2.0,1.0,0.0,1.0
205716.64743458087,1.0,124789.01180899017,36.79565266388181,14.0,5.0,1.0,1.0,1.0
82758.74236056657,1.0,53825.87494635336,28.023071705615774,13.0,3.0,1.0,0.0,1.0
150484.25828133826,0.0,83879.69145688752,52.7840136657321,13.0,3.0,0.0,0.0,1.0
124278.58674507577,1.0,71870.61224718002,46.25625514998167,17.0,2.0,0.0,1.0,1.0
46125.98805490692,1.0,26436.000439464435,46.82453122780156,12.0,3.0,1.0,1.0,1.0
79477.18491013719,1.0,73935.41006962628,54.30017121014375,14.0,3.0,0.0,1.0,0.0
13217.768155354679,1.0,24947.02433762052,53.48546185099464,10.0,1.0,1.0,1.0,1.0
10820.38119860088,1.0,37167.04672290391,52.470968038968444,18.0,2.0,0.0,0.0,1.0
43318.63765226345,1.0,20349.897360833034,36.79541455707197,14.0,1.0,1.0,0.0,1.0
10090.072779488895,1.0,51075.43631415247,60.55143577257091,14.0,4.0,1.0,0.0,1.0
-13211.338194803735,1.0,28273.682057469654,38.87455753065756,13.0,6.0,1.0,0.0,1.0
189818.79913355238,1.0,75707.93668304507,44.68363915762838,14.0,2.0,1.0,1.0,1.0
202533.74475623603,1.0,136895.1397801383,46.18099071442852,14.0,2.0,1.0,0.0,0.0
117620.67581680903,1.0,95481.49082304118,59.808943265751786,13.0,2.0,1.0,0.0,1.0
120040.59361918696,1.0,63712.00161368343,57.41660408564708,15.0,3.0,1.0,1.0,1.0
85786.3864303488,0.0,49982.96039475916,47.70452836358772,16.0,6.0,0.0,0.0,1.0
145539.72458760196,0.0,58608.25701893909,31.13226369747015,14.0,4.0,1.0,0.0,0.0
81071.402252589,1.0,61656.008498647985,30.825601554195412,15.0,6.0,1.0,0.0,1.0
39518.905418545706,0.0,27099.816472229264,33.70953251977902,10.0,3.0,1.0,1.0,1.0
-14083.0857007089,0.0,26177.61977491436,31.06746147500602,12.0,1.0,0.0,0.0,1.0
155847.27309851575,0.0,68357.99044372572,48.3410032688262,14.0,1.0,1.0,0.0,0.0
160032.52917521354,1.0,47764.36968643991,41.70798961856709,16.0,4.0,1.0,1.0,1.0
-13580.059388226779,1.0,33392.884616064664,56.03828245104061,10.0,3.0,1.0,0.0,0.0
33629.20825334271,0.0,15727.060639406385,33.4928321035397,16.0,6.0,0.0,0.0,1.0
87735.00775192722,1.0,45175.98453950797,38.002741421891656,13.0,3.0,1.0,1.0,1.0
98332.54208655629,0.0,43332.11183119889,38.812312424645384,13.0,3.0,1.0,1.0,0.0
80045.78905446135,1.0,76169.74282956615,31.86793547423087,15.0,4.0,0.0,0.0,1.0
87060.86702479605,1.0,58315.602352971386,38.466076037237535,15.0,5.0,0.0,0.0,1.0
165317.02624882542,1.0,65381.89248972644,45.6462630046194,13.0,2.0,0.0,0.0,1.0
174275.2311806239,0.0,75662.92989499687,39.96089032123019,12.0,2.0,1.0,0.0,0.0
168038.66660971683,0.0,55519.967375318454,42.92571855881749,14.0,1.0,1.0,1.0,0.0
144379.58141360502,1.0,104480.62372660873,57.571066833894854,14.0,4.0,0.0,1.0,1.0
55237.45516712332,1.0,92458.78113543082,27.513786796975225,13.0,3.0,0.0,1.0,0.0
109914.80037290748,1.0,86243.09382641516,37.03921529005984,16.0,1.0,1.0,1.0,1.0
9891.54361147924,0.0,47677.13814626365,32.319414600910235,15.0,2.0,1.0,0.0,0.0
104738.86357254206,1.0,65291.18715337312,27.97695370766078,16.0,2.0,1.0,0.0,1.0
27042.366479328295,1.0,29597.410283146222,31.1175528195417,12.0,3.0,0.0,0.0,0.0
118689.79401549655,0.0,55668.85454827026,61.13674418865488,10.0,3.0,1.0,0.0,1.0
261480.36218004813,1.0,120302.9111227921,28.557938264676274,14.0,4.0,0.0,0.0,0.0
201031.8254842283,1.0,109349.57031607644,60.4423409781643,20.0,3.0,1.0,0.0,1.0
201010.40108330775,1.0,137982.3755879725,63.4615730027691,10.0,2.0,0.0,1.0,1.0
33641.857252915055,0.0,19629.738756613224,53.13642185315549,15.0,2.0,0.0,0.0,1.0
211879.47715322342,1.0,156611.33629999886,53.190789299147006,11.0,2.0,1.0,0.0,1.0
164042.2071825771,1.0,178818.0002579418,49.073234129588556,14.0,4.0,1.0,1.0,0.0
90298.44688605616,0.0,55847.867607538596,38.49847213805086,10.0,4.0,0.0,1.0,1.0
118425.59012194161,1.0,57807.970107480236,47.10151805110411,10.0,4.0,1.0,1.0,1.0
85684.56390217655,1.0,66745.92073782883,26.766806787870244,14.0,5.0,1.0,0.0,0.0
246807.51205203185,1.0,136238.3849736128,37.91256824161517,10.0,3.0,0.0,0.0,1.0
46019.281666310635,1.0,37641.875237273685,40.44692408085585,13.0,1.0,0.0,0.0,0.0
114204.6038854921,1.0,33149.12114142299,49.36244847890434,14.0,4.0,1.0,0.0,1.0
133865.3394574249,1.0,46734.81659324269,53.600226576146845,11.0,2.0,1.0,0.0,0.0
176731.6801896987,1.0,131009.96028161347,36.84825977001888,14.0,3.0,1.0,1.0,0.0
-3060.7512174717776,0.0,37089.79895720411,47.75497874989247,11.0,2.0,1.0,0.0,1.0
265006.57614841044,1.0,155943.3273333943,55.23577334889835,15.0,1.0,1.0,0.0,0.0
-44673.058107776276,0.0,21325.93479621745,56.23029392646775,12.0,4.0,0.0,0.0,1.0
65880.25881886494,1.0,33954.89806276533,48.254967861442346,16.0,3.0,1.0,0.0,1.0
142945.14255350432,0.0,81531.143022149,56.66662494366001,17.0,1.0,0.0,1.0,0.0
102750.28027040412,1.0,51881.49294914899,42.46074989093907,13.0,2.0,1.0,0.0,0.0
79104.7607380767,1.0,60188.67632386604,44.2158447425146,12.0,4.0,1.0,0.0,1.0
187323.09710248926,1.0,72309.6550444924,63.258775374785124,14.0,2.0,0.0,1.0,1.0
-2017.46499183352,1.0,60533.79674456677,38.324046343437985,14.0,5.0,1.0,0.0,0.0
161789.5039868814,1.0,69879.4030802489,27.40182483634862,18.0,4.0,1.0,0.0,0.0
251857.94719302843,1.0,107911.97665897991,58.3861556377239,12.0,6.0,1.0,1.0,0.0
-45833.421658361156,0.0,50278.3755447306,25.6860511220224,12.0,5.0,0.0,1.0,0.0
18433.87444583389,0.0,64814.178558145344,26.996396785490056,16.0,3.0,1.0,1.0,0.0
133403.59167913953,1.0,83043.9805698989,28.311454874613116,15.0,5.0,0.0,0.0,1.0
44196.55299857433,0.0,26565.6284497876,34.17230572397836,16.0,4.0,1.0,0.0,1.0
172025.77918787493,1.0,44883.94695875887,48.623881106733634,14.0,1.0,1.0,0.0,1.0
126913.88543629102,0.0,41293.4731916362,41.56629297770748,16.0,3.0,1.0,0.0,1.0
56007.36663470962,1.0,30924.268231012156,58.95130248335248,15.0,2.0,0.0,0.0,0.0
142968.24352980117,1.0,78429.52021613833,55.463508317082706,15.0,2.0,1.0,0.0,1.0
287194.55798978853,1.0,210437.90268408577,44.652422249230725,16.0,3.0,0.0,1.0,1.0
334646.146111096,1.0,195572.67251173782,62.44066923079596,13.0,2.0,1.0,1.0,0.0
191321.46651345192,1.0,114398.64965334747,58.19886610374547,12.0,2.0,1.0,0.0,1.0
180489.13922497566,1.0,127916.53260602843,42.71598171633835,14.0,1.0,1.0,0.0,1.0
26707.510628027976,1.0,16233.462823721087,41.61593504902143,13.0,1.0,1.0,0.0,1.0
80695.89253938403,1.0,36294.95976248726,39.95238330797467,15.0,2.0,1.0,0.0,0.0
125587.71386298111,0.0,50577.124821087025,51.84395852347956,14.0,3.0,0.0,0.0,1.0
375745.90155884216,1.0,207664.95719539636,32.17325564285025,13.0,4.0,1.0,0.0,1.0
249684.92471947861,1.0,134388.83189218873,44.89205272049985,14.0,5.0,1.0,0.0,1.0
124104.26766284411,1.0,57926.28647981814,42.06675916007207,17.0,4.0,1.0,0.0,1.0
144065.3112533057,1.0,36940.05058449891,28.4076787782081,10.0,4.0,1.0,0.0,0.0
63646.675213803304,1.0,90056.1474291998,28.58632909185728,12.0,6.0,1.0,1.0,0.0
190452.79418435096,1.0,88342.34749462461,53.54470654336163,11.0,2.0,1.0,0.0,0.0
152039.1897816418,1.0,111127.4980088765,58.33996287488689,12.0,3.0,1.0,1.0,0.0
189683.04997384668,1.0,97952.17584609236,56.02023665437762,16.0,2.0,1.0,0.0,0.0
-38810.64158219681,0.0,21805.788346611083,40.37483671117552,10.0,1.0,0.0,0.0,1.0
147875.45399523817,1.0,55423.47116287278,61.07021575344481,13.0,1.0,1.0,1.0,1.0
161141.07164465435,1.0,146235.97345059985,35.0959254218473,15.0,2.0,0.0,0.0,0.0
231907.28469375614,1.0,157067.5143355855,54.406725890577135,18.0,1.0,1.0,0.0,1.0
237903.91146839818,1.0,156612.96907092407,27.00605897445726,15.0,2.0,0.0,0.0,1.0
21388.572249458135,0.0,23379.225680432766,32.06213929498409,13.0,2.0,0.0,0.0,1.0
64328.76817644356,0.0,27483.90778365071,59.3841896095225,16.0,2.0,1.0,0.0,0.0
63813.12260813264,1.0,40593.22213184338,54.17118331538066,12.0,1.0,1.0,0.0,1.0
98251.86885211435,0.0,47612.47204564348,25.31570219537755,17.0,4.0,1.0,0.0,0.0
102589.37580133362,1.0,59365.241792325636,45.39401812277153,17.0,4.0,1.0,0.0,1.0
195590.63093589287,1.0,74130.31052964891,58.518409071082466,13.0,1.0,1.0,1.0,1.0
61362.90030043786,0.0,80576.08770037285,34.636655425276615,14.0,1.0,1.0,0.0,1.0
47647.96543660892,1.0,56273.58821402785,26.918901875622883,10.0,2.0,0.0,0.0,1.0
61720.38098110167,0.0,54659.419228601626,29.237285808625707,10.0,2.0,1.0,0.0,0.0
7878.68776037138,1.0,61916.518380299094,48.755474039302484,16.0,2.0,1.0,0.0,1.0
86651.64571561938,0.0,44049.973338438125,57.76151701752062,13.0,4.0,0.0,1.0,1.0
59396.83514406113,1.0,66340.32337233528,48.869126580268464,13.0,2.0,1.0,0.0,1.0
172535.33558289893,1.0,95050.72963574695,43.945086498569026,14.0,4.0,1.0,1.0,0.0
173905.94909423924,0.0,70371.43556527299,63.482815161353216,16.0,1.0,1.0,1.0,1.0
141423.79871584984,1.0,44598.17798513919,39.60177634990514,11.0,2.0,1.0,1.0,1.0
147897.86656037899,1.0,111710.12611242046,45.550272269212435,13.0,1.0,0.0,1.0,1.0
224305.69483565583,1.0,103615.42652315894,46.69323656849083,15.0,2.0,1.0,0.0,1.0
133869.82854304012,0.0,92287.8556362081,49.18970054563047,15.0,1.0,0.0,0.0,0.0
93563.48721369862,1.0,63660.412084843614,28.591517344407077,16.0,2.0,1.0,0.0,1.0
225079.34837433338,1.0,79790.06798927812,52.87907018412315,11.0,2.0,1.0,0.0,1.0
208343.48739302013,1.0,121024.940729535,28.40759722957298,13.0,5.0,1.0,0.0,0.0
171404.302532697,1.0,89213.11933047141,27.588000482754147,13.0,2.0,1.0,1.0,1.0
-46780.27833640862,0.0,37144.1201252216,25.901957302487162,16.0,2.0,1.0,0.0,1.0
148751.9032928095,1.0,69793.03501409457,28.232542020196348,12.0,3.0,1.0,0.0,0.0
89331.47254046942,0.0,109075.17922568572,47.45321140478609,12.0,2.0,1.0,0.0,0.0
179643.24081876152,1.0,75682.2062461115,26.568238466241386,15.0,2.0,1.0,1.0,1.0
141564.3455351599,1.0,59483.57936902218,58.92010784169572,15.0,4.0,1.0,0.0,1.0
125734.7477365094,1.0,97957.82993030624,37.48778813137103,15.0,2.0,1.0,0.0,0.0
71952.65246692774,1.0,58998.36095009748,44.38309611413233,11.0,1.0,0.0,1.0,1.0
109995.7905274248,1.0,81181.23753370298,35.66991999533653,10.0,5.0,1.0,0.0,0.0
124131.40033262887,1.0,85892.07855615205,45.25914927380394,16.0,1.0,1.0,0.0,1.0
196998.17188869437,1.0,77558.82924297858,53.01599910425951,13.0,4.0,1.0,0.0,1.0
89270.43366156802,1.0,115893.70101542253,47.83268286865197,14.0,1.0,1.0,0.0,0.0
205469.41469131195,1.0,126375.585155392,44.60106399523852,13.0,3.0,1.0,0.0,1.0
188792.08829412545,1.0,75699.20979837365,53.48847325786792,13.0,2.0,0.0,1.0,0.0
165608.992821984,1.0,49233.79456304412,62.94007463807287,17.0,2.0,1.0,1.0,1.0
71828.45471040333,1.0,58073.991746916356,30.09273724086237,14.0,3.0,1.0,1.0,0.0
-53202.97611086852,1.0,13097.75899480605,28.155207146897794,14.0,1.0,1.0,1.0,1.0
102093.92884361558,1.0,75630.66323276285,56.866189969276974,17.0,1.0,1.0,0.0,1.0
158624.91287866211,1.0,98921.42822606093,27.404609788137144,13.0,4.0,1.0,0.0,0.0
197339.3154699287,1.0,101819.01617462632,44.59894637358161,17.0,3.0,0.0,0.0,0.0
103489.15552102045,1.0,46796.18894249816,63.146107791740945,11.0,1.0,0.0,0.0,0.0
112192.48358384655,1.0,53586.1163554233,63.83324897057445,10.0,1.0,0.0,0.0,0.0
160435.87242955796,1.0,84239.7356314128,28.713205623538688,11.0,2.0,1.0,0.0,1.0
234477.38591885183,1.0,109553.49423152262,51.099392499892836,16.0,1.0,0.0,1.0,1.0
37378.822249447636,1.0,72520.00542519696,35.13536256945467,16.0,1.0,1.0,1.0,0.0
184235.3509969913,1.0,66093.77204318038,51.16529086828237,16.0,4.0,1.0,0.0,0.0
83530.808529055,1.0,65784.07823242235,43.03546700670244,13.0,3.0,0.0,0.0,1.0
149019.08257491616,1.0,64884.74556231306,56.836542127687295,17.0,4.0,1.0,0.0,0.0
59215.31311874988,0.0,34465.80792764992,63.81176568002127,12.0,1.0,0.0,0.0,0.0
234245.93801651685,1.0,101115.8614543683,58.14752604333793,13.0,3.0,1.0,1.0,1.0
22848.516640668327,1.0,70692.04602611827,37.63657874732323,13.0,1.0,0.0,0.0,0.0
-778.9715976963053,0.0,22295.85310956549,56.79302866818805,14.0,1.0,1.0,1.0,0.0
99138.99547530896,1.0,46347.13251118189,41.05956909425147,12.0,2.0,1.0,1.0,1.0
115036.767685722,1.0,67577.91820212688,56.486195053861664,10.0,2.0,0.0,0.0,0.0
80756.45852281504,1.0,35568.155417523805,35.30226910630434,12.0,1.0,1.0,0.0,0.0
88834.1225722646,1.0,44219.5602252608,59.42012217226752,19.0,1.0,0.0,1.0,1.0
130540.43359161633,1.0,34067.366182198,61.48360098572094,16.0,1.0,1.0,1.0,0.0
296282.9099088073,1.0,191902.60312298022,33.97063774209452,12.0,1.0,1.0,0.0,1.0
67032.91491452594,1.0,89199.3441789583,45.149345071308204,15.0,1.0,1.0,1.0,1.0
108534.39827827839,1.0,32487.102679247564,56.37110028609603,14.0,2.0,1.0,0.0,1.0
-11372.407700664764,1.0,28861.707470052326,52.45987841070614,16.0,4.0,0.0,0.0,1.0
138741.038647741,0.0,105888.91028181868,55.61281380156008,10.0,3.0,1.0,0.0,0.0
33727.085067501954,1.0,59247.56594195637,34.83054778459313,12.0,5.0,1.0,0.0,0.0
107123.87332801716,1.0,75230.99900862073,45.58789663008322,16.0,2.0,1.0,0.0,1.0
83780.53387114541,1.0,52802.97075099833,36.46781480256475,13.0,2.0,0.0,0.0,1.0
86030.90229382692,0.0,27483.907437742968,47.50702238020708,18.0,1.0,1.0,0.0,1.0
-16288.129527085453,0.0,32965.40413761024,26.277806478120397,14.0,2.0,1.0,0.0,1.0
131391.5977265672,1.0,116326.74923711286,29.501884270556722,14.0,1.0,0.0,0.0,1.0
149751.99199327859,1.0,66238.21157370746,38.51412596102232,15.0,1.0,0.0,1.0,0.0
53613.851541394004,1.0,24644.359695694064,50.79925932405354,15.0,4.0,1.0,0.0,1.0
100978.65749152387,1.0,61323.657670860644,25.122325228307382,16.0,2.0,1.0,0.0,0.0
162914.51155887276,1.0,68942.31489086086,31.767109767684527,11.0,3.0,1.0,1.0,1.0
77132.4234488539,1.0,62694.033106457755,51.13574319971454,11.0,1.0,0.0,0.0,1.0
283970.9392608352,1.0,156887.7317148878,37.79818168186824,17.0,2.0,0.0,1.0,0.0
56663.920654771544,0.0,38839.18472395393,30.111263434069812,13.0,3.0,0.0,0.0,0.0
106886.05990538717,1.0,97004.11325976215,27.256535855649588,16.0,3.0,1.0,0.0,0.0
27689.43276787964,1.0,57965.826787716156,32.37186249659833,14.0,4.0,1.0,0.0,1.0
22403.576379950217,1.0,58759.199794165776,45.435728996216696,10.0,2.0,1.0,1.0,0.0
85704.79906915718,1.0,53552.92208127046,43.8311030704279,17.0,3.0,0.0,1.0,0.0
38328.31490680082,1.0,24295.083229727537,48.77612376479448,15.0,4.0,1.0,1.0,1.0
72315.71318481416,1.0,86482.15449952341,60.6547534676712,10.0,3.0,0.0,0.0,0.0
168092.2074866481,1.0,116739.13966115752,28.48568051509098,11.0,2.0,1.0,1.0,0.0
43213.890311728464,1.0,26693.226022143448,57.33898541059262,16.0,2.0,1.0,0.0,0.0
426744.9337979313,1.0,290175.1617398263,37.83590758349737,15.0,3.0,1.0,1.0,1.0
42055.8383052803,1.0,19502.19924870626,42.868843100281794,15.0,3.0,0.0,0.0,0.0
57460.93895491772,0.0,56622.465332307656,29.296281618318197,11.0,3.0,1.0,0.0,0.0
207841.88332915635,0.0,77421.79050693875,51.91954391184845,14.0,3.0,1.0,0.0,1.0
120621.45558281186,1.0,93896.43040812638,37.744842175724116,10.0,2.0,1.0,0.0,1.0
92304.35065059338,1.0,44861.14195403022,42.097585499029336,15.0,4.0,1.0,0.0,0.0
24997.546084145928,1.0,34292.9255628885,51.941391872830835,14.0,2.0,0.0,1.0,1.0
162477.3498605233,1.0,59998.44661809211,55.486993073049476,18.0,3.0,1.0,0.0,1.0
210027.29946057507,1.0,133827.16751833563,46.913246521829166,14.0,3.0,1.0,0.0,1.0
83850.31926871632,1.0,58218.95839405044,55.89735580249008,15.0,2.0,1.0,1.0,1.0
61144.15081862208,1.0,36507.908667202755,54.8540353553321,10.0,3.0,1.0,1.0,1.0
136660.07818358846,1.0,48601.49815718548,38.63445073272669,16.0,1.0,1.0,0.0,1.0
104073.37807227799,1.0,28513.77932857883,44.49289647002689,16.0,2.0,0.0,0.0,1.0
42075.69277838039,1.0,22302.52674828507,56.75046720034413,16.0,3.0,0.0,0.0,0.0
-24227.148415493903,0.0,21018.666484979643,26.819372383100173,14.0,3.0,1.0,0.0,1.0
153076.2668359699,1.0,82814.73082090178,36.720345306691826,14.0,2.0,1.0,1.0,1.0
132539.83356197507,0.0,23653.176320281687,31.18252753202387,15.0,1.0,1.0,0.0,1.0
357164.0220351831,1.0,225419.1943855454,60.13312075423836,16.0,1.0,1.0,1.0,1.0
71363.67256468297,0.0,77201.44189070605,46.37853091930163,18.0,2.0,1.0,0.0,0.0
183085.25986687833,1.0,94549.44628864632,47.38055159456504,15.0,2.0,1.0,0.0,1.0
83100.40950619613,1.0,54814.807383920146,25.196946241321687,14.0,2.0,1.0,0.0,1.0
228327.9984356492,1.0,110428.53528359262,47.888819714417735,14.0,2.0,1.0,0.0,0.0
79692.08729062935,0.0,56394.35543010877,49.87222751099168,14.0,2.0,0.0,1.0,1.0
122265.00957197379,0.0,41132.59500065387,50.319622303316095,17.0,3.0,0.0,0.0,1.0
86672.26605935306,1.0,47266.61434373898,51.505700698956616,13.0,1.0,1.0,0.0,1.0
28363.083101751927,1.0,16022.592185823949,43.97610042658164,16.0,3.0,1.0,1.0,0.0
106007.10832739544,0.0,97623.76557595676,58.31727207832654,16.0,1.0,1.0,1.0,1.0
-2273.863090592353,0.0,32436.338735012916,27.17720832128314,12.0,2.0,0.0,0.0,1.0
147526.3542225712,1.0,72465.6039674131,55.49584168044439,17.0,2.0,1.0,1.0,1.0
54886.06611407129,0.0,17118.75332137409,56.80101510548889,14.0,2.0,1.0,0.0,1.0
442175.0490850054,1.0,280068.0531965944,46.72847328671509,17.0,2.0,1.0,1.0,0.0
102657.30047592036,1.0,60183.97309930706,41.581493334165174,14.0,1.0,1.0,0.0,1.0
103471.44866264611,1.0,64435.582995019846,51.327661950998575,11.0,4.0,0.0,0.0,1.0
161119.17039912273,1.0,66920.81729747208,36.8953725015664,16.0,2.0,1.0,0.0,1.0
159290.0106965925,1.0,93022.92669862404,39.59640656648406,15.0,3.0,1.0,1.0,1.0
74494.39947660343,1.0,62801.00514610751,41.26776946020762,14.0,3.0,1.0,0.0,1.0
24449.40092526381,0.0,30902.567495749277,63.22674116864244,15.0,4.0,0.0,0.0,0.0
85782.06622302365,1.0,81671.03211579342,37.60574936414016,15.0,2.0,0.0,0.0,1.0
87429.43469760475,0.0,28969.87887044971,29.04314482002104,14.0,2.0,0.0,0.0,0.0
151443.43065674623,0.0,62120.875691421614,49.43420381343752,15.0,6.0,1.0,0.0,1.0
118379.54024820187,0.0,70309.07428396652,48.04910228698081,15.0,3.0,1.0,1.0,1.0
-70669.8276965452,1.0,15678.288818253493,60.20208515033709,15.0,2.0,0.0,1.0,0.0
257598.98219945622,1.0,173462.06867636213,40.30547362112831,13.0,2.0,0.0,1.0,1.0
198541.35414396925,1.0,99115.785601149,30.530501095752847,14.0,3.0,1.0,1.0,1.0
219030.031630685,0.0,81713.52568974569,37.2940188664718,14.0,2.0,1.0,0.0,0.0
42495.99884017288,1.0,83360.47656838411,57.47616215408206,15.0,4.0,0.0,0.0,0.0
178990.93865499072,1.0,132274.69994724775,31.352575763113656,12.0,3.0,1.0,1.0,1.0
241127.78520430112,1.0,119414.22907406447,46.266933306239494,13.0,2.0,0.0,0.0,1.0
52238.50743983229,1.0,43939.83601550767,36.192124511837086,18.0,3.0,1.0,0.0,1.0
167486.80905337675,0.0,50792.38737918312,45.379978322217475,14.0,2.0,1.0,0.0,1.0
71984.84148299902,1.0,75574.19030825478,40.62817910115463,10.0,1.0,1.0,1.0,1.0
73106.69565969205,0.0,36112.95463312359,36.63319575442812,13.0,3.0,1.0,0.0,1.0
109789.39095379417,1.0,81883.64464811127,62.599013575621406,13.0,6.0,1.0,0.0,0.0
225507.9680974143,1.0,191732.27877564647,25.97686918062066,12.0,1.0,0.0,0.0,0.0
75335.48086640243,0.0,87649.70034452317,33.161224595208125,14.0,2.0,0.0,0.0,0.0
91362.86158657334,0.0,37328.27508885655,46.97242423209455,16.0,1.0,1.0,0.0,1.0
146029.4919263454,1.0,33385.49041017034,34.216782455263434,16.0,3.0,1.0,1.0,1.0
129851.44847828615,1.0,80306.57693613289,47.71272954417748,17.0,2.0,0.0,1.0,1.0
96143.37411100263,1.0,53398.6500057892,49.40557230272788,11.0,4.0,1.0,1.0,1.0
52552.12009549021,1.0,25046.748223902734,61.520705967690375,14.0,1.0,1.0,0.0,1.0
196063.252279761,1.0,129535.9382410367,61.46068495187326,15.0,1.0,0.0,1.0,0.0
55604.17201033255,1.0,27501.393320542447,28.092260101178613,12.0,2.0,1.0,0.0,1.0
179902.57024236274,0.0,92715.89268456692,30.334464352041334,14.0,4.0,1.0,0.0,1.0
58474.7503137572,1.0,38279.31278220378,35.57085326730544,17.0,2.0,1.0,0.0,1.0
112395.67970234962,1.0,55320.309467360894,52.215646401452176,14.0,2.0,0.0,0.0,0.0
132680.40068935225,1.0,45948.16149263523,59.791328876029056,16.0,1.0,0.0,1.0,1.0
95173.79474673378,1.0,17421.702843516116,58.20853253000877,14.0,2.0,0.0,0.0,0.0
103119.58422157912,0.0,42161.68076475094,58.13664722554442,16.0,2.0,1.0,0.0,1.0
22595.80453480656,0.0,27950.644500610175,33.47408264749075,13.0,1.0,1.0,1.0,0.0
257752.9938687827,1.0,114068.52570146309,55.50985665330231,15.0,2.0,0.0,0.0,1.0
3853.8580477473733,1.0,25433.579861888116,57.44081971238593,13.0,1.0,0.0,1.0,1.0
324040.03344786196,1.0,182672.55592243758,41.27978405500137,17.0,3.0,0.0,1.0,1.0
246783.098365587,1.0,119779.10579880529,57.54380260195666,15.0,2.0,1.0,0.0,0.0
69278.62670380858,1.0,83399.80263803637,48.918503417476416,17.0,1.0,0.0,0.0,1.0
75030.91358820688,1.0,12767.592256679793,41.741164700579915,14.0,2.0,1.0,0.0,1.0
134263.42716692592,0.0,41648.423039938396,41.755341035039855,12.0,5.0,0.0,0.0,1.0
112274.28202413753,1.0,73941.14593713057,53.45722417411034,15.0,3.0,1.0,0.0,1.0
138531.98327689857,1.0,77478.38981338777,28.763519167548335,17.0,3.0,1.0,1.0,0.0
189463.08783050493,1.0,92078.2029170572,40.51248045742712,15.0,1.0,1.0,1.0,0.0
102479.05822278798,1.0,50429.51359900814,55.96203025729342,13.0,3.0,1.0,0.0,0.0
182855.4438840883,1.0,116713.11024177844,56.11930231456077,15.0,2.0,1.0,0.0,1.0
257026.12571874273,1.0,119718.22967079775,41.168633932045815,18.0,2.0,1.0,0.0,1.0
251754.05553411043,1.0,152554.80975701803,52.554741495801736,10.0,4.0,0.0,0.0,1.0
31726.948334027322,1.0,33039.36848685109,51.185865095791804,11.0,3.0,1.0,0.0,1.0
259255.59739756963,1.0,140092.0454114985,40.99395254189732,13.0,5.0,0.0,1.0,1.0
89226.82365801744,1.0,49268.73464236865,54.83792905000533,15.0,1.0,0.0,0.0,1.0
126746.32307468014,1.0,118474.84317280869,25.55549088604509,14.0,2.0,1.0,1.0,1.0
173072.59922781616,1.0,126949.25055303145,38.506152621401085,18.0,2.0,0.0,0.0,0.0
-22113.664873223155,1.0,38708.99834683215,26.37884487314818,12.0,2.0,1.0,0.0,1.0
50988.82039297162,0.0,43039.648714977455,25.370042202345587,15.0,4.0,0.0,0.0,0.0
211559.24104075143,1.0,108582.90122606479,50.23089509985013,14.0,1.0,0.0,1.0,1.0
90633.49289467993,1.0,31352.422649045096,48.29456240726141,14.0,2.0,0.0,0.0,0.0
197481.7125639621,1.0,42151.028821545384,36.15763301130001,10.0,2.0,1.0,1.0,1.0
18767.784904483327,0.0,29373.4138993196,63.448399235139355,13.0,1.0,0.0,0.0,0.0
141061.8088622855,1.0,64045.67404458646,46.02818722267325,12.0,3.0,1.0,1.0,1.0
72578.43688276078,1.0,60906.48435633262,45.873435711654025,11.0,3.0,1.0,1.0,0.0
134086.39717664843,1.0,30011.53384499903,51.801978385080695,14.0,4.0,1.0,0.0,1.0
338389.29171267926,1.0,190113.8828029216,56.02126491573834,13.0,2.0,1.0,1.0,0.0
139236.60794924415,1.0,99687.20503429895,60.596077410779344,16.0,3.0,0.0,1.0,0.0
164813.1075566285,1.0,104150.59702122008,38.74959252795991,11.0,2.0,1.0,1.0,1.0
166940.3128568853,1.0,66033.1426840805,25.715077600540567,20.0,2.0,1.0,0.0,1.0
58463.849354360296,1.0,77386.3355457569,53.80056789662818,10.0,3.0,1.0,0.0,1.0
413537.6522019496,1.0,285884.7656333187,32.885798363762476,17.0,2.0,0.0,1.0,0.0
28807.333098436997,1.0,22404.35559312463,63.386290337160176,13.0,2.0,0.0,0.0,0.0
94435.56550916767,1.0,66994.8716617367,39.22446453906743,12.0,2.0,0.0,0.0,1.0
20261.74045642987,1.0,42228.677238866,33.65155244813263,13.0,1.0,0.0,1.0,1.0
383230.3338557263,1.0,225610.52739106945,38.44040831971628,19.0,2.0,1.0,0.0,1.0
83276.48439417376,1.0,25347.495192362312,53.258195612034875,13.0,1.0,0.0,0.0,1.0
163269.90062212863,1.0,66331.20809370451,60.721001667414896,10.0,2.0,1.0,0.0,1.0
107717.30583735596,1.0,71969.62042147604,30.96173497923582,11.0,2.0,1.0,0.0,1.0
100782.17409631544,1.0,61441.19968538021,61.98824373661954,12.0,4.0,1.0,1.0,1.0
121338.14578421717,0.0,80868.87876185834,34.722167706247596,10.0,2.0,0.0,1.0,1.0
95973.32138951277,1.0,50872.59994365092,36.19896815202164,13.0,1.0,0.0,0.0,0.0
101244.54776779837,0.0,49627.378520954,51.211867962764344,15.0,2.0,1.0,1.0,0.0
78786.1685419278,0.0,58606.64106911716,60.268043847787744,13.0,5.0,0.0,0.0,1.0
93671.5167745099,1.0,42333.79139002637,58.33156023808149,11.0,1.0,1.0,0.0,1.0
211149.59266386533,1.0,126746.9496181165,34.50709232445154,10.0,2.0,1.0,0.0,1.0
256255.12767303086,0.0,142804.25448506308,48.885345203089095,10.0,2.0,1.0,1.0,0.0
235539.66466143596,1.0,136284.63617445444,56.29643644641102,13.0,3.0,0.0,0.0,0.0
163522.98458570318,1.0,74664.4310080195,45.49095573238754,15.0,2.0,1.0,0.0,0.0
122776.40674803109,1.0,28298.71380315069,63.56999749677855,18.0,1.0,1.0,1.0,1.0
17153.848229459058,1.0,52956.391380868445,32.10448382754578,11.0,2.0,1.0,0.0,1.0
94653.44652890973,1.0,82759.8279234724,37.11459601502088,10.0,3.0,1.0,0.0,1.0
103610.05848495968,1.0,47467.05577191739,30.512759884644368,14.0,5.0,1.0,1.0,0.0
220147.9369961652,1.0,58680.201205666286,48.92080913777123,18.0,2.0,0.0,1.0,1.0
283297.55271926237,1.0,128050.17730457528,41.795674023619696,10.0,2.0,0.0,0.0,0.0
67203.50666498794,0.0,48553.12829542592,51.9361271843653,15.0,1.0,1.0,1.0,1.0
120597.18645021881,1.0,90692.86644568901,60.62332778818962,12.0,2.0,0.0,0.0,1.0
269366.3990063261,1.0,217376.79490857015,25.956539875292297,16.0,5.0,0.0,0.0,1.0
229792.03947548367,1.0,139854.81894314056,25.514668583782292,18.0,2.0,0.0,1.0,1.0
34780.72336466093,1.0,39266.082894303916,26.18060542225156,15.0,4.0,1.0,0.0,0.0
82519.9511460323,1.0,54077.359191915115,32.58180750169136,10.0,2.0,1.0,0.0,1.0
33596.80538261004,1.0,38063.37265576869,29.743518128308196,13.0,1.0,1.0,0.0,1.0
89680.23440387825,1.0,75908.38015652788,29.375503485622033,17.0,3.0,1.0,1.0,0.0
93925.36762522525,1.0,62957.16046820224,28.951872716560754,15.0,4.0,1.0,1.0,1.0
78242.3246289645,1.0,65557.34994369891,39.70062802552664,14.0,4.0,0.0,1.0,0.0
31727.08696903751,1.0,61235.547957437375,56.233851360957075,11.0,2.0,1.0,0.0,1.0
85353.2521912436,1.0,67559.00366048921,51.1978655163884,13.0,1.0,1.0,0.0,1.0
48985.065165686,0.0,37120.156253192625,42.647293372105054,14.0,3.0,0.0,0.0,0.0
-28564.902387722577,0.0,13665.879194081066,58.635325480834105,10.0,1.0,0.0,0.0,0.0
43448.10799605487,1.0,44061.17899832133,43.150441520068405,14.0,1.0,1.0,0.0,0.0
124232.9115511966,1.0,52767.52275854575,56.702020616725065,14.0,1.0,1.0,1.0,1.0
151853.062902482,0.0,55356.40912996901,41.883800030620705,20.0,1.0,1.0,1.0,0.0
56085.82378699286,1.0,42413.628583950165,36.27694955120671,13.0,3.0,1.0,0.0,1.0
419476.43099994963,1.0,400000.0,35.78928410812689,12.0,2.0,1.0,0.0,0.0
146498.42334871858,0.0,119802.28303473946,37.21585310889395,10.0,3.0,0.0,0.0,0.0
72762.48308927583,1.0,37803.64602894935,38.27020990876577,16.0,1.0,1.0,1.0,0.0
120812.95041258786,1.0,61790.705241358955,36.054832833891865,17.0,5.0,1.0,0.0,1.0
79692.02547606529,1.0,102342.89447645674,41.77994838842605,16.0,5.0,0.0,1.0,0.0
144063.77310713675,0.0,54378.43825075097,42.6875944039476,12.0,4.0,0.0,0.0,1.0
82406.31903650718,0.0,58142.8180472156,61.09244581259454,10.0,3.0,0.0,0.0,1.0
15790.261662340003,1.0,22669.24917242512,56.95151176939447,12.0,1.0,1.0,0.0,1.0
139607.4348989432,1.0,58019.001364568016,46.80256093354201,16.0,5.0,1.0,1.0,0.0
162239.87289295223,1.0,200491.31178954506,37.576941012161726,15.0,2.0,0.0,1.0,0.0
114021.371082881,0.0,66180.96843461122,32.552495685260524,11.0,4.0,1.0,0.0,1.0
136334.664076998,1.0,70689.35835975602,54.85976453387282,14.0,1.0,1.0,1.0,1.0
106051.08917501583,1.0,63962.93522067279,52.9226672957841,14.0,3.0,1.0,0.0,1.0
160013.61613198198,1.0,61570.27372463789,56.518459897317484,15.0,2.0,0.0,0.0,1.0
-6147.00593301616,1.0,23713.680415083585,40.154700823412995,16.0,2.0,1.0,0.0,1.0
232304.62682985282,1.0,145158.24347177215,37.24970256140825,16.0,5.0,0.0,0.0,0.0
136311.6518663328,1.0,66314.69803768506,25.354557098310785,14.0,3.0,1.0,0.0,0.0
189452.76199321443,1.0,109121.55925500309,37.16733439374812,14.0,3.0,0.0,0.0,0.0
70468.1780856512,1.0,33424.467393900326,43.23699812645824,16.0,4.0,1.0,0.0,1.0
-24288.448611975535,0.0,18353.817721330197,35.30732572463248,12.0,1.0,1.0,0.0,1.0
144531.06879440948,1.0,55921.908122579815,52.02760187502091,13.0,1.0,1.0,0.0,1.0
70003.1754369926,0.0,24226.529768760396,26.10793338538462,13.0,3.0,0.0,0.0,1.0
13745.122472941965,0.0,24467.407944992654,49.157210260244156,16.0,5.0,0.0,0.0,0.0
59833.33827375934,1.0,29206.01658839981,34.60110591026252,12.0,3.0,1.0,1.0,1.0
47722.45866823137,1.0,45541.234922243166,25.708208721235216,15.0,3.0,0.0,0.0,0.0
118280.35405142352,1.0,24499.218836402,27.21120349815554,17.0,2.0,1.0,0.0,0.0
-5747.96652271194,1.0,37079.263068515815,40.642745555411565,12.0,1.0,1.0,0.0,1.0
53633.96676244457,1.0,40932.62752067609,56.51159942926624,13.0,4.0,1.0,0.0,1.0
-20998.367905883453,0.0,31009.195147379447,39.26169830272875,10.0,3.0,1.0,0.0,1.0
24402.162793812502,1.0,41795.38894344854,47.68149778284506,14.0,4.0,1.0,0.0,1.0
347336.9868996001,1.0,191058.4755828273,61.80987324244455,17.0,3.0,0.0,0.0,1.0
222925.11866454556,0.0,115496.58148286982,35.11133893467885,18.0,1.0,1.0,1.0,0.0
10731.34075134596,0.0,27467.478537770134,46.16558281574889,16.0,1.0,1.0,1.0,0.0
205557.25316761178,1.0,89742.95019266444,28.02016024578964,18.0,1.0,1.0,0.0,1.0
196985.1286814398,1.0,118292.20966443236,56.09842087457061,14.0,4.0,1.0,1.0,1.0
52040.42887211124,1.0,25579.077687222245,50.88677311896537,14.0,5.0,1.0,1.0,0.0
48041.01648697404,0.0,33533.70728169225,58.42799007577954,12.0,3.0,1.0,1.0,1.0
-3198.895109732366,0.0,16128.800505299061,60.087497629689274,18.0,4.0,0.0,1.0,1.0
305138.32853009267,1.0,232170.71430152113,55.59115396228362,16.0,2.0,0.0,1.0,0.0
90086.00910851549,1.0,46432.29638396774,51.67532603539845,12.0,1.0,1.0,0.0,1.0
102959.83185154694,1.0,83922.66401230256,35.66418020835078,14.0,1.0,1.0,0.0,1.0
123123.57858597122,1.0,40492.156959168045,40.18583686455311,15.0,1.0,1.0,1.0,1.0
111653.11944716428,1.0,77518.0843677365,58.03480186136641,15.0,3.0,1.0,0.0,0.0
31448.295809110226,1.0,28960.366756962092,31.43493063047378,12.0,3.0,1.0,1.0,1.0
122757.94838895404,1.0,56986.66314295998,47.276461652515806,13.0,3.0,1.0,1.0,0.0
10153.19422151029,1.0,28231.655586140558,29.696506498605533,20.0,2.0,1.0,0.0,1.0
66018.47298145758,0.0,45711.48528573824,33.192040341152115,14.0,3.0,0.0,0.0,1.0
105797.76518833498,0.0,58025.002003592315,60.82890023055487,13.0,1.0,0.0,0.0,0.0
105397.55674509727,0.0,48821.481496717235,35.252990554564846,15.0,1.0,0.0,0.0,0.0
149910.46854367346,1.0,87848.08745846633,29.651662670400672,18.0,1.0,1.0,0.0,1.0
139315.64280233966,1.0,66972.67455409579,52.677293924381274,13.0,1.0,1.0,0.0,0.0
117634.82466904492,1.0,82744.22528928082,37.520578095706206,10.0,4.0,0.0,0.0,1.0
-12303.783944384406,1.0,15612.258424086973,53.38733719835288,18.0,2.0,1.0,0.0,0.0
81996.28996847503,1.0,71586.62626798388,33.93634406784551,15.0,1.0,1.0,0.0,1.0
209469.29255488724,1.0,126690.36296173904,48.41231796499805,15.0,3.0,1.0,1.0,0.0
139199.1944453082,1.0,62468.35989259512,61.66682825258073,13.0,2.0,1.0,0.0,1.0
234432.7690983185,1.0,129424.9522348714,38.30754028039322,14.0,2.0,0.0,1.0,1.0
168695.00424169586,1.0,92055.94834142634,29.2683515867731,13.0,6.0,0.0,0.0,1.0
91713.98658371539,1.0,54070.886204438815,47.61775191232919,16.0,1.0,1.0,1.0,1.0
87397.7411007058,0.0,54592.23772266981,30.05251044114881,11.0,2.0,1.0,1.0,1.0
204079.05701633194,1.0,155476.23050624464,46.266370517649214,16.0,3.0,1.0,1.0,1.0
103445.96710796749,1.0,91432.14888516896,25.327003619783536,18.0,3.0,0.0,1.0,1.0
3307.387743766054,1.0,15112.893919174292,29.51936145376657,14.0,2.0,1.0,0.0,1.0
331376.0535530857,1.0,183471.09472846033,61.66321335739199,17.0,1.0,1.0,1.0,1.0
115419.54730682069,1.0,79226.45169134217,41.196565964851146,11.0,2.0,1.0,0.0,1.0
84140.45681384529,0.0,40665.58817362649,42.837722873632515,13.0,2.0,1.0,0.0,0.0
261301.3032357121,1.0,119094.44316559019,62.16904186930764,13.0,4.0,1.0,1.0,0.0
64546.244087803905,1.0,45053.96981245448,33.26794463695681,14.0,2.0,1.0,0.0,1.0
78043.6161206101,0.0,30329.993192481605,45.95191475563756,12.0,4.0,0.0,1.0,1.0
88587.55378455867,1.0,52492.27751837788,53.15297088639121,14.0,2.0,1.0,0.0,1.0
98472.68787898004,1.0,65452.83676508518,46.68094726018825,13.0,2.0,1.0,1.0,0.0
89311.54407225532,1.0,37806.60355666706,60.50308716334051,17.0,3.0,1.0,0.0,0.0
70735.28936691758,1.0,27906.67046654107,49.88430552522013,17.0,3.0,1.0,0.0,0.0
90094.2527114455,1.0,34706.55911934737,28.47877097862049,15.0,4.0,1.0,0.0,1.0
268389.3470357564,1.0,98956.50340721296,40.99120454511112,12.0,2.0,0.0,0.0,1.0
59020.20913241691,0.0,28984.212109308108,31.13055505328811,11.0,5.0,1.0,0.0,0.0
-9792.954074720808,1.0,23640.9471450815,35.10775902111891,12.0,1.0,1.0,1.0,0.0
102186.49913298181,1.0,84441.08854678094,31.037240222661556,13.0,2.0,1.0,0.0,1.0
-36296.31364045231,0.0,38374.101709277784,27.732523843235132,14.0,2.0,0.0,0.0,0.0
6947.287541654053,0.0,16535.050129579755,37.14795616986977,13.0,1.0,0.0,0.0,1.0
146227.7100502222,0.0,69019.80661053161,61.692116728986626,16.0,2.0,0.0,0.0,1.0
55371.64493947005,0.0,56814.511038290875,32.32095076060293,11.0,1.0,0.0,1.0,1.0
37486.91617155055,1.0,26738.98541112846,55.89055201569121,16.0,3.0,1.0,0.0,1.0
118263.51439369342,1.0,90989.3423562293,45.30457770563459,16.0,3.0,1.0,0.0,1.0
112839.87817809859,1.0,29771.21381456726,50.187016790924034,15.0,1.0,1.0,0.0,1.0
176976.87246433547,1.0,90587.86091498999,29.567198784186317,16.0,5.0,1.0,0.0,0.0
114782.56555874902,0.0,35844.10884777969,40.59079933021557,13.0,3.0,1.0,0.0,1.0
133462.34876666658,1.0,87758.09886341596,36.42690323292672,15.0,1.0,1.0,0.0,0.0
94085.9134129167,0.0,45908.7326116678,35.09296855320764,11.0,1.0,0.0,0.0,0.0
325300.4561253327,1.0,202168.0851006448,50.389781775300605,20.0,1.0,0.0,1.0,0.0
160252.9253638068,1.0,85253.79381000825,57.23946777098137,15.0,1.0,1.0,0.0,1.0
-49897.10435624203,1.0,10531.973189409633,56.67203269850671,14.0,4.0,1.0,1.0,0.0
204004.95924066775,1.0,68552.34776401878,58.96053600064819,17.0,6.0,1.0,1.0,0.0
39252.50632750956,0.0,40633.50641225182,38.233744553894645,10.0,2.0,0.0,0.0,0.0
341652.2267205835,1.0,154919.0886906546,50.754476498803356,18.0,2.0,0.0,1.0,0.0
18859.99196105601,1.0,22841.93798859182,29.787479754381366,17.0,2.0,0.0,1.0,1.0
98063.32753940078,1.0,35927.48299855177,56.69825589720361,11.0,3.0,0.0,1.0,1.0
148456.66453367285,1.0,90760.62873131935,39.789059835363055,12.0,4.0,1.0,0.0,1.0
57313.21467810401,1.0,74564.22451319358,27.35422852403797,14.0,2.0,1.0,1.0,1.0
143643.59560573078,1.0,67137.17189387581,51.738319716549285,17.0,2.0,0.0,0.0,1.0
48782.94054937613,1.0,45454.18114115894,51.527083367693685,14.0,2.0,0.0,1.0,1.0
284574.34824654413,1.0,103899.8611461578,25.796777803493658,12.0,1.0,1.0,1.0,0.0
11845.250030835254,1.0,33285.9472331056,40.064890001252884,13.0,5.0,1.0,1.0,0.0
4202.284193301137,1.0,53409.35585962174,47.883836231000515,11.0,3.0,1.0,1.0,0.0
341453.70089574554,1.0,147351.1407818552,63.93807703082654,16.0,3.0,0.0,0.0,1.0
-41146.772305511586,0.0,23656.973123690113,46.08825083980982,13.0,4.0,0.0,0.0,0.0
252454.09011691794,1.0,90621.68447893932,31.948761408053578,14.0,1.0,1.0,0.0,1.0
131297.22378504573,1.0,78013.52541707575,59.26483944975221,14.0,3.0,1.0,1.0,1.0
188933.4329204702,1.0,124863.49744418892,60.852132623360305,14.0,1.0,1.0,0.0,0.0
283300.13295447035,1.0,218200.0756581563,48.68292282100843,15.0,2.0,0.0,0.0,1.0
96118.59648509734,1.0,43049.71465126119,59.21336688621412,10.0,2.0,1.0,0.0,1.0
57106.00038112676,1.0,39800.024320078744,30.00818906851392,15.0,3.0,0.0,0.0,1.0
148437.2029621861,1.0,44463.86356063591,32.44032843161424,16.0,1.0,1.0,1.0,0.0
58172.38228265915,1.0,57080.624034520646,49.78290038644731,12.0,3.0,1.0,0.0,1.0
178461.82918217202,1.0,50494.30405207501,45.51935871182934,16.0,2.0,1.0,0.0,0.0
132164.89785354352,1.0,50594.715826506486,54.78481593345593,10.0,2.0,1.0,0.0,1.0
140157.8726520635,1.0,100940.43981585842,38.05998771105012,10.0,3.0,1.0,0.0,1.0
50984.10898481683,0.0,24503.924877352387,51.068062530566245,16.0,1.0,0.0,1.0,0.0
93793.03472057405,1.0,57085.9543888121,61.83921551962261,13.0,1.0,0.0,0.0,1.0
228128.43201554843,1.0,82215.35281043263,54.18051107574655,19.0,1.0,1.0,1.0,1.0
109466.50390653746,1.0,107410.3571968053,63.98042638839173,13.0,6.0,1.0,0.0,0.0
144055.02078416807,1.0,35893.48919770772,34.41565785367875,17.0,2.0,1.0,1.0,1.0
204931.0779663016,1.0,48383.42599232325,55.783903869691024,16.0,1.0,1.0,0.0,0.0
3038.988104209355,0.0,48234.73608563475,26.29715327066986,15.0,2.0,0.0,0.0,1.0
128715.61230168465,1.0,96253.95895527262,34.82529463391107,15.0,1.0,0.0,0.0,1.0
74856.67389868258,1.0,71145.26005472611,59.8830848796423,10.0,4.0,1.0,0.0,1.0
33159.80631170097,0.0,36896.096815003155,52.602271871507575,13.0,2.0,0.0,0.0,0.0
162400.7100998277,1.0,189667.1978062933,28.381489366440103,10.0,1.0,1.0,0.0,1.0
87990.97387806227,1.0,72805.99770262277,48.58515312810047,11.0,2.0,1.0,0.0,1.0
154771.62889511007,1.0,99937.02296705525,46.39651194917856,11.0,2.0,0.0,1.0,1.0
125638.67490980736,0.0,57155.55865554206,47.060712350361,15.0,3.0,1.0,0.0,0.0
184819.27165323417,1.0,92427.8929154679,60.03242116891101,10.0,3.0,0.0,0.0,1.0
87057.54538530484,1.0,45657.63760185815,33.54046462810591,11.0,2.0,1.0,0.0,0.0
165309.44535742045,1.0,54726.6376396478,61.83912555083758,17.0,4.0,1.0,0.0,1.0
136621.60993669683,0.0,35851.356250739074,27.22566934834357,17.0,1.0,1.0,1.0,1.0
3624.493420462837,0.0,34861.39525492622,25.631084118687294,14.0,1.0,1.0,0.0,1.0
123502.68263199244,1.0,53076.22113213487,35.23542657538166,17.0,1.0,1.0,0.0,1.0
99454.0003746015,1.0,54009.6601336499,46.336445542682895,10.0,3.0,1.0,0.0,0.0
91896.71652375828,0.0,32289.039681457252,46.711030870139815,15.0,2.0,1.0,0.0,1.0
-86268.64015736786,0.0,14913.620791494594,27.586629243336002,12.0,4.0,0.0,0.0,0.0
48511.02142874729,1.0,76152.50507649932,41.38093820287156,13.0,4.0,0.0,0.0,0.0
-42274.570047498564,0.0,30776.35442172522,44.44502876338039,13.0,3.0,1.0,0.0,0.0
6792.285615284965,1.0,20332.657760504393,53.740252098650146,15.0,6.0,0.0,0.0,0.0
67322.46850012927,1.0,73754.0625359591,40.89560883375315,17.0,2.0,0.0,0.0,1.0
183492.7790964602,0.0,78060.37176345398,54.93198518826992,15.0,1.0,1.0,1.0,1.0
64753.94049893101,1.0,56225.844227552276,34.8185650065208,11.0,3.0,1.0,0.0,1.0
198551.02620396833,1.0,100541.93435050698,49.39797408725525,14.0,5.0,1.0,1.0,0.0
103095.9751021502,1.0,102484.0347320304,32.81690604698728,14.0,3.0,1.0,0.0,0.0
117532.90774293624,1.0,47117.51998261894,62.549455857030786,16.0,2.0,1.0,0.0,1.0
37059.679067722944,0.0,37275.3050402418,48.523687575006164,14.0,3.0,0.0,0.0,1.0
214815.93546152662,1.0,83249.21679749731,53.168680312168036,15.0,6.0,1.0,1.0,1.0
251093.556401041,1.0,122498.69953684216,56.25477697819571,14.0,4.0,0.0,0.0,1.0
52922.06223700054,1.0,20015.273197860086,35.064831007444766,10.0,2.0,1.0,1.0,1.0
161416.59291681013,1.0,68674.44752799431,63.241763016087674,16.0,1.0,1.0,1.0,1.0
96157.02668455413,1.0,60837.64969031587,36.798525109414044,17.0,2.0,0.0,0.0,0.0
106550.50224336529,1.0,68658.29450030175,59.672439011958176,14.0,1.0,1.0,0.0,0.0
78762.15992834308,1.0,74330.53039156894,52.38225751248798,16.0,3.0,1.0,0.0,0.0
12181.60278942469,0.0,27875.87036476816,31.69718803535138,14.0,3.0,1.0,1.0,1.0
162827.3108443778,1.0,112888.56702213464,62.77079539944907,13.0,3.0,1.0,0.0,1.0
128650.58207250042,1.0,46782.84123697413,62.96261892825269,15.0,4.0,1.0,1.0,1.0
294535.2542504254,1.0,241643.86369762447,37.84335034455126,16.0,1.0,1.0,0.0,0.0
123014.25148976644,1.0,60223.80739042588,60.92541997950664,16.0,2.0,0.0,0.0,1.0
71717.32195182488,1.0,20461.094642028533,42.4903273469806,13.0,4.0,1.0,1.0,1.0
40222.292944085515,0.0,50080.34964786581,33.43872517076544,11.0,5.0,0.0,0.0,0.0
120909.08221224791,0.0,49995.78897028255,56.97495368362949,13.0,3.0,0.0,0.0,0.0
74766.92006875658,0.0,57754.5888055936,59.129445714989615,14.0,2.0,1.0,0.0,1.0
241825.66497616208,1.0,63682.99152822006,57.24156547795799,13.0,2.0,1.0,0.0,1.0
66043.4771359227,1.0,47660.747702150424,58.989493050278114,13.0,3.0,0.0,0.0,0.0
182893.27203780165,1.0,84102.32921077676,58.16268753000194,14.0,2.0,0.0,0.0,1.0
226724.92535907394,1.0,92405.46811564207,46.38514759315173,17.0,4.0,0.0,0.0,1.0
108687.16054569736,1.0,30221.18054054588,57.51372142155876,17.0,2.0,1.0,0.0,1.0
186830.036583837,1.0,70541.40107314695,63.157791366117586,12.0,3.0,0.0,0.0,1.0
299706.98096068634,1.0,202019.53053040255,52.12395616322265,11.0,1.0,0.0,0.0,0.0
275128.9375070614,1.0,149651.17682463865,60.01663539125262,18.0,3.0,0.0,0.0,1.0
135404.97993369217,1.0,80310.81070335966,57.073146608596794,15.0,5.0,1.0,0.0,1.0
99700.63277287484,0.0,93417.54381372138,32.9768492920929,13.0,3.0,1.0,0.0,0.0
277504.96347826195,1.0,203430.57771661045,30.857490232161457,10.0,2.0,1.0,0.0,1.0
32300.266276316084,0.0,20959.724978904407,38.90643465690967,13.0,1.0,1.0,1.0,0.0
90572.87748615348,1.0,42683.06261126782,55.52597173046463,12.0,2.0,1.0,1.0,0.0
28403.68470645427,0.0,26557.031608294837,45.79958358870772,15.0,4.0,1.0,0.0,1.0
83985.30525321893,1.0,32842.5002554148,30.728369525294077,11.0,3.0,0.0,0.0,1.0
20282.62311848411,1.0,32393.18266250286,30.249863489862328,13.0,2.0,1.0,0.0,0.0
110378.38887523353,1.0,19300.732408079934,49.99700196448158,16.0,2.0,1.0,0.0,1.0
39122.020450399636,1.0,24714.852975336853,31.99853903430284,14.0,2.0,1.0,0.0,0.0
-49700.49485236936,1.0,33428.28584567307,59.15509982300076,15.0,2.0,1.0,1.0,0.0
131242.5564470462,1.0,43209.45260986274,45.24819676225493,12.0,3.0,0.0,0.0,1.0
77719.50682898017,1.0,40083.198987501346,32.841787846307135,19.0,4.0,0.0,0.0,1.0
119718.18962865276,0.0,45844.170366085666,41.93112363334359,18.0,6.0,0.0,1.0,0.0
126821.35888713381,1.0,71699.88692949124,48.15350978897448,12.0,3.0,1.0,0.0,1.0
133744.2794202118,1.0,78889.85682364568,60.63058957525111,14.0,6.0,1.0,0.0,0.0
50238.85478007164,1.0,52425.88930821489,41.59185409651205,15.0,3.0,1.0,0.0,0.0
127777.04451450497,0.0,55826.77544636698,27.284893531060735,10.0,2.0,0.0,0.0,1.0
-6183.602732157961,0.0,15715.533074371757,26.715414041086987,15.0,3.0,0.0,0.0,0.0
39576.83968841275,1.0,44978.83734253536,46.72922595244005,14.0,2.0,1.0,0.0,0.0
45835.92406789161,1.0,32004.97603373142,36.089696060355564,16.0,1.0,0.0,1.0,1.0
212799.17726841246,1.0,148734.20051963444,62.908529754576456,17.0,2.0,1.0,1.0,1.0
73548.79628225618,1.0,38819.73870047321,30.2721313796671,14.0,1.0,1.0,0.0,1.0
67920.59423911621,1.0,80424.95397480915,33.53725748887601,11.0,3.0,0.0,0.0,0.0
183739.55315363014,1.0,68828.77429796332,57.096119900009136,17.0,2.0,0.0,0.0,1.0
6249.144294337355,1.0,72293.22725193523,33.64811015509632,13.0,3.0,1.0,0.0,0.0
-38833.65275836543,1.0,31874.750832670336,58.66979301660883,11.0,4.0,0.0,0.0,1.0
36292.30259479853,0.0,41940.76610314142,34.1472268482964,12.0,6.0,0.0,1.0,1.0
179333.77526503423,1.0,93004.42128140156,42.499105896059206,11.0,2.0,0.0,0.0,1.0
64695.681544382365,1.0,84785.65775756164,34.32768007895869,11.0,3.0,0.0,1.0,1.0
83822.53316278014,0.0,10000.0,29.235591828455313,16.0,2.0,1.0,0.0,0.0
479988.0174755218,1.0,396294.86598691484,37.082481448198564,13.0,2.0,0.0,0.0,1.0
113960.81643044439,1.0,27685.837070194782,48.83701220495945,12.0,4.0,1.0,1.0,1.0
33724.94947808546,1.0,40531.61712754281,37.52104030516366,12.0,3.0,1.0,0.0,0.0
87230.24348385751,1.0,63867.26942414841,40.335699337499705,15.0,1.0,0.0,0.0,1.0
414292.34941939777,1.0,301890.248711506,30.69170752288318,14.0,2.0,0.0,0.0,1.0
263826.2144273749,1.0,155009.53004213094,35.33936107707551,12.0,1.0,0.0,0.0,1.0
211934.65101169038,1.0,79702.665318411,37.14690079272093,17.0,3.0,1.0,0.0,1.0
267266.04748399014,1.0,175173.6114440276,55.73114095397952,13.0,4.0,0.0,1.0,0.0
77429.138088801,1.0,83782.9065767381,40.641806279069606,15.0,3.0,1.0,0.0,0.0
99734.99557076307,0.0,18106.49765238053,48.61148873413538,15.0,1.0,1.0,1.0,0.0
271775.0895943482,1.0,144379.78163596374,56.69789314696666,13.0,1.0,0.0,0.0,1.0
98583.99452342726,0.0,130965.38364036698,50.868155082998754,12.0,4.0,0.0,0.0,1.0
117639.69935216852,1.0,146093.16481190818,63.162285934187686,14.0,2.0,1.0,0.0,0.0
31561.467582766043,1.0,43334.55439031974,25.22001342836609,13.0,5.0,1.0,1.0,1.0
108339.90999485929,1.0,114048.967266823,44.03614439071154,10.0,3.0,1.0,1.0,1.0
106504.29724034728,0.0,42474.91576129137,61.07204266079468,14.0,2.0,1.0,0.0,0.0
77000.3757129653,1.0,43519.46866330369,50.00522620532121,15.0,4.0,1.0,0.0,1.0
144695.83606066924,1.0,84220.19152968471,29.26530023253101,15.0,3.0,1.0,0.0,0.0
52106.5954243366,1.0,48209.95847132925,25.04816620182838,15.0,2.0,1.0,1.0,1.0
23714.323007164992,1.0,23251.161174155328,40.00951892008682,14.0,4.0,1.0,1.0,1.0
66010.95347829559,1.0,40287.52464193601,59.73283126233037,14.0,3.0,1.0,0.0,1.0
25400.1978656993,1.0,31652.935475383892,34.37957852470439,13.0,3.0,1.0,1.0,0.0
198413.96091625054,0.0,60237.05129679978,38.699789322424536,13.0,3.0,1.0,0.0,1.0
355159.1518453482,1.0,258590.23448177293,34.55067776387818,17.0,1.0,0.0,0.0,1.0
184348.83151977853,1.0,141037.9895895114,61.910731302159405,11.0,3.0,1.0,0.0,1.0
64285.755816499,1.0,45856.66963344068,32.17970278837808,10.0,2.0,1.0,0.0,1.0
105318.74666161509,1.0,66711.44042060527,55.595717264396,20.0,3.0,1.0,1.0,1.0
116890.40377931684,1.0,53283.183061997064,44.25182941939036,15.0,5.0,0.0,0.0,0.0
118578.67952694421,1.0,83622.86205453015,43.6226500288152,16.0,2.0,1.0,0.0,1.0
394690.56405316055,1.0,294650.2822710702,29.78722468996147,10.0,2.0,1.0,0.0,0.0
199503.22121708086,1.0,70258.07196421587,48.946778805933036,19.0,1.0,1.0,1.0,1.0
88148.69528176097,0.0,57747.151749151555,35.72725338875439,12.0,1.0,0.0,0.0,1.0
58808.87888052619,0.0,25415.935866843516,35.815660706740815,12.0,2.0,0.0,0.0,0.0
58892.398878382955,0.0,28910.378197942446,39.33618412117051,16.0,3.0,0.0,1.0,1.0
115759.80603023611,1.0,54826.80384215904,49.08787536147124,17.0,3.0,0.0,1.0,0.0
162516.9967254663,0.0,69832.17948941377,42.50695977413641,13.0,4.0,1.0,0.0,0.0
218477.90364249807,1.0,123811.94920188692,35.29464973133071,18.0,3.0,1.0,0.0,0.0
75070.34986561698,1.0,40381.519754083805,51.82855107113902,12.0,2.0,0.0,0.0,1.0
198961.6543766073,1.0,94575.18470591903,55.32111004356169,13.0,3.0,1.0,1.0,0.0
115618.8136444426,0.0,76529.32433470468,54.68664011089101,14.0,2.0,0.0,0.0,0.0
161198.18003765104,1.0,93457.97875612394,46.21912776500014,13.0,1.0,1.0,1.0,0.0
94904.78843799817,1.0,43116.413153774265,58.67226241524786,16.0,1.0,0.0,0.0,0.0
184238.90428907363,1.0,119325.6154681398,47.68284200271231,14.0,1.0,1.0,1.0,1.0
197215.40310063574,1.0,47974.49395418778,46.99205721381435,15.0,5.0,1.0,1.0,1.0
19145.51739899464,1.0,32696.972425276002,38.438137683436416,14.0,4.0,0.0,0.0,0.0
153057.26748025735,0.0,57092.74900261361,54.64860339003712,12.0,4.0,1.0,0.0,1.0
165987.9445937838,1.0,108218.69692284042,43.45500112093003,15.0,1.0,1.0,0.0,0.0
217147.6405976456,1.0,74138.18953750307,28.741411412395646,14.0,1.0,1.0,1.0,1.0
240693.70664945123,1.0,78710.65788939019,45.26111957572127,20.0,6.0,0.0,0.0,0.0
112929.84004853107,1.0,61745.003917017566,35.44355764902713,15.0,6.0,1.0,0.0,0.0
-30510.550950639627,0.0,24630.967151006327,40.435444219895224,12.0,5.0,0.0,1.0,0.0
189427.0628503829,1.0,118188.06825737425,62.979588474935596,17.0,3.0,0.0,1.0,0.0
235686.68528938992,1.0,96780.12166132733,57.786552721105174,17.0,2.0,1.0,1.0,0.0
125627.08696024097,1.0,75895.26951430454,28.52956056915256,11.0,2.0,1.0,0.0,0.0
91492.54439563584,1.0,141580.82098424985,39.67698151798419,14.0,2.0,0.0,0.0,0.0
109967.43258784892,1.0,22669.265675744366,60.38429071340585,15.0,4.0,0.0,1.0,1.0
183119.03265131716,1.0,52837.46982656693,52.68114804077025,18.0,1.0,1.0,0.0,1.0
65600.11491809877,0.0,69376.14641440255,32.87945250254474,10.0,3.0,1.0,0.0,0.0
179428.852301245,1.0,119406.89867077151,32.03697058166213,16.0,3.0,0.0,1.0,1.0
212864.96465648944,1.0,114813.959402426,43.15112202725993,18.0,1.0,1.0,0.0,1.0
404270.98157553887,1.0,285623.1052096635,32.11546747544275,15.0,1.0,1.0,0.0,1.0
138075.96175318383,0.0,74562.5904784377,52.035568071649735,12.0,1.0,1.0,1.0,1.0
86547.44857671132,1.0,25420.090068639383,52.78067570655584,13.0,1.0,0.0,0.0,0.0
112467.4455606525,1.0,69125.24628729981,53.90394515841611,15.0,2.0,1.0,1.0,0.0
53846.220316998995,1.0,38093.418684765056,46.21173043371424,18.0,2.0,1.0,0.0,1.0
105535.98100395943,1.0,74051.42580561376,38.4493152922542,16.0,3.0,0.0,0.0,1.0
-43537.57631126561,1.0,43428.316316044984,38.65381766987377,11.0,4.0,1.0,0.0,1.0
134440.15799964016,0.0,37872.957165347914,53.556379156247786,10.0,4.0,1.0,0.0,0.0
131456.89257901645,0.0,50369.44117181829,45.63190477750048,10.0,4.0,1.0,0.0,0.0
72433.8371656529,1.0,41496.11072902723,37.163645976343496,17.0,2.0,0.0,0.0,0.0
135786.07940746367,1.0,94972.92257872764,41.78376429118859,15.0,2.0,1.0,1.0,0.0
136167.41796529916,1.0,36598.80825235193,58.82036868461188,14.0,3.0,1.0,1.0,1.0
349779.51538030605,1.0,330097.1147054423,46.33516979616305,13.0,1.0,1.0,0.0,0.0
50333.30180187792,0.0,61806.56954823717,42.64994889496113,14.0,2.0,0.0,0.0,0.0
255388.4773259691,1.0,109103.35598501078,58.2951822186983,11.0,1.0,0.0,0.0,1.0
107552.435381787,1.0,55836.453585862706,44.98829384730526,13.0,1.0,1.0,1.0,0.0
203390.1050937191,1.0,98899.56921377781,63.93493694446523,14.0,4.0,0.0,1.0,1.0
298163.7293827293,1.0,160958.2294286781,35.75840812930338,13.0,3.0,1.0,0.0,1.0
87196.45432911465,1.0,49418.49290638716,63.588458493824106,13.0,3.0,1.0,0.0,0.0
91384.61108906478,0.0,33648.52440193445,38.54825807319014,17.0,3.0,0.0,0.0,1.0
73641.64720410557,0.0,37963.030958876756,42.40059729060128,19.0,2.0,1.0,0.0,1.0
201735.99680246616,1.0,75678.9914324437,54.099066486521856,15.0,2.0,1.0,0.0,1.0
164767.7018856078,1.0,85556.50384955226,38.56519811069878,14.0,2.0,0.0,0.0,1.0
367469.3003360778,1.0,232715.68850973,56.80092631376242,10.0,2.0,1.0,0.0,1.0
163493.94837029674,1.0,140974.42720190025,39.764740761502914,15.0,2.0,0.0,0.0,1.0
70497.31466221025,0.0,33475.76944254174,34.63040332362874,14.0,2.0,0.0,0.0,1.0
136636.37814618513,1.0,42866.86436565216,56.38397571203119,15.0,5.0,0.0,0.0,0.0
92573.82817165149,1.0,24380.43685969401,45.351715672286716,16.0,3.0,1.0,0.0,0.0
38568.90787992508,1.0,17373.939826523107,28.397615641689228,10.0,6.0,1.0,1.0,1.0
168269.874835772,1.0,95936.59957059982,43.1527731043382,11.0,2.0,1.0,1.0,1.0
3800.6010137558333,1.0,45066.0312643619,46.26355214922604,15.0,1.0,0.0,0.0,0.0
44212.15902591433,1.0,55302.54392416809,26.80794220536815,15.0,3.0,1.0,1.0,1.0
54107.93308357906,0.0,17123.958745569602,50.67891378245767,14.0,3.0,1.0,0.0,0.0
-2827.624783410183,0.0,25156.519750959476,31.913867519310656,10.0,2.0,1.0,0.0,0.0
193280.7469741929,1.0,40083.82591554343,31.864706245466863,17.0,4.0,1.0,1.0,1.0
102503.88477892213,0.0,58992.947861930705,41.90120380325581,12.0,3.0,0.0,0.0,0.0
155782.36408247362,1.0,131603.96978889997,61.11873913236143,17.0,2.0,1.0,0.0,1.0
136359.08033971544,1.0,85586.94394086764,42.161782904449694,17.0,2.0,1.0,0.0,0.0
129057.45530546847,1.0,24192.344541731127,62.16222638846393,16.0,4.0,1.0,1.0,1.0
67923.98663812187,1.0,29047.78440279602,47.262788195097095,15.0,2.0,0.0,0.0,0.0
205681.59501346052,1.0,148819.03105289317,38.69614954487044,15.0,3.0,1.0,1.0,0.0
270070.550848525,1.0,128806.82882683788,42.52796989510328,11.0,4.0,1.0,0.0,1.0
170516.07533692534,1.0,60630.3437741897,28.189409595696944,15.0,4.0,0.0,0.0,1.0
32671.342117830878,0.0,29825.551067867338,50.493453430623504,12.0,4.0,0.0,1.0,0.0
105778.37524313889,1.0,92269.61870197575,27.8340781253879,15.0,1.0,1.0,1.0,1.0
49193.14617862144,1.0,49254.29270008885,53.34296420497464,13.0,3.0,0.0,0.0,1.0
90081.49504608221,1.0,45901.153168076526,25.59062770797667,13.0,4.0,1.0,0.0,1.0
-31531.221097173307,1.0,17235.49406105368,39.487272631000224,13.0,2.0,0.0,0.0,0.0
110224.05871588016,0.0,47641.87155183139,54.991526539547266,10.0,3.0,0.0,0.0,1.0
209929.5907721458,1.0,123010.19967964335,59.810416968001206,10.0,1.0,1.0,1.0,1.0
40221.295557366844,1.0,48114.76635314473,60.03261884247084,12.0,2.0,1.0,0.0,0.0
115415.78403803261,1.0,40094.2771932423,29.420004624618976,15.0,3.0,1.0,0.0,1.0
40186.1021730342,1.0,50241.56493896462,51.352659224068745,17.0,5.0,1.0,0.0,1.0
68612.6182177992,1.0,36950.28912632354,43.254086160035456,11.0,6.0,0.0,1.0,1.0
178884.96508864127,1.0,89333.35331191342,47.96501894534206,18.0,4.0,1.0,0.0,1.0
147060.91859042417,1.0,41129.317288902,47.360408571897466,14.0,1.0,0.0,0.0,1.0
37681.132206528826,1.0,56121.14237883752,43.82235448594547,12.0,1.0,1.0,0.0,1.0
-11027.375435136564,0.0,45088.98550846045,43.2875003330782,16.0,2.0,0.0,0.0,1.0
193819.73791296146,1.0,94074.49886448105,34.77761221670729,14.0,2.0,0.0,1.0,0.0
57765.73724592183,0.0,48458.3404147735,55.817663687115356,16.0,3.0,0.0,0.0,1.0
57195.32479328394,1.0,76584.36067012924,47.0478125431474,10.0,2.0,0.0,0.0,1.0
124094.28439471201,0.0,80221.17561372729,50.47584404349806,13.0,1.0,0.0,0.0,1.0
139744.00238439674,1.0,131754.54027154087,51.999873907669105,13.0,2.0,0.0,0.0,0.0
289678.80224937305,1.0,135967.64258697603,51.980030276033304,17.0,4.0,1.0,1.0,1.0
33458.943685724946,1.0,36693.19681004731,46.91254659025248,11.0,2.0,1.0,0.0,0.0
-2463.6842328180355,0.0,20329.031621816524,31.296197145676352,15.0,2.0,0.0,0.0,1.0
56156.33804283094,0.0,55675.00585816475,63.55116490471933,12.0,2.0,0.0,0.0,0.0
182908.69610906809,1.0,96484.01389360562,34.05752870002052,14.0,2.0,1.0,1.0,0.0
-34745.303723017154,0.0,25991.083870079252,56.801666709588744,13.0,3.0,1.0,0.0,1.0
21605.096908229796,1.0,27156.494794643317,30.15197071756483,12.0,2.0,0.0,1.0,1.0
212945.75951939056,1.0,117941.78649291051,53.44730211461388,16.0,4.0,0.0,0.0,1.0
125847.04238624986,1.0,109464.4524093062,59.85963093643249,14.0,4.0,0.0,1.0,1.0
140602.93794136454,1.0,51128.13316292578,60.12977386108793,15.0,3.0,1.0,0.0,1.0
168118.6937008418,1.0,79928.48642889435,52.2270808985482,10.0,5.0,0.0,1.0,1.0
71623.31346907702,1.0,52240.38557657693,32.81839100290689,15.0,3.0,0.0,0.0,1.0
101734.08841311504,1.0,53676.14427951541,42.83317285988119,15.0,1.0,0.0,1.0,1.0
201940.05698146857,1.0,68802.71458278743,42.83304333590395,14.0,2.0,1.0,0.0,1.0
134660.6389885515,1.0,28566.737455450668,47.97353129709023,15.0,4.0,0.0,0.0,0.0
109601.64915316328,1.0,45546.322606199596,46.00569763140835,12.0,3.0,1.0,0.0,0.0
144105.7304920717,1.0,82404.52098439305,31.407524143673367,12.0,2.0,1.0,0.0,1.0
19201.1176457224,1.0,54281.48949081241,27.374621139542615,10.0,2.0,1.0,1.0,1.0
44658.66282755113,1.0,81754.00101752896,29.88015182499005,12.0,3.0,1.0,0.0,0.0
14417.127078454527,0.0,31519.311393723998,52.93880055904978,13.0,3.0,0.0,0.0,1.0
136463.50361899336,1.0,70013.63534852509,43.573779953835,10.0,2.0,0.0,0.0,0.0
107489.81066941447,1.0,49957.59496816398,44.45027674216078,11.0,3.0,1.0,1.0,1.0
354497.0046776362,1.0,210389.11931529426,30.097975484063717,13.0,4.0,1.0,1.0,1.0
164888.3245599887,0.0,122855.06260922924,29.317874760954552,13.0,2.0,0.0,0.0,0.0
115526.56404407739,1.0,75742.58436551434,35.006978954316764,16.0,2.0,1.0,1.0,0.0
144670.15353569377,1.0,115350.98628284792,33.510626834334886,17.0,4.0,1.0,0.0,0.0
34107.470580108165,1.0,33336.02086864099,40.84509655342855,18.0,2.0,0.0,1.0,1.0
130499.92228232016,1.0,90398.89857903199,28.686812104914395,18.0,2.0,1.0,0.0,1.0
66429.57791743847,1.0,26477.89179225571,43.43479325044166,14.0,1.0,0.0,0.0,1.0
231514.6655611529,1.0,147100.11660310373,27.77587796727861,17.0,2.0,1.0,0.0,1.0
77568.78665462087,1.0,71855.14070100155,60.79548718604203,13.0,2.0,1.0,0.0,0.0
104966.86251167461,1.0,40858.084195703785,48.21675492558251,13.0,1.0,0.0,1.0,0.0
303100.6259787116,1.0,145763.33377041933,36.48819044591165,14.0,2.0,1.0,1.0,1.0
89196.52349531597,0.0,63257.1135284468,27.172358680871103,11.0,4.0,0.0,1.0,0.0
78644.32095064914,1.0,81303.0439881389,30.96773290641491,11.0,4.0,0.0,0.0,0.0
227793.00590515046,1.0,75294.27796078032,50.239990821251716,11.0,2.0,1.0,1.0,1.0
17543.56360594595,1.0,69795.47985260845,50.69325687595519,10.0,3.0,1.0,0.0,0.0
167940.93738818067,1.0,114793.54703683476,54.50532507615671,18.0,2.0,1.0,0.0,1.0
175333.18247664638,1.0,117973.33994284325,34.69225177430675,14.0,3.0,1.0,1.0,1.0
117740.15649891316,1.0,59215.9617545467,63.5995210681781,13.0,1.0,1.0,0.0,1.0
194529.3958056504,1.0,134400.79278048934,48.39456575640706,13.0,2.0,0.0,0.0,1.0
271942.1908687883,1.0,149765.5949079776,41.2347774356732,13.0,5.0,0.0,0.0,1.0
192578.34263350067,1.0,78340.57281477719,55.43344640781546,12.0,2.0,1.0,1.0,1.0
74891.23971487636,0.0,50256.61494497268,37.2846691023874,16.0,2.0,1.0,1.0,0.0
205037.81069770118,1.0,108282.28544849205,29.317254453666052,12.0,4.0,1.0,0.0,0.0
73664.18482913391,1.0,47905.037451623044,60.639464587981664,12.0,4.0,0.0,0.0,1.0
69157.94203624614,0.0,45050.50521773497,62.97934348919583,10.0,1.0,0.0,0.0,1.0
187507.893028267,1.0,98621.64888942665,37.20880446187329,14.0,2.0,1.0,0.0,0.0
110579.18053274944,1.0,30546.75756385558,60.82225585844998,17.0,2.0,1.0,0.0,1.0
1258.1729301367486,0.0,23263.5419141376,55.642262333930425,12.0,1.0,1.0,0.0,0.0
-32547.530587027955,0.0,27988.44176271579,29.11106355221186,12.0,1.0,1.0,0.0,0.0
108311.19739301952,1.0,112814.42173670414,49.02869655985844,13.0,1.0,1.0,0.0,1.0
73646.13302206458,1.0,35548.10086910426,51.787313735973626,13.0,4.0,1.0,1.0,0.0
271834.36453764554,0.0,117995.23502718679,43.39793239740145,13.0,2.0,1.0,0.0,1.0
158109.80490285726,1.0,61829.23335436955,60.12337573206803,20.0,2.0,1.0,1.0,1.0
19501.4458898211,0.0,36972.12378870157,28.996988149970505,10.0,2.0,1.0,0.0,1.0
266146.45189852326,1.0,76792.20757140886,56.44880154139124,16.0,1.0,1.0,0.0,1.0
107437.2483819359,1.0,21933.6834858615,56.84582706560357,15.0,1.0,1.0,0.0,1.0
62240.953430331596,1.0,28166.96790283141,53.90388080605221,12.0,3.0,1.0,0.0,1.0
32185.595688222904,0.0,28840.631767631552,41.70080626677439,13.0,5.0,0.0,0.0,1.0
92355.6284830506,1.0,58613.47152080935,63.41961411992771,15.0,1.0,1.0,0.0,1.0
72837.63326184149,1.0,42469.884751921054,57.01490542051771,16.0,4.0,0.0,1.0,1.0
151753.51528808154,1.0,39955.143905085,39.32954923665874,15.0,2.0,1.0,0.0,1.0
160777.67083676672,1.0,68213.6822368397,45.63926312787437,17.0,1.0,0.0,0.0,1.0
73176.55126076727,1.0,84095.71469367656,53.61035495921748,11.0,3.0,0.0,1.0,0.0
65648.92664221975,1.0,42876.68520154691,56.415608096126164,12.0,6.0,1.0,1.0,1.0
94684.7476415092,0.0,70081.47594722096,36.57853981699686,13.0,1.0,1.0,1.0,0.0
293642.27547664836,1.0,182941.38742898701,35.95315497794046,18.0,2.0,1.0,1.0,1.0
1447.9249880730713,1.0,13405.51349872755,58.49768074214985,15.0,3.0,1.0,0.0,1.0
-31385.049861536743,0.0,18546.75943460781,29.863994401000724,11.0,3.0,0.0,1.0,1.0
40016.87160221624,1.0,41336.2246857618,29.41191053746233,15.0,1.0,1.0,0.0,0.0
164397.15084193047,1.0,124266.21013122263,33.15178062146859,13.0,3.0,1.0,0.0,1.0
-39828.171166788954,0.0,23889.28286815726,27.423665847619816,12.0,3.0,1.0,0.0,0.0
212789.5960006749,1.0,158346.1380863435,38.69292713287903,16.0,2.0,1.0,0.0,1.0
12502.821580228243,1.0,40045.39032740392,29.677208559694996,12.0,2.0,1.0,1.0,1.0
-5968.616730672715,0.0,30088.788185456837,34.25960500106898,13.0,2.0,1.0,0.0,1.0
23810.91585601757,1.0,35153.75232291282,43.498853104333605,13.0,6.0,1.0,0.0,1.0
239908.99768632452,1.0,118093.20777544793,42.636850978644276,13.0,3.0,1.0,1.0,0.0
54350.92779042336,1.0,48204.39487132844,36.123743564450756,13.0,2.0,1.0,0.0,1.0
301842.3902317352,1.0,198938.31498815477,47.172622825112,13.0,2.0,1.0,1.0,0.0
50312.698892995366,0.0,41308.78937488609,30.786092043640974,10.0,4.0,0.0,1.0,1.0
192696.01606711932,1.0,116178.31366689407,50.41380559717347,13.0,1.0,0.0,0.0,1.0
49729.628768490584,1.0,67497.8752127978,49.32266633973212,13.0,5.0,1.0,1.0,1.0
80323.52694350775,1.0,42145.09582469534,62.36968166089512,13.0,2.0,0.0,0.0,1.0
97068.05434945466,1.0,115214.53772658939,55.19260605589266,13.0,4.0,1.0,0.0,0.0
74458.62268938524,1.0,16561.02325937137,52.91173962284127,17.0,2.0,1.0,1.0,0.0
186660.4362518156,0.0,97901.27712204422,49.114785725039695,14.0,2.0,0.0,1.0,1.0
177260.3763028775,1.0,109018.41367944285,45.66597340804326,12.0,2.0,1.0,0.0,1.0
-42053.05072795886,0.0,19106.945330574956,45.67971006930815,12.0,1.0,1.0,0.0,1.0
118301.24175225524,0.0,75125.38705527288,35.41815582579375,14.0,3.0,1.0,0.0,0.0
337992.6709628409,1.0,163288.88304890582,38.52856171511581,14.0,1.0,0.0,0.0,1.0
200262.64966464462,1.0,200798.16497275178,36.710213008311854,13.0,3.0,1.0,0.0,1.0
119099.66197044979,1.0,42332.04090478918,30.377772834735175,14.0,4.0,1.0,0.0,1.0
266903.904894668,1.0,159152.80460705233,36.46724201639478,14.0,2.0,1.0,0.0,1.0
11356.397615513832,0.0,12644.745534122381,29.225735740105556,15.0,2.0,1.0,0.0,1.0
135898.53320839378,0.0,38774.53605240851,29.677221878627066,17.0,2.0,1.0,0.0,1.0
69622.65580931255,1.0,26585.87846680987,57.27996040489913,13.0,2.0,1.0,0.0,1.0
201370.94602673256,1.0,91715.60455789378,33.71028417856267,10.0,1.0,1.0,1.0,0.0
141879.23064473356,1.0,71665.91312455692,55.64572455311696,12.0,2.0,0.0,0.0,0.0
283617.6560737658,1.0,209985.10313549163,55.92617266387528,16.0,3.0,0.0,0.0,0.0
199132.43158495493,1.0,90044.33061948928,44.503006587357746,15.0,4.0,1.0,0.0,1.0
132856.29375466882,1.0,81234.77412755821,45.02768586193696,14.0,4.0,0.0,1.0,1.0
273839.8641504394,1.0,114169.45646101002,35.87742022673686,14.0,1.0,1.0,1.0,1.0
68999.68973769905,1.0,41426.21265431429,51.208390881832294,15.0,2.0,1.0,0.0,1.0
63529.30776859542,1.0,29726.938835776084,51.333442161065136,16.0,2.0,1.0,1.0,0.0
76030.20879835846,1.0,78946.64057543283,56.028326645769,15.0,2.0,1.0,0.0,1.0
46143.264494074276,1.0,20548.513529623837,45.13613273204333,12.0,2.0,1.0,0.0,0.0
145822.27871106108,1.0,72639.47662684869,45.994855483121455,13.0,2.0,1.0,0.0,1.0
39878.58581221016,0.0,62074.88983639931,34.19143621400279,14.0,1.0,1.0,0.0,1.0
155112.73770659236,1.0,67918.40185811326,39.92379878787872,15.0,3.0,0.0,1.0,0.0
80181.17852993403,1.0,86068.39861170047,32.335113256640234,14.0,5.0,1.0,1.0,1.0
78336.41438835516,1.0,37161.78446605461,41.57829486007236,12.0,3.0,0.0,1.0,0.0
45670.09833866782,0.0,32106.100375271424,30.84858254847927,11.0,2.0,0.0,0.0,0.0
101306.44669128513,0.0,45473.049436572015,27.460346330881656,20.0,1.0,1.0,0.0,1.0
3867.294839279639,1.0,53681.97571548752,35.91714759592485,13.0,1.0,1.0,0.0,1.0
163083.41361213906,1.0,65673.63970831559,32.11848045394923,18.0,1.0,1.0,0.0,1.0
61851.28902820965,1.0,42346.96243544454,33.34794516479043,12.0,2.0,1.0,0.0,1.0
134614.65757174918,1.0,103800.23884701345,30.592600766012872,16.0,2.0,1.0,0.0,1.0
4510.6536963654435,1.0,30557.270622411706,54.44303582210746,15.0,4.0,1.0,1.0,0.0
62790.29936930657,1.0,47547.187184974944,33.75429186943927,13.0,2.0,0.0,0.0,1.0
132407.2887355249,1.0,87968.46692863891,30.55582313626247,18.0,2.0,1.0,0.0,0.0
167680.72952032724,1.0,70156.80188511263,63.42560881646658,10.0,2.0,1.0,0.0,0.0
130185.82360798327,1.0,25947.39441491938,62.591337615585644,19.0,1.0,1.0,1.0,1.0
5655.572516027925,0.0,31191.457706808113,28.797413365917496,15.0,1.0,1.0,0.0,0.0
133561.4870050209,1.0,111536.02093935492,62.464114278997016,13.0,3.0,1.0,0.0,1.0
87995.01907984921,0.0,46577.480536204486,41.553384471518484,12.0,2.0,0.0,0.0,1.0
84792.99060505995,0.0,21264.142834121307,61.908391958204,12.0,2.0,1.0,0.0,1.0
6718.863110424674,1.0,41860.210557223356,49.648010080231884,13.0,2.0,1.0,0.0,1.0
-3319.0295978276263,0.0,39467.39797030068,29.87685969884047,14.0,5.0,1.0,0.0,1.0
101235.87561584642,1.0,25789.247541076285,50.820234978101965,13.0,3.0,1.0,1.0,1.0
107825.33253070668,1.0,32123.700415545016,30.447266614824166,13.0,3.0,1.0,0.0,1.0
46446.46196800921,1.0,38907.40006028233,48.96177400933975,18.0,3.0,1.0,0.0,1.0
106895.99115280024,0.0,49409.695768274294,59.58575955537564,13.0,1.0,0.0,0.0,0.0
87906.66250461926,1.0,44412.46825186825,60.55357974308361,12.0,1.0,1.0,0.0,1.0
274267.92521991534,1.0,205472.0779106375,47.40552646778859,14.0,3.0,0.0,1.0,1.0
179804.49958684223,1.0,95860.03574818824,50.422581589861124,16.0,2.0,1.0,0.0,1.0
39027.22493523179,1.0,28233.0962273659,60.3418036719921,14.0,1.0,1.0,0.0,1.0
81411.30627735557,0.0,43324.96567925011,37.23599431786738,14.0,3.0,0.0,1.0,1.0
290987.8510549726,0.0,143145.83684366057,59.363329560169895,12.0,2.0,0.0,0.0,0.0
146308.41182173335,1.0,62657.153058489945,35.83020203638974,16.0,1.0,0.0,1.0,0.0
209964.99418715376,1.0,64509.09192119489,52.07883775792179,15.0,3.0,1.0,0.0,1.0
234891.66698149045,1.0,73101.60689109373,30.193389250809844,20.0,3.0,0.0,1.0,1.0
89776.53160732542,0.0,36028.68449923819,56.44759026944028,12.0,2.0,1.0,0.0,0.0
102008.41740230369,0.0,48818.901143870506,47.42520759026158,18.0,1.0,0.0,0.0,0.0
55561.234177388906,1.0,77292.89494423263,60.31338045536914,12.0,2.0,1.0,0.0,0.0
97209.81052218706,1.0,33651.44127732321,53.11614811691618,15.0,2.0,1.0,1.0,1.0
105859.82079260425,1.0,74490.68264241202,37.407733245686444,15.0,1.0,0.0,1.0,1.0
119223.27107618877,1.0,56535.92039701678,37.83906254338018,13.0,4.0,1.0,0.0,1.0
84934.79919924555,0.0,41890.34187860837,51.38299930099727,13.0,2.0,0.0,0.0,1.0
163649.4521786036,1.0,117601.90654603127,44.07963270026,12.0,4.0,1.0,1.0,1.0
168832.11692919745,1.0,124692.98453060123,46.23367486406665,17.0,3.0,1.0,0.0,1.0
131911.40135383068,0.0,74006.3528062034,55.64692756660497,12.0,3.0,0.0,1.0,1.0
20505.800616941313,0.0,49837.51369696353,37.24120966217326,10.0,1.0,1.0,0.0,1.0
182004.5135859356,1.0,73573.84817335269,44.03365078864146,16.0,3.0,1.0,0.0,1.0
155368.5520784113,1.0,70076.97003389987,48.07760357252621,12.0,2.0,1.0,0.0,0.0
254527.82391034032,1.0,182354.21822024582,62.32795258508697,13.0,3.0,1.0,1.0,0.0
110427.24949212979,0.0,30914.06261967162,59.94317027552993,16.0,2.0,1.0,0.0,1.0
217627.92742803623,1.0,104391.77759499894,41.75687245867665,15.0,1.0,0.0,0.0,1.0
161420.0322205852,1.0,74179.7422522615,54.80506443218542,13.0,2.0,0.0,0.0,0.0
61571.36039704853,1.0,93670.79375444078,27.219183561233265,15.0,2.0,1.0,0.0,0.0
43378.56008186585,0.0,52004.99295210846,31.60448531099081,15.0,2.0,0.0,0.0,0.0
160505.04820896243,1.0,67449.8684377521,57.046114769573286,11.0,2.0,0.0,0.0,0.0
106781.99047789843,1.0,48132.777918035805,36.832008999710695,16.0,1.0,1.0,1.0,1.0
4921.449026355225,0.0,25569.042290261696,31.36108703674976,15.0,4.0,0.0,1.0,1.0
155433.1586784034,1.0,46356.7603956138,41.30108219629605,14.0,2.0,1.0,1.0,1.0
80113.95416872922,1.0,105437.7409561285,25.340391757906396,13.0,3.0,0.0,0.0,1.0
72005.138053445,1.0,62537.91359822768,60.129590900951044,11.0,1.0,1.0,0.0,1.0
125425.56498842042,1.0,82750.6997848362,62.093064951972266,15.0,2.0,0.0,1.0,1.0
109271.0293326483,1.0,23839.581984599998,59.15351492128914,14.0,3.0,0.0,0.0,0.0
172789.83775346517,1.0,156714.55707161484,28.875713918189014,12.0,6.0,1.0,1.0,1.0
-17077.81326919139,1.0,28682.260179399946,34.57253816325372,11.0,2.0,0.0,0.0,0.0
135952.25238425823,1.0,80803.71809612353,30.840170994551183,15.0,3.0,1.0,1.0,1.0
13465.187923889502,0.0,33862.10196060949,44.1208534497957,13.0,4.0,1.0,0.0,0.0
116634.60736556888,1.0,51882.84325121474,49.307976463275196,13.0,3.0,0.0,0.0,1.0
119250.65124683906,0.0,43525.29448651955,26.889960724926848,13.0,1.0,0.0,1.0,1.0
150372.8446361215,1.0,66719.91643597827,56.12209834513075,12.0,5.0,1.0,1.0,1.0
250321.7278619295,1.0,141217.9990089909,54.83970632344216,16.0,1.0,1.0,0.0,1.0
108727.2907307517,1.0,61548.10646176946,59.475390265565835,14.0,2.0,0.0,0.0,1.0
120163.98979418656,1.0,44517.38762341639,53.457857681625384,13.0,4.0,0.0,1.0,0.0
125059.25592410135,1.0,84930.74864423595,49.136580957203165,12.0,3.0,1.0,1.0,1.0
91984.31681205181,1.0,89655.9804239588,52.53202844292089,12.0,3.0,0.0,0.0,0.0
224187.1196481275,1.0,144935.07849201176,36.19873168210174,15.0,3.0,1.0,1.0,1.0
133665.2063178086,0.0,88182.41145214884,56.646301914452636,15.0,2.0,1.0,1.0,0.0
97598.2381895685,1.0,41879.593199093564,48.803608354406656,14.0,2.0,1.0,0.0,1.0
152631.07364107145,0.0,25225.069426980986,50.872449019103684,10.0,2.0,1.0,1.0,0.0
191184.84072930284,1.0,67094.50220651347,54.890425156145504,16.0,3.0,1.0,0.0,1.0
164033.8298704477,1.0,52042.10467809305,50.49647864449265,13.0,2.0,1.0,0.0,1.0
60908.871940044235,1.0,47375.95146150097,51.200170657849306,16.0,2.0,0.0,0.0,0.0
95579.05168620918,1.0,38012.56559995409,34.39035895859401,17.0,4.0,1.0,0.0,1.0
61251.09101777348,1.0,39835.902628031814,45.66088621976937,17.0,4.0,1.0,0.0,0.0
67177.60474765435,1.0,51214.456349001084,32.82790657787449,10.0,4.0,0.0,1.0,1.0
230561.29722611935,1.0,118784.19769211946,38.4253663864717,15.0,2.0,0.0,0.0,1.0
41607.66588706418,1.0,19971.120039866073,47.28639406454036,10.0,1.0,1.0,0.0,1.0
174976.8973730325,1.0,94122.0980561551,40.127632464185886,14.0,2.0,0.0,0.0,0.0
103830.72465932205,1.0,80838.25154179467,44.64531131204073,16.0,3.0,1.0,0.0,1.0
92382.74484961231,1.0,40177.87412878439,62.7046250787551,11.0,3.0,0.0,0.0,1.0
11634.203389856539,0.0,30047.297321578244,27.262755319608942,14.0,4.0,0.0,0.0,0.0
35821.03250266082,0.0,26689.574979878013,47.74811627715437,14.0,1.0,1.0,0.0,1.0
207327.8804286871,1.0,82485.19031138746,36.916075114598634,16.0,2.0,1.0,1.0,1.0
7316.902793396522,0.0,18348.07575450187,48.74842307510258,12.0,4.0,0.0,0.0,0.0
220585.52938593915,1.0,152991.887108365,48.94073365623703,14.0,2.0,0.0,0.0,0.0
86500.4988401469,1.0,37268.6852979586,42.76774808323865,14.0,1.0,0.0,1.0,1.0
-15127.536341058076,1.0,31162.452384669366,56.33465469634903,15.0,4.0,0.0,0.0,1.0
246432.09528702655,1.0,86469.17275222682,26.412076749618052,18.0,2.0,1.0,0.0,1.0
49096.00623362486,0.0,55799.801569280775,46.490308604430986,12.0,1.0,0.0,0.0,0.0
-8076.661871821503,0.0,43688.17937571775,42.95234036074232,11.0,2.0,1.0,0.0,0.0
111125.2046649072,1.0,84907.23622740373,29.59925613525758,15.0,3.0,1.0,1.0,1.0
120890.5861683674,1.0,59945.59281134897,43.97763314845357,14.0,4.0,0.0,1.0,1.0
205384.31750066156,0.0,51263.71892503768,47.574272200134565,17.0,3.0,1.0,0.0,1.0
45344.594109305865,0.0,36145.12574064808,35.103479164769944,11.0,1.0,1.0,0.0,1.0
250794.71184558445,1.0,189962.50408869688,51.927372887303804,10.0,3.0,1.0,1.0,1.0
110034.89543280032,1.0,35343.84797904141,35.56958504934614,15.0,4.0,1.0,1.0,0.0
63757.607462981236,0.0,79175.30452849675,25.86434941511848,11.0,2.0,0.0,0.0,1.0
146448.95989563566,1.0,109759.52348026117,62.665154332825935,15.0,1.0,0.0,0.0,1.0
207701.04722765204,1.0,102048.1928845763,36.21514660047517,12.0,1.0,0.0,1.0,1.0
127884.91667264089,1.0,116102.75521072037,34.734393092444705,13.0,2.0,0.0,0.0,0.0
-49584.84258801378,0.0,44395.065318630215,38.96366247245112,10.0,2.0,1.0,0.0,1.0
-15490.251706980023,1.0,23743.35024616528,29.95708278135109,14.0,3.0,0.0,0.0,0.0
114753.09151918266,0.0,71364.13005240097,44.96883377143778,16.0,3.0,0.0,1.0,0.0
163540.05751340627,1.0,85759.83347627748,46.36799927402981,14.0,4.0,1.0,0.0,1.0
253152.8421819301,1.0,130646.08602541094,51.84713815066834,16.0,3.0,0.0,0.0,0.0
168950.58444140686,1.0,113098.3505314377,55.541355010895835,11.0,3.0,1.0,0.0,0.0
259621.7900883513,1.0,148395.17073425517,61.12017621416973,13.0,1.0,1.0,0.0,0.0
39846.58591889058,1.0,56877.81905505767,44.907591692411955,13.0,1.0,0.0,0.0,0.0
78826.58508920114,1.0,31086.79161692909,51.98745708233844,14.0,2.0,1.0,0.0,1.0
138011.87811501074,0.0,43037.29152014615,57.14580076007852,13.0,2.0,0.0,1.0,1.0
-10507.559577295688,1.0,40143.21833184643,53.60372858687783,15.0,4.0,1.0,0.0,0.0
135805.26104661866,0.0,77328.8245978339,27.395096120606127,17.0,4.0,1.0,0.0,1.0
31880.394285477796,1.0,39998.55088858307,30.724800334502916,14.0,3.0,1.0,0.0,0.0
304570.36133095017,1.0,157422.74331524363,45.47999263250034,15.0,5.0,1.0,1.0,0.0
58341.188145461325,1.0,78041.07757422491,43.005751057289565,13.0,4.0,0.0,0.0,0.0
129919.71616585004,1.0,62734.80529914878,56.11300903664578,15.0,3.0,0.0,0.0,1.0
273229.6538573706,1.0,156213.63247925494,56.61169694223297,12.0,1.0,1.0,0.0,0.0
158095.99343323702,1.0,77080.89876671259,59.204259494911014,15.0,4.0,1.0,1.0,0.0
129402.38729571493,1.0,73648.21734037882,44.40661623586368,14.0,1.0,1.0,1.0,1.0
78314.30124642473,1.0,63112.7892350699,53.47052502827571,10.0,2.0,1.0,0.0,0.0
104699.8440252142,0.0,57200.403639018834,37.72852615284602,13.0,3.0,1.0,0.0,0.0
186888.81742133346,1.0,111844.31795903348,52.95253404191817,15.0,3.0,1.0,0.0,1.0
80872.28716335353,1.0,56450.44022628521,37.150924115762436,15.0,1.0,0.0,0.0,1.0
25295.00643381131,0.0,43285.60981460225,26.198847106935485,14.0,4.0,1.0,0.0,1.0
31276.374988195254,1.0,49210.3820309438,39.4613431263422,17.0,2.0,0.0,1.0,1.0
278412.7725592792,1.0,134262.27268843172,53.15533575759835,12.0,3.0,1.0,1.0,1.0
152677.65857894544,1.0,73996.15613513734,47.729015313449764,19.0,3.0,0.0,1.0,1.0
190732.05098896648,0.0,91744.75764708969,43.89609105183604,16.0,2.0,0.0,0.0,1.0
50814.33089602698,0.0,29435.86648059288,33.53323995047918,11.0,2.0,0.0,0.0,0.0
104096.00072121457,1.0,57308.038499054965,57.63305925758848,11.0,3.0,1.0,1.0,0.0
51993.572689791414,0.0,44087.02616071448,35.09472179575274,14.0,4.0,1.0,1.0,1.0
237627.25356624968,1.0,160716.04290291443,25.495716738084802,13.0,2.0,1.0,1.0,0.0
117206.72467662558,1.0,64692.01895386672,35.565080950239995,13.0,2.0,1.0,1.0,1.0
171592.1650456795,1.0,96951.22448553861,60.39834091613533,18.0,1.0,1.0,1.0,1.0
267631.9678317296,1.0,181958.65346097352,56.651194180140905,14.0,3.0,1.0,1.0,1.0
100846.02722895864,1.0,49311.324997142445,27.860803859753727,12.0,2.0,1.0,0.0,1.0
7001.231045871802,0.0,15755.014909998044,31.222410044046732,13.0,5.0,1.0,0.0,1.0
358352.6644110194,1.0,242074.5758341909,60.9675653324365,13.0,2.0,0.0,0.0,0.0
145409.19822148065,1.0,74908.44323882343,40.448632860886235,12.0,2.0,1.0,0.0,1.0
124188.92749379326,1.0,66832.69377668056,45.0206972684169,13.0,4.0,1.0,1.0,1.0
95091.75404889813,1.0,53064.6852711685,47.903435915052384,16.0,1.0,1.0,0.0,1.0
135158.98383392644,1.0,34377.69530710554,59.52769071168185,11.0,1.0,1.0,0.0,1.0
169136.9933598033,1.0,93414.99563426829,52.32600304608194,15.0,1.0,0.0,1.0,0.0
123719.33812021554,1.0,69008.83494646283,31.479853954935074,14.0,3.0,0.0,0.0,1.0
74395.14301774983,1.0,39137.201232310996,38.12212852387093,15.0,2.0,0.0,0.0,0.0
91030.76752435815,1.0,42810.526139322115,58.1920166556441,11.0,4.0,1.0,0.0,1.0
68088.96479229952,1.0,80785.59337702532,41.85742805249106,13.0,2.0,1.0,0.0,0.0
83177.88169442529,1.0,58156.09619493958,47.41840020667084,12.0,3.0,1.0,0.0,1.0
88390.59031588872,1.0,32503.357308264156,62.94983139275108,13.0,2.0,1.0,1.0,1.0
308742.26633805275,1.0,185950.3655619931,44.652549096073955,13.0,1.0,0.0,0.0,1.0
135861.2004778508,1.0,41425.152707118476,25.066136011711933,14.0,6.0,1.0,1.0,1.0
157880.6221727872,1.0,61129.64404617802,42.34322077132616,18.0,3.0,0.0,0.0,1.0
92489.81448528137,1.0,45804.64349036728,37.471840521146056,14.0,3.0,1.0,0.0,0.0
93678.37649185133,1.0,33513.06958816729,53.32223317523111,13.0,2.0,1.0,0.0,0.0
60513.114527494574,1.0,25024.30494359603,25.323825605876124,16.0,3.0,0.0,0.0,0.0
104337.45799663846,1.0,81831.39653208629,39.87159333015397,10.0,3.0,1.0,1.0,1.0
204194.54063950165,0.0,98162.2998648415,61.89950690132596,14.0,2.0,0.0,0.0,0.0
84628.80900686487,1.0,36346.13029133368,32.89092868442332,13.0,2.0,1.0,0.0,0.0
9132.5223170438,0.0,31797.718895709277,45.43724047991127,10.0,3.0,1.0,1.0,0.0
136894.61658524539,1.0,78994.35943045086,59.280353638526854,15.0,4.0,0.0,0.0,1.0
100760.31736683764,1.0,54518.89721927849,29.7765587570777,19.0,3.0,1.0,0.0,1.0
118354.16603349891,1.0,110565.60068842453,41.77762844776479,16.0,3.0,1.0,0.0,0.0
166536.39578957646,1.0,86280.01190826068,35.719301042544394,15.0,4.0,0.0,1.0,0.0
81048.27675539991,1.0,59650.81503200233,41.64700395892024,12.0,3.0,0.0,1.0,0.0
159294.42038066292,1.0,60489.07495203816,57.86374701439223,12.0,2.0,1.0,0.0,0.0
72642.1692972728,1.0,45659.79344241506,32.91826125827856,15.0,4.0,0.0,0.0,1.0
101962.60162852178,1.0,41018.73555582359,49.6910183103815,13.0,2.0,1.0,1.0,1.0
220031.84197455936,1.0,60188.661853972284,50.22029894122991,12.0,1.0,1.0,1.0,1.0
69912.30396519203,1.0,66457.054680287,42.35643533563211,17.0,3.0,1.0,1.0,0.0
86264.0503816051,1.0,55201.125047232,30.21862587125826,11.0,3.0,1.0,0.0,1.0
76485.39546898328,1.0,45768.031682908295,41.12170663748656,11.0,3.0,0.0,1.0,1.0
110866.80198975356,1.0,71075.78653886932,53.344299894614124,12.0,1.0,1.0,0.0,0.0
36469.54869322381,1.0,66842.2322507246,55.72379000668087,14.0,3.0,0.0,0.0,0.0
148581.57679551968,1.0,61767.619810720345,31.18385953233848,15.0,3.0,1.0,1.0,0.0
187305.45577723286,1.0,74887.07720391953,52.562628272095,15.0,3.0,0.0,0.0,1.0
574876.3507129601,1.0,400000.0,39.19794787365849,13.0,2.0,1.0,0.0,1.0
219927.1607557273,1.0,136746.28912502088,47.72590129043698,18.0,3.0,1.0,1.0,0.0
194922.97822115073,1.0,105271.27812356173,26.372114225871524,17.0,2.0,1.0,0.0,0.0
98495.81660322056,1.0,55399.47006057361,31.298217236886174,12.0,1.0,1.0,0.0,1.0
124101.39564477676,1.0,93258.13542292951,41.70073747819352,10.0,2.0,1.0,1.0,0.0
94611.69511654772,1.0,77139.67978276682,27.966615122935448,13.0,1.0,0.0,0.0,1.0
233305.668798831,1.0,106747.868895394,31.45110268312236,13.0,1.0,1.0,0.0,0.0
104511.02781065466,1.0,91952.57204437997,59.15673236662689,13.0,4.0,1.0,1.0,0.0
260383.2261648892,1.0,127216.57745188563,52.12209514113232,13.0,1.0,0.0,0.0,0.0
127075.49811024358,1.0,62415.62627320334,36.106323501153085,12.0,3.0,0.0,0.0,1.0
64450.55314037886,1.0,36923.906271947155,28.919217356686953,13.0,2.0,1.0,0.0,0.0
18434.471549862406,0.0,44285.04448693453,25.573875542467075,10.0,3.0,0.0,0.0,1.0
211952.95302845974,1.0,132645.45881777065,54.71251253186563,12.0,3.0,0.0,0.0,0.0
158693.53400179886,1.0,70658.94610664497,29.751432071945136,13.0,1.0,0.0,1.0,1.0
66404.00071016874,1.0,38126.17613747172,56.08938559230868,12.0,2.0,1.0,0.0,1.0
173393.85609633802,1.0,107654.51249829799,37.19978241734189,14.0,3.0,1.0,1.0,1.0
67251.91795990629,1.0,25453.657060490736,32.97594022438861,14.0,3.0,1.0,1.0,1.0
-49184.05577617175,0.0,28048.35602267745,38.98756510606498,13.0,2.0,1.0,0.0,1.0
-58236.77697990951,0.0,18841.07411816598,50.58120179565054,11.0,2.0,1.0,1.0,0.0
76021.07824830756,1.0,37775.271448618805,55.085740677783164,13.0,4.0,1.0,0.0,1.0
105577.93183482473,1.0,84463.64512592043,60.13568609670766,15.0,3.0,1.0,0.0,1.0
87429.9163797024,1.0,29916.372008260147,57.297905068448536,11.0,5.0,1.0,1.0,0.0
67549.7552263886,0.0,55684.765177345274,42.423535202975216,19.0,2.0,0.0,1.0,0.0
144903.23577748786,0.0,66768.55704587924,61.10566347476772,13.0,2.0,1.0,0.0,1.0
263499.695016613,1.0,133681.91434528053,38.43560124269146,18.0,2.0,1.0,0.0,1.0
27630.230541844347,0.0,40767.18521443896,26.175077375314835,12.0,1.0,1.0,0.0,1.0
57036.3785631721,1.0,50644.00127355604,29.77855179914541,13.0,2.0,1.0,1.0,1.0
349128.3641463565,1.0,183009.29589040185,61.043724371989015,13.0,2.0,1.0,1.0,0.0
152451.17054078804,1.0,105670.74547004374,35.75494463419514,11.0,2.0,0.0,1.0,0.0
129748.6767341696,1.0,56334.766428929805,49.34211429380258,13.0,2.0,1.0,1.0,1.0
111793.04731789822,0.0,49995.03213173168,59.06906559203463,15.0,4.0,0.0,0.0,1.0
95408.07971285927,1.0,67995.913176138,54.87031410910323,18.0,1.0,0.0,0.0,0.0
28154.208981537973,1.0,40987.49921650745,34.06491457722677,11.0,2.0,1.0,1.0,0.0
87170.76394475528,1.0,83208.02980114367,45.88937783210273,14.0,4.0,1.0,0.0,1.0
108454.88707631521,1.0,61798.0734221026,56.68468729181742,17.0,1.0,0.0,1.0,0.0
113927.20621893773,1.0,53439.114904736474,47.713097816743314,19.0,2.0,1.0,1.0,0.0
97964.40143659401,1.0,58402.32488436995,62.3451371306218,10.0,4.0,1.0,0.0,1.0
107432.11048516774,1.0,25008.931625573892,54.89764792784345,15.0,5.0,1.0,1.0,0.0
119868.50734873183,1.0,41672.87004338896,53.923154995949034,16.0,3.0,1.0,1.0,1.0
97162.81776049614,1.0,86501.32405662473,30.36394642290837,15.0,4.0,1.0,1.0,1.0
79936.66457230908,1.0,73489.78714921289,53.95097934086176,13.0,4.0,0.0,1.0,1.0
74069.14146559624,0.0,23667.262742994244,40.11224432093406,10.0,2.0,0.0,0.0,0.0
55236.17470892068,0.0,46810.026078765855,50.259661441832996,12.0,5.0,0.0,0.0,1.0
108918.54248647111,1.0,40989.69630868166,58.3464039081084,18.0,1.0,1.0,1.0,0.0
121354.41977734704,1.0,79428.6773270842,51.177488791846685,19.0,2.0,0.0,0.0,1.0
110589.85027351725,1.0,79776.21836638356,52.00504900775111,15.0,6.0,0.0,0.0,1.0
48730.02420515998,0.0,54520.09929136797,58.88313321355045,12.0,4.0,1.0,0.0,1.0
160769.83084637427,1.0,86004.83216750147,52.735045082668606,15.0,3.0,0.0,0.0,1.0
162323.9622821217,1.0,69861.95747332582,58.6909702628482,12.0,2.0,1.0,0.0,1.0
169060.66562809824,1.0,90094.09732077271,61.552690973734535,10.0,1.0,1.0,1.0,1.0
138357.4616635666,1.0,48039.0322564291,61.738345401388294,12.0,3.0,0.0,1.0,1.0
84589.02297924166,1.0,50487.58299276539,35.552939313329524,15.0,3.0,1.0,0.0,0.0
24374.471079379437,0.0,81566.0906782003,34.18264858096511,15.0,2.0,0.0,0.0,1.0
-4071.646442731442,1.0,23229.874085920077,40.003190641655756,15.0,3.0,1.0,0.0,0.0
139398.9013974422,1.0,50346.029140044826,54.755140050950345,14.0,2.0,1.0,0.0,1.0
45843.444102841975,0.0,52471.52530962626,25.35455124138217,15.0,4.0,1.0,0.0,0.0
101185.4849577212,1.0,72454.6745680494,31.531129152158535,16.0,2.0,0.0,0.0,1.0
151137.46429150517,0.0,66241.58277901572,55.281539891141044,13.0,4.0,1.0,0.0,0.0
53609.47201104157,1.0,39472.904255243026,27.945873723739517,14.0,3.0,1.0,1.0,0.0
83087.9499595214,1.0,93727.99388189227,47.78050338121459,12.0,4.0,1.0,0.0,1.0
186261.53904939233,1.0,139178.66220366198,30.82684727637169,12.0,1.0,0.0,0.0,1.0
97508.71399657243,1.0,28922.631240015442,44.335918322291874,16.0,2.0,1.0,0.0,0.0
139285.55233880907,1.0,41553.2376962652,52.08382342667935,16.0,3.0,1.0,1.0,0.0
60633.73737522699,1.0,39249.621282654,46.1492293117814,13.0,3.0,1.0,1.0,1.0
113327.97242158114,0.0,35700.5815266492,41.08787657061767,13.0,4.0,0.0,0.0,1.0
104370.23780191244,0.0,68087.4462505274,63.17255054918415,15.0,1.0,0.0,0.0,1.0
71399.8648462386,1.0,32232.815526201663,54.78390671337817,13.0,4.0,1.0,0.0,1.0
145704.65132560136,1.0,93801.04881906928,52.92334980940754,12.0,6.0,1.0,1.0,0.0
118397.75279518626,1.0,84956.52085028404,38.2930726927451,11.0,2.0,0.0,0.0,0.0
147560.3523436382,1.0,98257.00825588305,51.70579597229508,16.0,2.0,0.0,0.0,1.0
285349.34704095544,1.0,209237.67913442355,25.7020325483529,15.0,1.0,1.0,1.0,0.0
45874.023583705195,1.0,25145.59095747911,62.552235458264526,13.0,1.0,1.0,1.0,1.0
128435.68919479245,1.0,59909.37263044139,50.43811738702249,13.0,4.0,1.0,0.0,1.0
-45434.99000331963,0.0,27126.925725165438,29.34730288338561,15.0,4.0,0.0,1.0,0.0
35800.44274405297,1.0,22469.510424199427,62.05773154474553,16.0,3.0,0.0,1.0,1.0
136874.7895488877,1.0,92986.9760622269,63.90872409208002,18.0,2.0,1.0,0.0,1.0
85441.02676382636,1.0,86004.67982570703,54.0423811675432,12.0,2.0,1.0,0.0,0.0
10978.35647064328,1.0,36962.218937165046,63.51028554486203,13.0,5.0,0.0,1.0,0.0
-61847.315448685986,1.0,15704.239851919197,62.705850561860494,14.0,4.0,0.0,0.0,0.0
134790.42327330832,1.0,85953.3969492104,57.69711380379058,15.0,2.0,1.0,1.0,1.0
119743.42967535886,0.0,70188.71527255296,30.79417344176379,16.0,2.0,1.0,0.0,1.0
104199.07425883946,0.0,54802.593633880126,40.62232957392722,12.0,3.0,1.0,1.0,1.0
134950.69534154714,1.0,43465.32348545921,54.45300923119789,18.0,2.0,1.0,1.0,0.0
48362.24398233347,1.0,28363.668934622627,55.464593135018355,15.0,5.0,0.0,0.0,0.0
151579.69526547752,1.0,69453.04160210965,35.5423769260988,16.0,1.0,1.0,1.0,1.0
164740.29459891905,1.0,68469.97054933831,30.608546358084126,11.0,1.0,1.0,0.0,1.0
136442.311442463,0.0,84938.80191790104,54.766684005403064,10.0,4.0,0.0,0.0,1.0
70813.63206330927,1.0,42754.49179375821,55.554143799231795,13.0,1.0,1.0,0.0,1.0
135779.30505848114,1.0,141415.60883667413,40.25512333810905,13.0,1.0,0.0,0.0,1.0
198747.59203387718,1.0,123482.0100219305,27.984516733229185,14.0,3.0,0.0,0.0,0.0
165838.52859404346,1.0,85917.13164724188,33.284100930250595,17.0,1.0,0.0,0.0,0.0
40037.79853516215,1.0,30932.021365925426,46.959669593062316,15.0,2.0,0.0,1.0,1.0
94844.51415249016,1.0,25345.2900424905,30.49562874613858,14.0,2.0,1.0,0.0,1.0
112537.4607427725,1.0,69203.93420585201,62.12495161833427,15.0,3.0,1.0,0.0,0.0
1040.1164004949023,0.0,37129.76921638809,36.46027232442133,13.0,2.0,0.0,1.0,1.0
402203.5993518573,1.0,319977.57305868645,56.475101886406975,16.0,4.0,0.0,0.0,0.0
332828.5376131043,1.0,226921.26419855194,52.50470103415469,13.0,1.0,0.0,1.0,0.0
154523.82867278182,1.0,65043.56220502244,62.170502596562386,12.0,4.0,1.0,0.0,1.0
105796.76718585631,0.0,73581.6740603769,47.19911623134476,11.0,3.0,1.0,0.0,0.0
268295.21533563983,1.0,129510.11429802651,50.88682375940553,13.0,3.0,1.0,1.0,1.0
206537.49641176072,1.0,79170.47382420553,40.65046237694174,17.0,3.0,1.0,0.0,1.0
156960.2012917714,1.0,110823.78045129577,45.25484039559787,11.0,3.0,1.0,1.0,0.0
97620.17364117273,1.0,57441.73683067501,37.75563159607695,14.0,1.0,1.0,0.0,0.0
153299.16037786097,1.0,59533.44176845847,40.342858886015875,17.0,2.0,0.0,0.0,1.0
91596.18564193964,0.0,86521.84730366904,42.79088828264952,16.0,3.0,0.0,0.0,1.0
14979.467201041833,1.0,25112.369381409495,39.56030018341141,14.0,1.0,1.0,0.0,0.0
95709.48517800283,0.0,67991.81873955516,61.99815853839232,12.0,2.0,1.0,0.0,0.0
111686.94418629444,1.0,38551.41535257911,47.78815492463387,12.0,1.0,1.0,1.0,0.0
344852.1480151322,1.0,213286.21202457984,29.815665734200376,14.0,6.0,1.0,0.0,1.0
146506.9193407873,0.0,96034.59735187689,31.669453767735604,12.0,5.0,1.0,0.0,0.0
129148.70941053052,1.0,44509.63723647294,54.86641141721183,13.0,2.0,0.0,1.0,1.0
114129.24072135286,1.0,48673.893552010144,26.454690810383767,15.0,4.0,1.0,0.0,1.0
87909.43769931441,1.0,70678.75242516969,43.96706191726575,14.0,3.0,1.0,0.0,1.0
-3373.007124748081,1.0,47384.96619641288,56.186752029376294,10.0,4.0,1.0,1.0,0.0
91399.1053906957,0.0,42109.03524307449,38.661842108602144,11.0,4.0,1.0,0.0,1.0
84878.74602447223,1.0,49858.40443644578,25.313335718977097,18.0,2.0,0.0,0.0,0.0
62360.86142012903,1.0,68404.0390227528,33.64371990246519,18.0,3.0,1.0,0.0,1.0
243324.34059759413,1.0,210617.8660934825,28.19920290410998,13.0,4.0,1.0,1.0,1.0
290858.6184144004,1.0,146052.7246094291,36.38336989459347,13.0,2.0,1.0,0.0,0.0
27210.579307369095,0.0,17112.582320070705,54.3710896099128,15.0,4.0,1.0,0.0,1.0
40043.696105108786,0.0,32998.34623356347,54.38582700288164,14.0,2.0,1.0,0.0,1.0
114381.80926098047,1.0,75792.35882829221,26.57970957543369,14.0,1.0,1.0,0.0,1.0
45257.30571362797,1.0,38153.85781779874,53.543864577222756,11.0,2.0,1.0,0.0,0.0
220474.21867634944,1.0,135388.7790188675,31.67434551921112,19.0,3.0,1.0,1.0,0.0
37214.20852875597,0.0,45903.71659373898,39.47241689713523,15.0,3.0,1.0,0.0,1.0
107982.93544583058,1.0,50819.20432064214,40.365976401712395,16.0,2.0,1.0,0.0,0.0
48547.02944175115,1.0,24611.656917674733,45.17703330552911,14.0,3.0,0.0,1.0,1.0
84720.7261270907,1.0,42782.00459484709,62.09342185603031,12.0,1.0,0.0,0.0,0.0
37182.073562215985,1.0,50157.455321420006,31.7238229245621,12.0,1.0,1.0,0.0,0.0
124862.50262282226,1.0,48338.45653207777,56.3697471460699,15.0,4.0,0.0,0.0,1.0
216006.63504172434,1.0,124805.88764193234,32.62614931696065,12.0,4.0,1.0,0.0,1.0
149461.94629976834,1.0,53112.1515432853,63.615574327654315,15.0,3.0,0.0,0.0,1.0
150180.88918332072,1.0,68662.83897952901,55.09212650283132,17.0,2.0,1.0,0.0,1.0
67898.14048652306,1.0,68177.03809342242,43.30981729327742,13.0,2.0,0.0,0.0,1.0
317927.1072038376,1.0,200873.8269319896,36.44821851543984,14.0,2.0,1.0,0.0,1.0
231187.1554557382,1.0,85410.80955907285,53.32091229872103,13.0,1.0,1.0,1.0,1.0
72028.31466547707,1.0,42517.25326008369,61.9942237255433,14.0,2.0,1.0,0.0,0.0
140836.52459087607,0.0,74304.64542370364,39.237191936750634,11.0,1.0,1.0,0.0,1.0
16897.485342500404,0.0,48863.93026252499,54.3678249812242,12.0,6.0,0.0,0.0,0.0
120961.21019903068,1.0,45805.4947646206,51.59232144791245,15.0,3.0,1.0,0.0,1.0
73029.25745083357,0.0,29667.82175278552,42.273529348298474,17.0,2.0,0.0,0.0,1.0
42723.54981543064,1.0,30995.549218930482,56.92937790035729,15.0,3.0,0.0,0.0,1.0
55557.50368428252,0.0,59736.151134468775,25.347251399404843,14.0,1.0,1.0,1.0,0.0
104343.72226327054,1.0,51089.06930574749,57.467141353132014,14.0,5.0,0.0,1.0,1.0
148266.22714037867,1.0,43212.68472421987,46.957300049073794,12.0,2.0,1.0,0.0,1.0
77619.25175248057,1.0,38333.588925698765,39.9016579431756,12.0,5.0,1.0,1.0,1.0
181263.52303198163,1.0,71191.71063374047,35.213246962321456,16.0,1.0,1.0,1.0,1.0
194396.26172490668,1.0,68653.3943821328,34.68081656045832,13.0,1.0,1.0,0.0,1.0
11784.071835039475,1.0,54059.17931681006,44.39126472327762,13.0,4.0,1.0,1.0,1.0
143637.0678099306,0.0,59624.29542348283,47.48859461954248,13.0,2.0,0.0,0.0,1.0
-10077.822345803492,0.0,30222.693660494457,30.340581070613975,15.0,1.0,0.0,0.0,1.0
193367.82926035515,1.0,49784.515202487106,52.42734415122008,15.0,1.0,1.0,0.0,1.0
20857.96776509675,0.0,63499.026955965084,30.2755517883632,14.0,3.0,0.0,0.0,1.0
77994.21065782863,1.0,33870.900758510295,28.227867731265242,13.0,4.0,1.0,1.0,1.0
164023.82968078126,1.0,92605.87205727804,63.94765797923505,14.0,2.0,1.0,1.0,0.0
161982.472608033,1.0,48343.6495917579,63.074567595098664,11.0,1.0,1.0,0.0,1.0
128891.89021946778,1.0,61736.276607018095,30.725807459773815,12.0,4.0,0.0,0.0,1.0
126050.27450373798,1.0,47157.70459350124,43.38220724839106,12.0,1.0,1.0,0.0,0.0
44719.59061398139,0.0,16633.75003230065,40.17221223984291,13.0,5.0,1.0,0.0,1.0
85750.54872774932,1.0,29515.668646762984,56.13996253654287,11.0,1.0,0.0,0.0,0.0
156326.57086749628,1.0,100807.13736340322,33.67414558988506,13.0,2.0,1.0,0.0,1.0
59191.43007085727,1.0,20952.432841718048,53.33270583567692,16.0,1.0,1.0,0.0,1.0
58798.56841730905,1.0,55074.73783519352,50.60887699977859,12.0,1.0,1.0,1.0,1.0
76057.40138492253,0.0,68701.26533204735,25.85169968015815,19.0,4.0,0.0,0.0,0.0
5775.490090027657,0.0,29182.646787411897,36.608552075545994,10.0,3.0,0.0,1.0,0.0
175471.88343596604,1.0,90394.03158167587,62.459551126879404,14.0,1.0,1.0,0.0,1.0
133018.36525408027,1.0,52751.008968554415,42.88083071133926,15.0,2.0,1.0,0.0,0.0
51883.20210620854,1.0,66785.86786186678,44.41449572518397,10.0,5.0,1.0,0.0,1.0
96972.71956775045,1.0,29288.164691226095,45.835581223643246,17.0,3.0,1.0,1.0,1.0
78550.73530218439,1.0,58491.11995052143,29.294219854443035,15.0,2.0,0.0,0.0,0.0
-5889.925370696525,1.0,14595.193024410662,63.70676153531829,13.0,1.0,0.0,0.0,1.0
65009.27829553246,1.0,45465.2431335386,59.317772382750704,11.0,3.0,1.0,0.0,0.0
78826.79290399114,1.0,47385.66572193714,35.980622006010165,13.0,1.0,1.0,1.0,0.0
43640.03192006199,0.0,54253.59698495315,49.679070548136174,10.0,2.0,0.0,0.0,1.0
199746.09846816552,1.0,81566.53985519263,43.374456561464484,13.0,3.0,0.0,0.0,1.0
38306.17550481341,1.0,46241.1071053654,26.152669639615493,13.0,3.0,1.0,1.0,0.0
188142.38129540533,1.0,174346.44249957017,48.90499028452207,14.0,6.0,0.0,1.0,0.0
102155.28868544061,1.0,87822.75451330359,42.95581166109427,15.0,2.0,0.0,0.0,0.0
93778.37569127203,1.0,79387.80481805587,49.890194117151566,10.0,2.0,1.0,0.0,0.0
3547.9804148606418,1.0,41855.522267488224,40.37638460178509,14.0,2.0,0.0,1.0,0.0
78968.1182665299,0.0,20373.49746977945,27.583556268494373,16.0,3.0,1.0,0.0,1.0
127998.15794540582,1.0,71328.21517060105,45.04473172165361,10.0,1.0,1.0,1.0,1.0
7942.1556509177535,0.0,41161.45135874186,50.394325414564484,15.0,6.0,1.0,1.0,0.0
213566.95208429487,1.0,99298.79753543226,57.78737759048495,15.0,3.0,0.0,0.0,1.0
75461.79319734586,1.0,35590.990189798875,38.24893066350114,12.0,2.0,1.0,0.0,0.0
168301.1081744241,1.0,55456.79547411097,44.825655440888085,17.0,1.0,0.0,1.0,1.0
99092.97941255203,0.0,32717.461965524493,35.86363869146473,16.0,1.0,1.0,0.0,1.0
329645.4561605791,1.0,196373.3324410417,44.09573488087045,17.0,2.0,1.0,0.0,0.0
21611.698325185112,0.0,34146.58944796326,30.139157886314244,16.0,1.0,1.0,0.0,0.0
60658.2963863864,1.0,64009.420689233906,61.38669181323492,17.0,3.0,1.0,0.0,0.0
228322.90759878128,1.0,166595.4901553898,35.83059781483093,12.0,5.0,1.0,1.0,1.0
177311.82171764452,0.0,94506.30595630068,29.387195788935514,15.0,2.0,0.0,1.0,1.0
-2633.1205249097693,0.0,26147.822962759597,53.5656214615043,14.0,3.0,1.0,0.0,1.0
45206.23295966377,1.0,15157.267396577678,49.366423160006875,12.0,2.0,0.0,0.0,1.0
208070.4672703916,1.0,88038.21341381513,52.159936261612316,13.0,4.0,0.0,1.0,1.0
112413.80986614825,1.0,32294.32302210519,56.95915205822007,12.0,3.0,1.0,1.0,1.0
157411.70678160718,1.0,43337.43316354476,63.04400560427927,16.0,1.0,1.0,0.0,1.0
122259.98927629448,0.0,64279.96617663025,42.014357240251826,15.0,2.0,1.0,1.0,1.0
78658.35376248462,1.0,57805.408042081246,40.50168259152501,10.0,2.0,0.0,0.0,0.0
123994.5391837504,1.0,105195.1007690296,47.56866688727462,11.0,1.0,0.0,1.0,0.0
118601.78111960826,1.0,27939.277036480078,47.68601931866198,13.0,2.0,1.0,1.0,0.0
84984.525353689,1.0,65075.68053195666,61.43183663199704,13.0,2.0,1.0,0.0,1.0
198627.6630232394,1.0,92454.24562689062,40.50347651838473,16.0,3.0,0.0,0.0,1.0
83754.67130421841,1.0,112412.0794598782,60.00115423639982,11.0,2.0,1.0,0.0,1.0
166777.21746040136,1.0,127434.28732305409,43.94507828554896,10.0,1.0,0.0,1.0,1.0
158866.78096030286,1.0,66351.6177887834,36.59087269292117,13.0,1.0,1.0,0.0,1.0
47024.577591523994,1.0,31445.098906704658,47.56388106489911,15.0,3.0,1.0,0.0,0.0
71671.17023649962,0.0,41461.017128806576,46.761406217301726,14.0,2.0,0.0,0.0,1.0
80954.84713359311,0.0,79024.54285306357,33.61066206553833,13.0,1.0,0.0,1.0,1.0
190513.36414871848,1.0,94428.30767851458,44.31584469240113,12.0,2.0,0.0,0.0,1.0
84139.47138774986,0.0,18093.96084220274,46.543495670635494,11.0,2.0,1.0,0.0,1.0
45460.01753318182,1.0,63277.24026634814,36.976604260696426,17.0,1.0,1.0,0.0,1.0
15145.348271558301,0.0,34014.86616642549,52.82902336708253,12.0,1.0,0.0,1.0,0.0
74646.01454772447,1.0,95590.15441207726,25.528091124687894,19.0,2.0,1.0,0.0,0.0
98155.18855662341,0.0,36300.50866212757,30.387534544125078,14.0,1.0,0.0,0.0,1.0
93364.14522262293,1.0,100390.50527934094,58.39032371489433,16.0,3.0,1.0,0.0,1.0
220373.48636214618,1.0,97360.55293234154,54.256679403159545,15.0,2.0,0.0,1.0,0.0
61946.06717642088,1.0,30786.640970005392,62.283139188087326,17.0,1.0,0.0,0.0,1.0
157782.6490612638,1.0,63079.818546637,58.675946202278084,13.0,1.0,0.0,0.0,1.0
54520.26929418134,1.0,41501.04107415506,56.070181761844836,14.0,5.0,0.0,0.0,0.0
125307.03415087047,1.0,31638.050346654778,54.5056534858773,13.0,1.0,1.0,1.0,0.0
179313.72845056,1.0,128796.92460040744,30.729073011755023,12.0,5.0,0.0,0.0,0.0
125639.19181402099,1.0,86781.97065475577,26.44793154444687,11.0,2.0,0.0,0.0,0.0
199125.0745142427,1.0,148935.322155977,26.1992378379057,15.0,2.0,1.0,0.0,1.0
-19452.639844108366,1.0,42380.53952113783,41.350921405909475,14.0,6.0,1.0,0.0,0.0
195885.86758393864,1.0,77515.2131603937,44.99206851126025,17.0,2.0,1.0,0.0,1.0
231439.3179751982,1.0,81156.34426318751,26.830979754749652,13.0,3.0,1.0,0.0,0.0
31292.014152642267,1.0,77278.76809479705,55.8854139530374,17.0,3.0,1.0,0.0,0.0
130522.10456583371,1.0,73725.99879011011,27.966597524520132,16.0,4.0,1.0,0.0,1.0
76926.51247337651,1.0,60240.512303908166,38.998395124855634,15.0,2.0,1.0,1.0,1.0
7133.399069345061,0.0,65395.008204024205,38.220915728980756,15.0,3.0,1.0,0.0,0.0
296653.0352796519,1.0,140497.72362573174,38.93970042068992,13.0,3.0,1.0,0.0,1.0
179329.13907958416,1.0,125929.2086281315,25.505393698325772,16.0,1.0,1.0,1.0,1.0
4109.100099394898,1.0,28086.86726536513,30.912210514655527,13.0,4.0,1.0,1.0,0.0
65353.997366194446,1.0,86838.35120586779,30.446274366074984,10.0,5.0,1.0,0.0,1.0
126059.68744118066,0.0,110705.03270809999,30.775822142926778,14.0,6.0,1.0,0.0,0.0
203549.6317171186,1.0,115280.28352396315,28.005045152064923,18.0,3.0,1.0,1.0,0.0
171930.8259064451,1.0,80024.87057806391,48.953029080998576,12.0,1.0,0.0,0.0,1.0
212390.65526604978,1.0,75010.6655337008,57.37352374178974,14.0,1.0,1.0,0.0,0.0
83974.0566033562,1.0,32958.35493465032,61.98441204811609,14.0,6.0,0.0,1.0,1.0
116823.17289857971,0.0,27556.742373148572,50.542551827933764,14.0,3.0,1.0,1.0,1.0
18717.04332296698,1.0,25808.477534080957,59.84476402254812,16.0,3.0,1.0,1.0,1.0
34741.80898666299,0.0,20568.81426975238,60.923533126685264,17.0,4.0,1.0,0.0,1.0
58018.65755513011,0.0,53683.36694785707,57.7028904330957,13.0,1.0,1.0,0.0,1.0
134782.38150880655,0.0,45461.082188743996,57.7466353831015,16.0,2.0,1.0,1.0,0.0
77530.87908803741,0.0,42768.06022439314,43.469072626578125,17.0,2.0,1.0,1.0,1.0
122438.11976580686,1.0,59317.417112811505,49.44256633114232,16.0,2.0,1.0,0.0,0.0
196002.5651430978,1.0,88524.88149832223,36.2375314968983,15.0,6.0,0.0,1.0,1.0
210741.20133790286,1.0,105668.97136209115,46.02241532940696,12.0,2.0,1.0,1.0,1.0
69182.64366363664,1.0,101849.78258403813,28.937621424202625,13.0,3.0,1.0,0.0,0.0
113716.76163675584,1.0,23640.57742009232,36.91712846931013,14.0,6.0,1.0,0.0,0.0
179368.54750294774,1.0,144156.51511402722,33.41709450119227,18.0,5.0,0.0,0.0,0.0
38704.90643731333,0.0,10456.366134227994,53.08054748561325,11.0,1.0,0.0,1.0,1.0
116547.96992833013,1.0,81510.61510739029,48.49780498552288,16.0,1.0,1.0,0.0,0.0
89109.29676957436,0.0,34290.72411348845,48.02865874235171,13.0,2.0,0.0,1.0,0.0
157972.55453194634,1.0,86424.96075771899,50.12601351327266,19.0,1.0,1.0,0.0,1.0
284401.0582595883,1.0,170776.29124049665,31.41281176437963,14.0,1.0,1.0,1.0,1.0
87736.02471723307,1.0,33501.403458841705,45.00849715596607,18.0,3.0,0.0,0.0,1.0
92594.2066876335,0.0,51259.536082147344,27.901780584111656,14.0,1.0,0.0,0.0,0.0
200566.38160907474,1.0,172980.3362395897,59.91762581773938,13.0,2.0,0.0,0.0,0.0
70959.04197237475,0.0,38155.75822599984,44.04370253454552,13.0,2.0,1.0,1.0,0.0
237437.06812862476,0.0,167091.25947802098,29.946286001809487,15.0,3.0,1.0,0.0,0.0
52479.46067757507,1.0,37042.45339409768,53.377216280310776,13.0,1.0,1.0,1.0,0.0
663.9244630304747,0.0,28454.631652574702,38.048455796402365,15.0,4.0,1.0,1.0,0.0
70854.52110268304,1.0,23708.608931865947,56.47537959288678,17.0,4.0,0.0,1.0,1.0
53042.93709402769,1.0,22318.232492081504,43.97011813165477,15.0,2.0,0.0,0.0,0.0
375090.1688093267,1.0,265030.63245823956,48.31355794050268,14.0,1.0,1.0,0.0,0.0
117611.69831840643,1.0,55264.91793482823,60.66694118466423,14.0,3.0,1.0,1.0,1.0
-19299.795110929277,1.0,17948.031206074964,47.00199754466749,11.0,3.0,1.0,0.0,0.0
72831.82500593935,0.0,46567.00924997774,52.27194312230206,12.0,2.0,0.0,0.0,1.0
181887.35843644713,1.0,101375.28936152856,47.22007169268786,13.0,2.0,1.0,0.0,1.0
142890.86500844196,1.0,61630.02115367499,38.259535002996245,17.0,2.0,1.0,0.0,1.0
212552.15746639387,0.0,146604.4465048799,44.319549899681164,12.0,3.0,0.0,0.0,1.0
66109.27875284279,1.0,78429.2928427925,59.52140202749157,15.0,3.0,1.0,0.0,1.0
59975.610222923635,0.0,83616.27246530197,34.43777117558095,13.0,3.0,0.0,1.0,1.0
134625.0691585099,1.0,59709.3385499454,38.61255814253754,13.0,2.0,1.0,1.0,1.0
-756.2585456234519,0.0,24431.977836678474,57.31653568749823,15.0,1.0,1.0,0.0,0.0
156446.96240532736,1.0,78921.56603843193,29.338371903691236,10.0,4.0,1.0,0.0,1.0
224351.31887036955,1.0,84705.79826719951,44.10080635898184,14.0,2.0,1.0,0.0,0.0
72205.46503519798,1.0,32957.640795816624,30.651849279315076,13.0,3.0,1.0,1.0,0.0
258521.54760267527,1.0,105032.32165849235,58.947657108308235,13.0,1.0,0.0,0.0,0.0
241803.49345680515,1.0,131248.102174456,53.94655443053098,16.0,3.0,1.0,1.0,1.0
73892.87277435002,0.0,29419.480133220197,49.40813534925468,12.0,2.0,1.0,0.0,0.0
78995.79371858298,1.0,52392.25795263977,42.31617778386868,15.0,2.0,0.0,0.0,0.0
169590.23982221234,1.0,102238.14904289917,55.47352760918963,12.0,4.0,1.0,0.0,1.0
258100.7656103566,1.0,98927.41486097215,61.379736510932055,20.0,1.0,1.0,0.0,0.0
158871.09317322532,1.0,95614.62011134524,44.57789440173272,10.0,2.0,0.0,1.0,0.0
27687.915623384382,0.0,30977.77353025943,50.5211720238872,14.0,2.0,0.0,0.0,0.0
359104.3590557215,1.0,286232.80070902605,34.821933854434114,14.0,4.0,1.0,0.0,1.0
-47224.124592435575,1.0,31620.648402375944,32.26126284301011,15.0,1.0,1.0,1.0,0.0
-54765.621428120154,0.0,19664.68427144323,46.08883551145187,14.0,2.0,1.0,0.0,0.0
107836.42727081668,1.0,57207.0058826128,30.24486898615235,10.0,2.0,0.0,1.0,1.0
50433.785592545995,1.0,33652.06330436064,29.472878779756343,13.0,2.0,0.0,1.0,1.0
64360.72301483918,1.0,48929.91881872749,57.49056384994598,12.0,1.0,0.0,0.0,0.0
-33889.96817173042,0.0,23589.21084809179,58.39865040403329,13.0,5.0,1.0,1.0,1.0
-10604.063186045467,0.0,32108.265021143096,26.423122509025944,10.0,1.0,1.0,0.0,1.0
118854.93079932095,1.0,86130.9317947088,59.0575439412792,12.0,1.0,0.0,0.0,1.0
74708.6544299166,0.0,39701.46869488736,51.41887315518619,13.0,2.0,1.0,1.0,1.0
235.56607989843178,1.0,37547.16484160037,27.209645535285688,12.0,4.0,1.0,0.0,1.0
160693.04025085087,1.0,45513.74069966535,47.804030222043764,14.0,2.0,0.0,1.0,1.0
8379.848927520688,1.0,46179.839680447236,38.44790755213127,10.0,2.0,1.0,0.0,1.0
138035.3370796338,1.0,56329.56046298652,61.248146371522665,14.0,2.0,1.0,0.0,0.0
184956.04463230367,1.0,118511.07576120467,46.033411763091614,17.0,2.0,0.0,0.0,1.0
38411.84050847097,0.0,31307.29805287866,38.88207973841912,13.0,2.0,0.0,0.0,1.0
101553.00801856264,1.0,37706.191334764146,55.52651302436557,12.0,3.0,0.0,1.0,1.0
186587.7438048456,1.0,89367.34072915907,54.673172006319945,16.0,3.0,0.0,1.0,0.0
230765.48368167266,1.0,133359.3289375938,53.398722715719806,13.0,2.0,1.0,1.0,0.0
98696.89197435204,1.0,23341.517326243335,57.484014370901555,12.0,3.0,1.0,0.0,1.0
129662.0655756219,1.0,55533.71407358987,58.434845723730795,13.0,2.0,1.0,1.0,1.0
141234.5710213439,1.0,88504.40951249773,55.76314081738087,14.0,2.0,1.0,0.0,1.0
96284.32731906335,1.0,73156.66153433725,37.87469507618826,16.0,1.0,0.0,1.0,1.0
114617.56678968029,1.0,101415.90245317186,30.810654774167986,10.0,4.0,1.0,0.0,1.0
105022.5190392504,1.0,57142.36806535367,53.507504354824405,17.0,6.0,1.0,0.0,1.0
83800.31305436714,0.0,34376.18379329721,32.903123027291606,16.0,1.0,1.0,0.0,1.0
33133.10707930272,1.0,38052.48009625412,33.709754901412104,16.0,5.0,0.0,1.0,1.0
40633.9279273895,1.0,41194.622441655905,49.90275265933146,13.0,4.0,0.0,1.0,1.0
90063.0061583141,1.0,42563.998155032794,45.39733397622742,19.0,1.0,1.0,1.0,1.0
126300.25854366133,1.0,94348.84676716106,58.757462585293915,17.0,3.0,0.0,0.0,0.0
42049.719441040856,1.0,63378.76518998402,52.638348020562134,11.0,2.0,0.0,1.0,1.0
181583.2241844516,1.0,68612.75467909586,59.469658147129515,14.0,2.0,1.0,0.0,1.0
84044.63355061923,1.0,48026.57029742016,57.57406668768566,12.0,1.0,1.0,0.0,1.0
135266.39784367458,0.0,45471.76044510051,52.70774328961667,16.0,2.0,0.0,1.0,1.0
73804.9418000778,1.0,58624.05791097464,55.70116367463464,11.0,1.0,0.0,0.0,1.0
67583.9304706537,1.0,30338.474915632225,47.44619749146873,20.0,2.0,0.0,0.0,0.0
162925.57287654642,1.0,90514.1351689283,63.20424731897283,15.0,1.0,1.0,0.0,0.0
87275.95145874476,1.0,34345.53472798412,58.82483052924312,14.0,6.0,1.0,1.0,1.0
163786.18792945624,0.0,48879.35079226443,58.433809670899144,12.0,4.0,1.0,0.0,1.0
364114.51357489976,1.0,209735.54624762066,27.149693038878983,14.0,2.0,1.0,0.0,0.0
76786.42349942312,1.0,45178.87560957449,32.44372329437674,17.0,1.0,0.0,0.0,0.0
103906.78940887291,1.0,39539.393022194134,61.027467317301586,13.0,4.0,0.0,0.0,1.0
135504.84321394243,1.0,90999.89323812183,31.447588091230134,19.0,2.0,1.0,0.0,1.0
73175.3092207493,1.0,86632.66534070007,62.792849290797506,11.0,2.0,1.0,0.0,0.0
18311.520025864673,1.0,31422.95323865458,25.924083672926425,15.0,1.0,0.0,0.0,0.0
192817.19549417807,0.0,81291.93318109926,53.65120648690092,13.0,4.0,1.0,0.0,1.0
137603.07925087708,1.0,53530.89783329667,41.271663760584815,13.0,3.0,1.0,0.0,1.0
40234.69665464285,0.0,31675.841098971334,30.20021369675684,12.0,3.0,1.0,0.0,1.0
141491.59989423343,1.0,89914.32922631082,51.624540958273684,11.0,4.0,1.0,1.0,1.0
84581.60675091975,1.0,32763.64265914061,62.56181188168578,18.0,1.0,1.0,1.0,1.0
75296.04520856177,1.0,54985.77051764675,32.92469749559074,17.0,3.0,0.0,0.0,1.0
81560.06728184652,1.0,47350.66808039927,41.83872655739521,14.0,1.0,1.0,0.0,1.0
434197.64676773956,1.0,322650.3270197983,49.480447769823485,13.0,1.0,1.0,0.0,1.0
142405.89405248972,1.0,66434.85861536373,34.09130950364393,17.0,1.0,0.0,0.0,1.0
209184.4842740266,1.0,60640.5468613147,63.153091702747226,16.0,1.0,1.0,0.0,1.0
38768.04773515159,1.0,23886.565410030995,37.04565887611178,16.0,1.0,1.0,1.0,0.0
43796.1561541947,0.0,55619.3402932509,40.63985645873592,14.0,6.0,1.0,0.0,0.0
270415.60248974594,1.0,106592.62433715892,56.154812893789064,13.0,3.0,1.0,1.0,0.0
50094.9729585253,0.0,30624.47761320797,52.27124003341007,14.0,1.0,0.0,0.0,0.0
28314.14500693023,1.0,41127.849198988304,58.66788469185817,11.0,2.0,1.0,1.0,0.0
142995.7636829359,0.0,35207.62528728818,32.628525934039104,13.0,1.0,1.0,1.0,1.0
122771.7711315421,1.0,53962.17088895252,35.99955711479442,13.0,4.0,1.0,1.0,1.0
96151.13383004106,1.0,68837.1418860083,30.58518177316878,13.0,2.0,0.0,1.0,0.0
111580.41255331149,1.0,61240.99202277848,29.091073883730225,11.0,4.0,1.0,1.0,1.0
106844.95663625433,1.0,31831.45023807058,29.895321695867125,16.0,3.0,1.0,1.0,0.0
186195.74499683903,1.0,62989.514980011554,34.75563183589325,13.0,3.0,0.0,1.0,1.0
248649.9308507471,1.0,102426.40749841803,61.626697032882205,20.0,2.0,1.0,1.0,0.0
122730.28660249333,1.0,97636.29010651265,30.790775710925786,12.0,3.0,1.0,0.0,1.0
74104.43686507698,1.0,63367.793468895914,44.015472946656814,12.0,3.0,1.0,0.0,1.0
195967.07164156297,0.0,49279.41219375206,42.63055190761368,10.0,2.0,1.0,0.0,1.0
163157.47079217547,1.0,91580.48040882726,50.66985386601442,13.0,4.0,1.0,0.0,0.0
202361.6828136037,1.0,130103.82044043143,34.74428710298112,14.0,4.0,1.0,0.0,0.0
9076.269687056352,0.0,34367.453692525756,31.619201390520026,11.0,6.0,0.0,1.0,0.0
127357.90519363158,1.0,36253.98256286308,62.80040090159996,16.0,2.0,1.0,1.0,1.0
177027.91216054544,1.0,71462.6851817325,63.18627508280613,17.0,1.0,1.0,1.0,1.0
391729.56210803567,1.0,206370.84504729035,50.06940041732147,15.0,2.0,1.0,0.0,1.0
249956.31993392945,1.0,90140.99617438059,36.50346847198959,16.0,3.0,1.0,1.0,1.0
-51196.01169467252,0.0,28576.637660792436,40.18043105740077,11.0,2.0,0.0,0.0,0.0
232616.0193733946,1.0,85691.09098946139,42.540076445249504,18.0,4.0,1.0,0.0,1.0
146942.5190882092,0.0,64609.522603108955,40.765796103927045,15.0,3.0,1.0,0.0,1.0
193633.0641419637,1.0,77170.92607010264,55.198264710352184,17.0,4.0,0.0,0.0,0.0
192836.297281956,1.0,86999.81353243616,42.35568652247433,12.0,1.0,1.0,0.0,1.0
-46874.42727225463,1.0,44812.53598189857,49.50425121831739,14.0,3.0,0.0,0.0,1.0
78766.99072115877,1.0,46805.91477224415,28.682919486372228,15.0,2.0,1.0,0.0,1.0
165374.74184797108,1.0,68077.27026573614,47.10570106468052,12.0,2.0,1.0,0.0,0.0
251145.20278253034,1.0,125425.39404816205,52.76359034928555,17.0,2.0,1.0,0.0,1.0
62906.75110938768,0.0,27108.021219042897,28.90631436963371,16.0,1.0,0.0,0.0,0.0
107234.72798084487,0.0,52010.526670069536,30.269437529294343,16.0,3.0,1.0,1.0,1.0
231388.91650602943,1.0,113805.19504397933,46.96899708919342,18.0,4.0,1.0,0.0,0.0
96507.41077888334,1.0,47380.75745161158,49.60576475864714,14.0,5.0,1.0,0.0,0.0
170703.54930540023,1.0,144083.42298081148,26.20043282767744,13.0,4.0,0.0,1.0,1.0
189977.0531057287,1.0,125416.73946048222,59.09881441373,16.0,3.0,0.0,0.0,0.0
276519.9815676155,1.0,202454.70817502376,50.77199346338668,13.0,4.0,0.0,1.0,0.0
160936.81123330753,1.0,87298.69858145266,43.16385111697885,17.0,2.0,0.0,1.0,1.0
119812.5474758761,0.0,81134.68854634128,39.66126469631199,14.0,2.0,1.0,0.0,0.0
90303.16541094259,0.0,44020.80653871296,28.631999553871623,15.0,3.0,0.0,1.0,0.0
233352.1271065306,1.0,100788.93696234537,40.19018602974768,13.0,1.0,0.0,0.0,1.0
141523.55272720603,1.0,72637.41691407254,60.365083585748096,14.0,2.0,0.0,0.0,0.0
121578.65674658258,1.0,144899.73946323234,39.95034794340469,19.0,3.0,1.0,0.0,0.0
92827.55101542253,0.0,33745.5678731737,38.403570255696344,14.0,3.0,1.0,1.0,0.0
102867.10112191467,1.0,48714.50142954897,43.22191750982256,17.0,2.0,0.0,0.0,1.0
-6487.063584452495,1.0,41704.73734495861,29.66293421050685,11.0,3.0,1.0,1.0,1.0
151450.34319016326,1.0,36505.16558293415,57.533174246302906,18.0,2.0,1.0,0.0,0.0
113479.15150620937,1.0,99951.36043968715,56.995179447397746,15.0,4.0,0.0,0.0,1.0
-27864.892502922783,1.0,30393.988558093653,42.64966429846379,12.0,2.0,1.0,1.0,0.0
142170.47639823548,1.0,110678.89001348065,36.252105697252176,14.0,1.0,1.0,0.0,1.0
57629.03385990323,1.0,53109.370116429105,41.47271889095273,10.0,2.0,0.0,0.0,0.0
38703.98177563296,0.0,30122.554673341627,27.280206780646516,12.0,3.0,0.0,0.0,1.0
184982.0778311108,1.0,64329.876192379925,46.12931852836069,15.0,3.0,1.0,1.0,0.0
109260.80666144527,1.0,37781.760052997655,42.65007851670239,13.0,3.0,1.0,1.0,1.0
97235.33425901315,0.0,79516.44270383494,39.21487256026453,14.0,3.0,1.0,0.0,0.0
-12298.712517188163,0.0,26613.20801758244,26.289910287680204,13.0,6.0,1.0,0.0,1.0
10384.782932789516,1.0,42904.89190612883,40.21313552603313,14.0,1.0,0.0,0.0,1.0
-19071.564923135687,1.0,45193.04336609155,29.4682171541904,13.0,5.0,0.0,0.0,0.0
85432.80448432658,0.0,78725.47463938284,26.600253168850905,14.0,1.0,0.0,1.0,0.0
85638.28915692349,1.0,70330.543221305,25.216780819073744,14.0,3.0,1.0,0.0,1.0
304329.86946598353,1.0,180416.858634199,38.008495085281986,14.0,2.0,0.0,0.0,1.0
64865.82449656446,1.0,38238.60275961824,53.429491986741766,17.0,1.0,0.0,1.0,0.0
65801.03352753024,1.0,65754.54562504092,61.806621683905945,11.0,2.0,1.0,1.0,0.0
108910.22983832203,0.0,36256.6862147564,57.89191164060792,16.0,1.0,1.0,0.0,1.0
142195.35771533588,1.0,54017.867253581724,45.542406606464255,17.0,4.0,1.0,1.0,1.0
104589.64401909911,1.0,49967.35932169543,62.04674114878246,14.0,3.0,1.0,1.0,1.0
295011.36253034975,1.0,187882.86380664035,55.185794130134525,13.0,2.0,1.0,0.0,0.0
123866.55111991917,1.0,40530.592569377885,48.72244403232937,14.0,3.0,0.0,0.0,1.0
153672.27732546692,1.0,111225.23468116848,52.95546803112782,11.0,2.0,1.0,1.0,0.0
109808.95013251876,1.0,55232.605251001274,62.03505485566578,10.0,3.0,0.0,0.0,1.0
50831.81639249802,1.0,66564.40483066114,33.592031213934526,16.0,1.0,0.0,1.0,1.0
138208.64538638337,1.0,57107.97322754232,58.14705943845394,13.0,2.0,1.0,1.0,1.0
69080.32768125391,1.0,34121.315861246534,53.32383200046686,14.0,1.0,1.0,1.0,1.0
97913.76159296362,1.0,44366.09887307789,28.189894241355653,14.0,3.0,1.0,0.0,1.0
131335.79311586803,1.0,115712.86224943539,30.13790597828984,18.0,5.0,0.0,0.0,1.0
19296.740976338304,0.0,45108.058465267466,44.43798310469177,17.0,4.0,0.0,1.0,0.0
226556.36626031232,1.0,82795.07155908743,52.44076667987778,16.0,1.0,1.0,0.0,1.0
224736.0521988344,1.0,105450.38651618059,50.899470280389124,14.0,2.0,1.0,1.0,1.0
183777.2237874509,1.0,96407.4577728262,60.82015501119033,14.0,3.0,1.0,1.0,0.0
75003.57336793152,1.0,78440.00685742553,27.257588398569556,16.0,2.0,0.0,1.0,0.0
183301.79641304378,1.0,98476.80552081348,56.07280377582153,10.0,2.0,1.0,0.0,1.0
23937.52498611588,1.0,84616.0958626316,47.812894056364954,14.0,3.0,1.0,0.0,0.0
204413.66988393682,1.0,71388.99582397436,44.26357008284563,17.0,2.0,1.0,0.0,1.0
247179.25367230983,1.0,146701.50547983698,61.72417115313074,13.0,1.0,1.0,0.0,1.0
34067.72211746346,0.0,53407.97320703044,29.65197682349268,14.0,3.0,1.0,0.0,0.0
148739.04392299836,1.0,84140.47995859261,45.42130006221213,13.0,1.0,1.0,1.0,0.0
188134.87268962347,1.0,55501.98326028805,55.261077981585395,13.0,2.0,1.0,1.0,0.0
119209.12025074419,1.0,56517.8554528945,42.537175120716014,14.0,3.0,0.0,0.0,1.0
92923.26533426132,1.0,52828.248928563495,41.53289283000607,17.0,4.0,1.0,0.0,1.0
258811.4591160175,1.0,65914.91862491984,42.3122187588976,19.0,4.0,1.0,0.0,1.0
117196.38235838745,1.0,43031.95695373965,33.34338507086599,18.0,3.0,1.0,1.0,0.0
44217.432948381334,0.0,18753.29766613333,49.761621000476225,10.0,1.0,1.0,0.0,1.0
30312.976044723822,1.0,35487.255033954716,39.49664748448964,16.0,3.0,1.0,1.0,1.0
252038.626043854,1.0,197084.2059799392,44.717811896784035,15.0,3.0,0.0,0.0,0.0
139771.55641186365,1.0,67477.56824487787,53.43581262811855,16.0,2.0,1.0,0.0,0.0
134388.81489584196,1.0,44390.516482983614,38.95260968493015,13.0,2.0,1.0,0.0,1.0
96845.20110077166,1.0,59193.30681873247,61.504785216740046,17.0,4.0,0.0,1.0,0.0
-20541.764376779443,0.0,23506.36883874389,32.71546735451839,14.0,3.0,1.0,0.0,0.0
198639.35328779518,1.0,72992.26525438584,29.91271932390611,13.0,5.0,1.0,0.0,1.0
124518.09798734436,1.0,65673.62087731702,55.79525999662433,14.0,2.0,0.0,1.0,1.0
72563.75804929595,1.0,83025.67718909249,38.027263007586605,11.0,1.0,1.0,0.0,1.0
159241.4584300834,1.0,110235.06376685019,55.55474043206207,16.0,4.0,1.0,1.0,1.0
108254.79119956882,1.0,54575.53248359321,37.52733012620481,13.0,3.0,0.0,1.0,1.0
-145.34573935285152,0.0,34492.129964213585,50.61866012666303,16.0,3.0,0.0,1.0,0.0
-6472.374692833539,1.0,17388.915377000234,40.06910641306433,12.0,1.0,0.0,1.0,1.0
176590.29932111318,1.0,92205.89694912612,51.61665338658236,16.0,2.0,1.0,0.0,1.0
108353.61199288841,1.0,39656.1460216492,59.96541130128949,15.0,3.0,1.0,1.0,1.0
56659.09724508477,1.0,42107.14449027521,28.486562017124122,15.0,3.0,1.0,1.0,1.0
76687.27689174749,1.0,54762.17443207264,26.83442195382571,16.0,2.0,0.0,0.0,1.0
84675.9433629713,0.0,32893.915931952164,27.991298435499875,14.0,1.0,0.0,0.0,0.0
65510.378152803634,1.0,52943.10403290956,57.33704006688533,17.0,2.0,1.0,0.0,0.0
96525.09919095566,0.0,50448.71962643137,38.03503090873583,14.0,4.0,0.0,0.0,0.0
149505.83284465378,1.0,49240.1925541427,45.06777202076506,19.0,2.0,1.0,1.0,0.0
175231.34885892534,1.0,87458.69653114684,49.0913386758579,15.0,2.0,1.0,1.0,1.0
121729.95720345073,1.0,38076.27388564939,44.08975500735062,14.0,1.0,1.0,1.0,1.0
34437.94705951778,1.0,29977.444766145934,26.456737717890586,16.0,2.0,1.0,0.0,0.0
156565.57725687991,1.0,101998.22618242366,47.23391251797755,15.0,3.0,1.0,0.0,1.0
26621.318135932484,0.0,36802.68499342198,35.97826704831887,15.0,2.0,0.0,1.0,0.0
132343.5476444941,1.0,53697.97779641793,52.008002323566984,13.0,3.0,1.0,1.0,1.0
220983.21165504973,1.0,88778.68445076073,57.49022649520365,15.0,4.0,1.0,0.0,1.0
52856.5440869469,1.0,52043.15510633527,30.559071337130533,16.0,3.0,1.0,0.0,1.0
129636.01372987858,1.0,62978.31003618496,49.807844570950095,14.0,3.0,0.0,0.0,0.0
165503.6154354689,1.0,110342.25427889521,51.66899005100016,14.0,1.0,0.0,0.0,1.0
121991.61858564753,1.0,30953.100357644416,29.374826879600825,12.0,2.0,1.0,1.0,1.0
75806.94281976984,1.0,48801.81783305668,39.30219234541415,13.0,3.0,0.0,0.0,0.0
77444.92220481689,1.0,85197.08783080969,42.74584068430562,10.0,2.0,0.0,1.0,0.0
117239.27520902391,1.0,34768.54998061367,56.68084922088531,17.0,2.0,1.0,0.0,1.0
113925.80728954906,1.0,60014.694902860014,45.15246078107294,15.0,1.0,1.0,0.0,1.0
139214.0516154884,1.0,96093.3217279031,33.732287778459714,13.0,1.0,1.0,0.0,1.0
139950.07097790693,1.0,30461.012790373126,57.03244519869671,15.0,5.0,1.0,0.0,0.0
182121.44858726635,0.0,78254.6249136824,33.38500474456181,16.0,2.0,0.0,0.0,0.0
72791.6777171064,0.0,38964.12223099511,35.24582969516315,13.0,2.0,1.0,0.0,1.0
185592.0681891524,1.0,84852.17243264495,37.451683567977824,15.0,1.0,0.0,0.0,1.0
81689.46272718122,1.0,107095.7574306111,40.8119596634811,10.0,1.0,1.0,0.0,0.0
148544.45607936961,1.0,95337.87003782175,51.08832588009575,12.0,1.0,0.0,0.0,1.0
424875.38716430345,1.0,290181.74077847146,29.772028999829423,13.0,2.0,1.0,0.0,1.0
-3089.8637820976655,1.0,33704.50656827372,41.8270265854797,11.0,1.0,1.0,0.0,1.0
103236.14906469279,0.0,43292.09410549349,38.759627556904974,13.0,2.0,1.0,0.0,1.0
55012.04821562314,1.0,47494.92766342687,55.60024705698467,11.0,3.0,1.0,1.0,1.0
121936.24146356698,1.0,136766.4496161544,32.55881509113889,11.0,4.0,0.0,1.0,0.0
35609.13703354534,1.0,58630.46977050567,61.42753754807187,12.0,1.0,1.0,1.0,1.0
-50490.75449970641,0.0,22460.248592335123,58.464850580112746,10.0,3.0,0.0,1.0,0.0
123038.78807704753,1.0,45411.5236846814,39.06918949799267,15.0,2.0,1.0,1.0,1.0
105630.1315502502,0.0,60693.94510777085,45.417808882274784,11.0,2.0,0.0,0.0,0.0
292971.4157726587,1.0,171396.61877238593,53.599568804083134,10.0,1.0,1.0,0.0,1.0
19160.561075731188,0.0,46646.00348431502,52.18660867317938,14.0,3.0,0.0,0.0,0.0
22497.26586873841,0.0,34461.128058689916,38.57841282836878,15.0,1.0,0.0,0.0,1.0
143148.21613369742,1.0,89946.8552406613,34.544078082914,14.0,3.0,1.0,0.0,1.0
60121.58392011826,1.0,43916.55360902483,35.88233889173248,13.0,3.0,1.0,0.0,1.0
190680.89343726856,1.0,134160.98716843378,32.1737535432377,14.0,3.0,1.0,0.0,0.0
185583.89714893646,1.0,91980.42331821853,40.54620357158661,13.0,3.0,1.0,0.0,0.0
108981.0115341736,0.0,49145.76966605972,55.7198571957334,15.0,2.0,1.0,0.0,1.0
120469.18625927715,1.0,117149.72129719224,44.67341724799876,14.0,3.0,1.0,0.0,1.0
117535.77549522213,1.0,84351.24793591515,37.64739522687303,14.0,4.0,1.0,0.0,0.0
106737.60431604914,1.0,91334.83100293002,43.49727379719282,16.0,2.0,1.0,0.0,1.0
185847.04882770614,1.0,146758.0074189324,45.89606647867179,12.0,1.0,1.0,0.0,1.0
142445.3830673674,1.0,75083.8339649229,40.245808947731405,12.0,4.0,1.0,0.0,1.0
61218.107809038396,0.0,32210.682990660152,25.872402957342292,16.0,2.0,1.0,0.0,1.0
83818.38669273295,1.0,51222.15005215078,54.597844245625716,15.0,4.0,0.0,0.0,1.0
146296.43497386144,1.0,104207.27108614316,37.04332841208059,16.0,3.0,0.0,0.0,0.0
16663.34818949427,0.0,36227.11008601422,33.47823927653176,14.0,4.0,1.0,1.0,0.0
223052.70393931924,1.0,90748.03909017754,41.46169489302678,10.0,2.0,1.0,1.0,1.0
44366.21243373527,1.0,48280.46135285719,47.35987768452034,14.0,4.0,1.0,1.0,0.0
161192.24697514466,1.0,52914.432498459544,46.98702665588952,16.0,3.0,1.0,0.0,0.0
53932.291506246416,1.0,36033.56316929661,59.019705273325464,13.0,4.0,0.0,1.0,1.0
116622.19549180882,0.0,72563.27826651542,63.891627946852104,11.0,2.0,0.0,0.0,1.0
176333.81361718866,1.0,95797.26054492871,31.753114309752267,13.0,2.0,1.0,1.0,1.0
144895.64087798912,1.0,98613.2909380557,47.01289355551306,14.0,4.0,0.0,0.0,1.0
104988.49465727323,1.0,48483.170336640964,49.37494702019464,15.0,2.0,1.0,0.0,1.0
111936.12283804154,0.0,25016.609822999893,41.03864961465769,14.0,1.0,1.0,1.0,1.0
188326.00385662346,1.0,93963.60092413184,55.6533199467824,16.0,1.0,1.0,0.0,1.0
97754.29396835939,1.0,98193.24702333288,44.028075232009215,11.0,2.0,0.0,0.0,0.0
225621.46627955828,1.0,168623.74848284145,52.457694757910964,13.0,3.0,1.0,1.0,1.0
185909.76297078922,1.0,101538.11279766545,52.500648428571,15.0,1.0,1.0,1.0,1.0
134866.7069079601,1.0,78031.4002714989,49.22630348050964,11.0,2.0,1.0,1.0,0.0
94901.7874529749,1.0,72115.41480252496,34.16721873995337,16.0,3.0,1.0,1.0,0.0
281617.2791831675,0.0,107980.1038963681,42.72361201158043,17.0,2.0,1.0,0.0,1.0
111018.0102998591,0.0,24547.15930490176,31.99086101393659,18.0,1.0,1.0,0.0,1.0
106446.47373195142,1.0,33774.53502214341,56.64174566460723,11.0,3.0,1.0,1.0,0.0
92277.36083558603,1.0,54388.88510279678,30.81852080599375,11.0,5.0,1.0,1.0,1.0
45999.88775963806,0.0,13524.316798392005,54.358670048985296,13.0,2.0,0.0,0.0,0.0
217994.1038376512,1.0,109725.05209308556,41.37394957813404,16.0,2.0,1.0,0.0,1.0
128852.77672779076,1.0,38730.8965907972,63.47203434843812,16.0,3.0,1.0,0.0,1.0
21371.77163814246,1.0,42310.39480913425,25.611691847271384,13.0,3.0,1.0,1.0,0.0
143978.26779911038,1.0,91856.01524999569,43.57550910026701,17.0,1.0,1.0,0.0,1.0
165001.85473482174,1.0,112138.59814881317,33.94697014805544,18.0,2.0,0.0,1.0,1.0
195754.81968792254,0.0,62188.91331932407,48.468808503490855,20.0,1.0,1.0,0.0,0.0
389088.53895326867,1.0,227807.23949112106,50.153855050517784,14.0,2.0,0.0,0.0,0.0
160339.84867855773,1.0,105085.30267883597,38.7658839644075,13.0,2.0,1.0,1.0,1.0
138000.36037259988,1.0,62461.32754135498,55.53849185868091,15.0,3.0,1.0,0.0,1.0
207015.402755216,1.0,120068.37574142742,63.28816795227542,16.0,4.0,1.0,0.0,0.0
22067.17996905095,1.0,31983.718823899086,62.55646392712062,14.0,2.0,1.0,1.0,0.0
93334.86631285571,1.0,46794.68842132282,40.213315867684564,14.0,2.0,1.0,0.0,1.0
129464.06832657238,1.0,70057.0086048415,46.407318566156746,10.0,2.0,0.0,1.0,0.0
143995.28025358298,1.0,68647.57558104982,60.14376836351386,18.0,3.0,1.0,0.0,0.0
114329.40582763427,1.0,38244.67866703598,49.0788230136105,14.0,2.0,1.0,1.0,1.0
252096.8879568521,0.0,144201.68495345357,36.84704936864263,12.0,4.0,1.0,1.0,1.0
19277.657832596222,0.0,31032.961867595186,29.6717518097614,16.0,3.0,0.0,0.0,1.0
90655.31855178012,1.0,59268.01659396284,47.37893755030679,13.0,2.0,1.0,0.0,1.0
86257.60797598623,0.0,34412.55568949067,29.507816576222556,17.0,2.0,1.0,0.0,0.0
68343.8208935133,1.0,74215.12858892177,28.59001022840099,17.0,5.0,0.0,0.0,1.0
95649.31272982578,0.0,44116.90653356598,41.455891539282874,15.0,2.0,1.0,0.0,0.0
124068.50526922937,1.0,75137.72287568201,55.60166882161981,15.0,6.0,1.0,1.0,0.0
342237.77050897834,1.0,210949.2818291699,57.73902761055045,15.0,4.0,0.0,0.0,0.0
131686.14430819437,1.0,92577.85364123837,52.43505420619097,11.0,2.0,0.0,1.0,1.0
79879.99721804417,1.0,77186.77333289245,47.964838407490994,13.0,4.0,0.0,0.0,0.0
143816.16179900971,1.0,56794.221200260676,56.35393742212529,15.0,3.0,1.0,0.0,1.0
143021.70996559248,1.0,136036.23309174526,56.515483204631764,11.0,2.0,0.0,1.0,1.0
33875.72437522751,0.0,59507.64273657853,28.54336647940695,15.0,2.0,0.0,1.0,1.0
115835.82634206531,0.0,27673.593472217617,39.34925316083503,15.0,1.0,1.0,1.0,1.0
38948.664030112006,1.0,18893.357284162426,55.790908970676114,14.0,3.0,1.0,1.0,0.0
129235.84977424887,1.0,88658.35551935679,38.61419379429084,15.0,2.0,1.0,0.0,0.0
232613.27457555098,1.0,140032.61175473672,33.89585833537677,11.0,3.0,1.0,0.0,1.0
-28651.92322678461,0.0,52129.17687401649,26.67302151660073,17.0,3.0,0.0,0.0,1.0
36488.16658064994,1.0,12978.322535645002,50.30720968573311,20.0,1.0,1.0,0.0,0.0
282016.19856378215,1.0,132687.64165058834,46.05919214577601,14.0,2.0,1.0,0.0,1.0
155881.14253205317,1.0,63133.39668488055,52.742558166172785,15.0,2.0,1.0,1.0,1.0
167338.07881958803,1.0,59937.81889098884,50.02197183875553,14.0,3.0,1.0,0.0,1.0
171298.40023447748,1.0,43582.32078505143,47.73273053181282,16.0,2.0,1.0,0.0,0.0
18243.179344165634,1.0,47842.65857574174,48.56012194577643,15.0,1.0,0.0,1.0,1.0
-694.4053251711775,0.0,30725.920898513275,36.2957519539079,12.0,5.0,0.0,0.0,0.0
143086.3464070941,1.0,58856.58558535079,61.92348589095061,17.0,3.0,0.0,1.0,1.0
124651.10676696307,0.0,83944.83833613989,26.41714370124009,12.0,4.0,1.0,1.0,1.0
60288.822419998825,1.0,53512.35962510764,39.74309223695438,13.0,5.0,1.0,0.0,0.0
116687.33715192463,1.0,86037.73694930045,39.41269848794432,13.0,3.0,1.0,1.0,1.0
171331.44654854515,1.0,19416.230489126796,58.3678716271749,14.0,1.0,1.0,1.0,1.0
157989.78875795778,1.0,83787.9869978403,52.50600397452324,13.0,4.0,0.0,1.0,0.0
24583.21422774183,1.0,71217.79192236238,29.848655655433188,13.0,2.0,0.0,0.0,1.0
159721.35921244795,0.0,81821.4017457598,57.017513946895846,15.0,1.0,0.0,0.0,1.0
26496.502128290696,1.0,41342.03268620305,57.003562897035685,15.0,2.0,1.0,0.0,1.0
-17851.191056233896,0.0,23929.150808567127,34.174357793717064,13.0,4.0,1.0,1.0,0.0
-1590.737242880532,0.0,24075.214242722366,32.37979763543894,14.0,3.0,1.0,0.0,0.0
-4631.193279130064,0.0,37547.88251247723,52.09841689442095,14.0,4.0,0.0,0.0,1.0
77151.16454025822,0.0,51804.147514177566,33.007304030882324,15.0,2.0,0.0,0.0,1.0
57422.54167364419,0.0,65146.49729202705,63.533810038989024,10.0,1.0,0.0,0.0,1.0
149930.53507194083,1.0,100916.01841122963,63.78608062593166,16.0,2.0,1.0,1.0,0.0
231894.15221212132,1.0,137133.87791345452,40.10291880112257,13.0,1.0,1.0,0.0,1.0
198732.86646664987,1.0,128080.0254949429,29.510484327011344,15.0,2.0,0.0,0.0,1.0
55389.992724885495,1.0,58077.42203756312,35.90464513705751,14.0,4.0,0.0,0.0,0.0
76305.29615377194,1.0,82478.02134523097,30.69584548225492,12.0,2.0,0.0,0.0,0.0
129621.26166864674,0.0,86722.2440647586,44.75184666392201,17.0,1.0,0.0,1.0,1.0
196763.20195331197,1.0,145003.36185376672,62.23004802024029,18.0,3.0,1.0,1.0,0.0
118479.95765062641,1.0,113481.06913896921,40.324480602221016,14.0,2.0,1.0,1.0,1.0
94470.58066659333,0.0,30711.549288520408,54.31354069037248,13.0,1.0,0.0,0.0,0.0
-5518.207826803555,1.0,55172.0060268228,26.430810846700627,18.0,1.0,1.0,0.0,1.0
13421.606868215385,0.0,54152.005855471114,41.279654938306145,14.0,3.0,1.0,0.0,0.0
97526.98380778522,1.0,47056.37309742476,53.60046822277162,17.0,1.0,1.0,1.0,1.0
100088.45326317035,0.0,69355.02646346441,54.56255493222426,14.0,3.0,0.0,0.0,1.0
128951.21407748508,1.0,42117.19337947487,52.2492589540809,17.0,4.0,1.0,0.0,1.0
187653.94945719815,1.0,114703.40394753464,41.58405842215731,14.0,2.0,0.0,1.0,0.0
98247.19550374313,1.0,81751.46331957453,54.624522571010914,14.0,1.0,1.0,1.0,1.0
116096.06761540523,0.0,102581.85180102747,44.39702784833777,12.0,6.0,0.0,0.0,0.0
472072.08478597866,1.0,355956.9011386568,35.54656667370256,12.0,2.0,1.0,0.0,1.0
206120.00553405762,1.0,115462.01914157817,51.08972874752408,11.0,3.0,0.0,0.0,1.0
16858.207446631975,1.0,27349.0872165892,25.924133012726475,12.0,1.0,1.0,0.0,0.0
-63085.062113393025,0.0,22329.560139825764,46.8968615667131,10.0,2.0,0.0,1.0,0.0
94309.09926926151,0.0,34378.19153948517,37.30655036707863,15.0,4.0,0.0,0.0,0.0
129530.68217829356,1.0,66100.22193941278,37.89734638860685,13.0,3.0,1.0,0.0,1.0
213045.89961803972,1.0,154276.38403441786,51.09182860491748,15.0,2.0,0.0,0.0,1.0
81265.86281354581,1.0,63849.97224302091,32.639390276491405,11.0,2.0,1.0,0.0,1.0
167873.16328411104,1.0,79906.72018224015,44.47745878434091,13.0,1.0,1.0,0.0,0.0
66038.41707455216,0.0,32230.577543594984,52.968990890840416,14.0,2.0,1.0,0.0,0.0
207492.22889873243,1.0,74359.85983791554,58.46263775873515,14.0,3.0,0.0,0.0,1.0
93818.35966695682,1.0,47905.08048282593,63.618473823085175,15.0,4.0,0.0,1.0,0.0
59624.08738108439,0.0,38209.28055222737,43.29663133626353,11.0,1.0,0.0,0.0,1.0
66786.3991966535,0.0,33484.55940647338,48.63771792147413,14.0,2.0,0.0,1.0,0.0
86294.64016260354,0.0,44394.81086555518,38.135215460877674,16.0,4.0,1.0,0.0,1.0
20688.748176940626,1.0,21218.953375302164,25.440522347180043,16.0,1.0,1.0,0.0,0.0
10885.027099072417,0.0,31870.6218163937,41.48760241041731,13.0,3.0,0.0,1.0,0.0
237996.2748420347,1.0,112079.44895800538,62.983376397916416,11.0,3.0,0.0,0.0,1.0
292606.6047369491,1.0,242724.865057787,46.434286886009644,13.0,6.0,1.0,0.0,1.0
37192.50344191403,1.0,38222.99408067205,54.36882059385066,15.0,3.0,1.0,1.0,1.0
24786.6724128209,0.0,20993.695537611726,42.78360038475586,14.0,2.0,1.0,0.0,0.0
132989.21526100909,1.0,79331.87438468261,51.623551685573176,17.0,4.0,1.0,0.0,0.0
-3159.142900338411,1.0,57323.43682846997,40.72455827539669,14.0,5.0,1.0,0.0,0.0
138199.5939958985,1.0,63167.44756319918,30.300412771747233,18.0,4.0,1.0,0.0,0.0
39537.420228434145,0.0,35245.540473772744,43.83234965796177,15.0,3.0,1.0,1.0,1.0
241721.37628954503,1.0,125980.70733559191,63.73582204029641,16.0,4.0,1.0,0.0,0.0
228240.17574573937,1.0,154795.86929389808,55.001330798132386,10.0,1.0,0.0,0.0,1.0
124313.22647528385,0.0,34435.446052845306,41.729821080356565,15.0,1.0,0.0,0.0,1.0
114872.41026711871,1.0,17786.451397116292,63.4617024030447,14.0,4.0,1.0,0.0,1.0
-37082.7313949046,0.0,13589.691767625496,29.39468989538725,13.0,2.0,1.0,1.0,0.0
225004.56536205078,1.0,124423.44128149783,48.99439348164282,15.0,4.0,1.0,1.0,1.0
95885.65531417058,0.0,19605.135483540085,60.88822892389455,15.0,1.0,1.0,1.0,0.0
-14103.708631565212,0.0,68888.02355916834,30.412412089795254,11.0,1.0,1.0,0.0,0.0
25325.414368556078,1.0,29209.504701823997,54.929439707478146,10.0,2.0,0.0,0.0,1.0
134845.52440184593,1.0,73278.17853467776,47.80470046851411,14.0,2.0,0.0,1.0,1.0
122909.61800913089,1.0,40279.65781742014,40.03253404872909,16.0,2.0,0.0,0.0,0.0
75119.18812199251,1.0,49596.10997138894,44.58434308687758,15.0,2.0,1.0,1.0,1.0
122018.39875590266,0.0,100537.78541410588,30.48404799081517,14.0,1.0,1.0,1.0,0.0
-53799.879926315014,0.0,46054.438150407135,61.80820385106407,11.0,2.0,1.0,0.0,1.0
-15244.952492196215,1.0,32562.777322582264,60.51282443218613,16.0,3.0,0.0,0.0,1.0
41931.957299207206,0.0,10541.474774578466,39.16293112559034,18.0,1.0,1.0,1.0,0.0
118692.2233730602,1.0,71922.86649984974,56.789104150395005,17.0,1.0,1.0,1.0,1.0
5689.411658466604,1.0,52199.7851881921,41.53521380813655,12.0,4.0,1.0,0.0,0.0
81898.15102993634,1.0,35759.41473073115,63.34510716510389,19.0,2.0,0.0,0.0,0.0
24364.46943675032,1.0,30396.615356938888,37.10021798753634,13.0,6.0,1.0,0.0,0.0
51646.33308999025,1.0,34598.578016283594,58.63481506648677,14.0,2.0,0.0,0.0,1.0
9441.712617056677,0.0,53049.456888310226,54.42981935192668,10.0,1.0,1.0,1.0,1.0
79040.4044075604,0.0,55009.43652186105,56.73218797659756,15.0,1.0,0.0,0.0,0.0
109834.81298084446,1.0,40470.753923757184,34.98091346403146,13.0,2.0,1.0,1.0,1.0
72774.16663695395,0.0,34825.934114779826,29.1167322801079,12.0,4.0,0.0,1.0,1.0
262096.36870531883,1.0,127297.26130568734,38.46415530534342,18.0,3.0,0.0,1.0,1.0
186857.24154461108,1.0,88988.52897147022,43.931039691336025,13.0,2.0,0.0,0.0,1.0
56039.63892334307,1.0,77991.08049760661,31.824670187160077,12.0,4.0,1.0,0.0,1.0
103923.98428210644,0.0,46626.24924820273,57.40400828074893,17.0,1.0,1.0,0.0,1.0
28970.14976256065,1.0,30422.74433909108,54.56488333422335,13.0,3.0,0.0,0.0,0.0
179376.62144072924,1.0,77445.61079029126,63.1022087844671,14.0,2.0,1.0,0.0,1.0
90285.44565141838,1.0,76248.83934987841,33.17624675571427,16.0,1.0,0.0,0.0,1.0
-12654.629846352913,0.0,18731.526633627698,32.16216634979808,11.0,2.0,1.0,0.0,1.0
121330.94105164647,0.0,75949.76494686278,28.406945866175363,14.0,6.0,0.0,1.0,0.0
310118.5737227038,1.0,152523.07215146167,55.37411176698758,15.0,5.0,1.0,0.0,0.0
-20008.187584916,1.0,53533.502785480014,43.18131058007232,12.0,2.0,0.0,1.0,1.0
109535.77425726989,1.0,29430.964420265966,30.4212728956849,15.0,3.0,0.0,0.0,0.0
90407.9117503904,1.0,69884.84803577325,60.6224942184941,15.0,2.0,1.0,1.0,1.0
135787.07559915908,0.0,47625.346932972956,40.41181756247531,18.0,1.0,0.0,0.0,0.0
339478.15588830883,1.0,301701.45785703463,25.693832987660997,12.0,3.0,0.0,0.0,1.0
49944.99540569792,1.0,75135.23804817208,53.569067560600615,11.0,1.0,1.0,0.0,1.0
85337.2109082636,1.0,63688.22596076245,52.278573191675854,11.0,2.0,1.0,0.0,1.0
6554.518682668204,1.0,34922.43965261931,37.834998986410895,12.0,1.0,1.0,0.0,0.0
63238.00259894083,1.0,48404.73435113595,50.11533087236896,13.0,2.0,0.0,0.0,1.0
99070.90115163059,1.0,73484.5623336575,45.500940142693935,14.0,2.0,0.0,0.0,1.0
-19530.039836807002,0.0,94403.42368615996,33.39575976665991,13.0,5.0,0.0,1.0,0.0
270536.67797963455,1.0,162844.2096664619,46.204065122653844,15.0,2.0,1.0,1.0,1.0
113253.87617156783,1.0,44742.107762794876,31.721337278687,17.0,2.0,1.0,1.0,0.0
24280.89472921357,1.0,62972.4159642164,51.506369561971724,15.0,1.0,0.0,0.0,1.0
57726.01964536191,0.0,29146.444430394957,31.213600335180587,13.0,1.0,1.0,1.0,0.0
130072.82952112365,1.0,53515.837014397686,29.09570271571151,11.0,4.0,1.0,0.0,0.0
257329.6505824196,1.0,105159.9791171787,61.750566676106736,13.0,6.0,1.0,0.0,1.0
115435.08948146114,0.0,45872.701304190334,42.73794214989376,15.0,2.0,1.0,1.0,1.0
75318.23488158724,1.0,45721.581483915616,40.35904073833518,13.0,2.0,0.0,1.0,0.0
-30257.705541342206,1.0,33172.011333824936,51.80070850839313,17.0,4.0,1.0,0.0,0.0
104273.4090153921,1.0,53795.170729245474,46.680296825888696,14.0,2.0,1.0,0.0,0.0
71465.81097330022,1.0,43996.42356648489,53.920538919916055,16.0,3.0,0.0,1.0,0.0
87052.88280334324,1.0,48969.44801847382,42.209221861467796,13.0,2.0,1.0,1.0,1.0
72914.30554309618,1.0,62451.036833238046,34.17449882981255,14.0,2.0,1.0,0.0,1.0
41208.964587119364,0.0,49342.00748421268,29.93020740248354,19.0,1.0,1.0,0.0,0.0
323200.53731443256,1.0,235303.7962283402,48.704922259453994,14.0,6.0,1.0,0.0,1.0
51137.49234430956,1.0,46639.17645036532,52.59317012932655,14.0,6.0,1.0,1.0,1.0
59319.85770672317,1.0,18835.681009385346,63.2765726856023,16.0,2.0,1.0,1.0,1.0
9361.209179397541,1.0,26441.35198613094,29.23572488065446,12.0,2.0,1.0,0.0,1.0
-11920.29016663009,1.0,19352.12175227962,42.067579383908054,17.0,4.0,1.0,0.0,1.0
150361.2817101862,1.0,79112.18842361437,62.667201236425946,18.0,6.0,1.0,0.0,0.0
119377.40229894327,1.0,75326.36592036052,42.70449573700361,14.0,2.0,0.0,0.0,1.0
186986.7809338925,1.0,81695.26364869553,53.45518956230356,11.0,1.0,1.0,1.0,0.0
59199.21014676824,1.0,46479.808354203036,55.80614641109247,20.0,2.0,1.0,0.0,1.0
45280.29852252133,0.0,27094.436320983143,34.31644745063328,15.0,2.0,0.0,0.0,0.0
198675.81759693127,1.0,85669.2984667972,47.6747610602363,13.0,1.0,0.0,1.0,0.0
146517.19123580097,1.0,63067.455899994726,43.98692720392654,16.0,3.0,0.0,0.0,0.0
21050.32057453542,0.0,33452.18141013875,62.612576255674384,16.0,6.0,1.0,0.0,0.0
81051.20609384052,1.0,43825.14328296706,46.838141161734555,14.0,3.0,1.0,0.0,0.0
115119.2279694312,1.0,66661.66366563537,63.27249746769392,12.0,2.0,0.0,0.0,1.0
217825.11244823228,1.0,122749.81651506369,53.653175006507766,11.0,2.0,1.0,0.0,0.0
71505.90309792876,1.0,74004.49919081364,32.46944789468748,10.0,2.0,0.0,0.0,1.0
289897.9873932785,1.0,139555.37012946885,40.774136510977144,12.0,2.0,1.0,0.0,1.0
144481.34298816082,1.0,71492.79049690398,30.10499781506974,16.0,1.0,0.0,0.0,1.0
182733.56460767522,1.0,95429.24437899474,56.55599787716592,19.0,3.0,0.0,0.0,0.0
91245.20773182697,0.0,86901.10855779902,27.36805479702961,14.0,2.0,0.0,1.0,1.0
66580.60253448304,0.0,60284.055082534745,26.91941414142235,17.0,4.0,0.0,0.0,1.0
408300.64362760703,1.0,263023.2578130482,39.80759830298417,12.0,1.0,1.0,1.0,0.0
137525.4671203514,0.0,47158.68856266919,42.88827401084427,14.0,4.0,1.0,0.0,0.0
170912.1637931411,1.0,67515.06496364457,54.979395983931404,15.0,2.0,1.0,1.0,0.0
149156.39701694995,1.0,47463.014377348234,37.66331142062865,13.0,2.0,0.0,1.0,1.0
110328.09881892151,1.0,105364.40569462508,36.37684870821142,12.0,2.0,0.0,0.0,1.0
250244.2677594626,1.0,94755.7084819985,31.46075119948689,15.0,2.0,1.0,0.0,1.0
60110.30124775833,0.0,39477.35632217483,33.31525265952909,16.0,2.0,1.0,0.0,1.0
17642.00387110727,1.0,74939.6313589824,30.10642384326434,13.0,1.0,1.0,0.0,0.0
230056.98715953183,1.0,101331.17448145853,49.399541204701535,17.0,1.0,1.0,0.0,1.0
260435.65960508303,1.0,114968.57029072114,28.230380958095534,16.0,2.0,0.0,0.0,1.0
136889.5334207742,1.0,106969.17268961904,26.132511962554464,14.0,1.0,1.0,0.0,0.0
119936.94630170894,1.0,60620.686439610356,46.62692710924597,19.0,3.0,1.0,0.0,0.0
46767.74240024786,0.0,18314.075583774218,29.040911251992313,13.0,2.0,1.0,0.0,1.0
113062.80409017511,1.0,34522.23300311541,46.56725242666148,17.0,1.0,0.0,1.0,0.0
413496.2677725978,1.0,205606.04938660184,36.961882178883144,14.0,2.0,1.0,1.0,1.0
118662.25671565652,1.0,36151.43701112598,45.335461996760344,15.0,1.0,0.0,1.0,1.0
178187.27009746231,1.0,115691.75940179997,39.969586527045905,14.0,4.0,1.0,1.0,0.0
197903.70111535364,0.0,133372.95999662904,50.25404037604258,13.0,2.0,0.0,0.0,0.0
77011.38665020381,1.0,28931.71485943058,29.988792989372364,13.0,2.0,0.0,1.0,1.0
188626.62346765707,1.0,55024.025234458844,35.141495128936654,15.0,2.0,1.0,0.0,1.0
161117.17385965015,1.0,95812.51972086493,44.3672686515001,13.0,2.0,1.0,1.0,1.0
88081.03493272228,1.0,91600.38599328052,47.33956701515916,15.0,2.0,1.0,1.0,1.0
211147.92580234737,1.0,128520.84584756684,57.64624958038946,14.0,3.0,0.0,0.0,1.0
100759.43493309391,1.0,43735.66712997118,25.553935652996163,15.0,1.0,0.0,1.0,1.0
354872.43728821015,1.0,217359.76490074943,61.024093430967106,16.0,1.0,1.0,0.0,1.0
281004.09543127177,1.0,134915.32941060155,28.090530306958716,17.0,1.0,1.0,0.0,1.0
33370.79370187584,0.0,50283.24867752778,44.22622622151065,10.0,2.0,0.0,0.0,1.0
221677.7882190556,0.0,133171.69197292175,37.24819253938465,16.0,5.0,1.0,0.0,1.0
44082.88760883297,0.0,27664.195995918388,26.102513255946764,16.0,3.0,1.0,1.0,1.0
116954.87705486084,1.0,85222.17222485154,42.26135226005229,15.0,1.0,1.0,0.0,0.0
149741.74823704347,1.0,30151.876139868666,48.570121365579794,15.0,3.0,1.0,1.0,1.0
156114.29303514352,1.0,52433.13971933825,47.71115285964277,15.0,2.0,1.0,0.0,1.0
33991.036573339,1.0,41266.34971173681,52.86532132407721,13.0,1.0,1.0,1.0,0.0
101761.51310513804,0.0,28327.492111445375,30.491835660781746,12.0,1.0,0.0,0.0,1.0
170602.18756407348,1.0,69191.85667133011,56.00622512324335,13.0,1.0,1.0,0.0,0.0
283243.28516551596,1.0,82659.03133109359,50.26894771494469,17.0,2.0,0.0,1.0,1.0
145326.62980803897,1.0,75250.4580371234,43.32522176781607,14.0,1.0,1.0,1.0,1.0
252438.87707515067,1.0,128888.55021232803,28.797987916913335,14.0,3.0,1.0,1.0,1.0
152343.3607893614,1.0,41838.85884176174,44.237506376568845,12.0,1.0,1.0,1.0,1.0
38162.83726498813,0.0,19157.353044309653,53.285258408151975,11.0,2.0,1.0,0.0,1.0
77970.93527549296,1.0,17751.345540593826,55.03445064580735,14.0,2.0,1.0,1.0,0.0
93725.71707032826,0.0,47516.05785407825,60.39092648378638,12.0,5.0,1.0,0.0,0.0
-17182.947209279882,0.0,41255.6529837925,43.943606567111914,15.0,3.0,1.0,0.0,0.0
85242.61175398396,1.0,50605.90863855753,40.69856558515132,12.0,3.0,1.0,0.0,1.0
258602.94350494718,1.0,92035.19577552902,63.57688902207776,13.0,1.0,1.0,1.0,0.0
36988.034587688766,1.0,27364.346322882702,27.585226519436688,14.0,1.0,1.0,0.0,0.0
38008.03332626492,1.0,40396.78454669919,60.979068871543724,17.0,2.0,0.0,0.0,0.0
304881.5462254419,1.0,173547.89626748595,25.65258176091806,14.0,2.0,1.0,0.0,0.0
134473.79106972486,1.0,47713.4040028001,49.80102490599348,13.0,4.0,0.0,1.0,0.0
46938.08639199189,1.0,47939.79776190303,30.01079274323721,13.0,5.0,1.0,1.0,1.0
34187.71818018417,1.0,47232.91263607112,40.290953741093944,10.0,2.0,0.0,0.0,1.0
25702.12113379359,1.0,24615.003066033245,47.18288515492766,13.0,2.0,0.0,1.0,1.0
185462.90342574657,1.0,76717.14861602472,56.49752797453033,17.0,2.0,1.0,0.0,1.0
-12237.769183222197,0.0,24569.155434666336,32.50722378056517,17.0,3.0,1.0,0.0,1.0
221347.66766250625,1.0,121558.16945124202,56.641838257631534,14.0,2.0,1.0,1.0,0.0
136090.75341888767,1.0,122721.8949113007,41.70996713133526,15.0,1.0,1.0,0.0,0.0
64834.11480710281,1.0,25883.57530186209,45.741470357819374,12.0,1.0,1.0,1.0,0.0
242168.50858774586,1.0,167855.4018131112,40.68665691749253,16.0,3.0,1.0,0.0,0.0
-1463.5608487313002,1.0,37683.85723559211,52.246662927533805,14.0,4.0,0.0,0.0,1.0
122129.78309629072,1.0,79657.7806647508,50.00919273471624,14.0,6.0,1.0,0.0,1.0
109411.83457333369,1.0,47579.05332590989,55.282549864560906,20.0,2.0,1.0,1.0,0.0
123695.75114763617,0.0,49633.54533107899,35.57019572573165,11.0,5.0,0.0,1.0,0.0
187668.2266062212,1.0,103776.95041654122,35.97867653392529,13.0,1.0,0.0,0.0,0.0
97962.40320059026,1.0,39417.60092132813,43.98055994999264,13.0,1.0,1.0,0.0,1.0
96620.73432354923,1.0,47844.20524883031,57.73279251668849,15.0,2.0,1.0,1.0,0.0
257699.36188805493,1.0,120670.91681861055,43.997139981841926,15.0,2.0,1.0,0.0,1.0
81375.56524051088,1.0,80381.5995747493,53.44994869208284,11.0,4.0,1.0,1.0,0.0
200074.55330707083,1.0,93763.4229033905,38.36338325999075,13.0,4.0,1.0,1.0,1.0
301937.3837901772,1.0,177091.433786239,30.030737339393138,12.0,2.0,1.0,0.0,1.0
113790.97926603258,1.0,87381.38533168085,59.85652193421636,11.0,2.0,1.0,1.0,0.0
93174.16124357178,1.0,51233.02613352491,62.733572057270884,11.0,1.0,0.0,1.0,1.0
193671.98014856226,1.0,79737.62069154516,44.7782668036249,13.0,2.0,1.0,0.0,1.0
96110.40820437387,1.0,51085.823312401924,62.41889621268326,13.0,5.0,0.0,0.0,1.0
130097.71435736101,1.0,70450.18467618125,26.18027329196227,12.0,4.0,0.0,1.0,0.0
120789.0424541629,1.0,45548.18286409776,25.53600940896771,15.0,1.0,1.0,1.0,0.0
108156.45465211399,1.0,62833.560507728565,53.92554533786537,11.0,5.0,1.0,0.0,0.0
89226.62819800372,0.0,40622.927586356695,50.682533938662885,11.0,3.0,1.0,0.0,1.0
152298.83065105652,1.0,77281.71060066384,62.04905640765357,14.0,3.0,0.0,0.0,1.0
63155.99615432361,1.0,71021.32527050316,55.05350878754478,13.0,1.0,1.0,1.0,1.0
254056.9259279701,1.0,118650.12458749597,62.29360879518372,15.0,2.0,0.0,0.0,1.0
28203.517381361555,0.0,50479.91480172431,26.581859667465437,16.0,5.0,1.0,0.0,0.0
132405.34843390874,1.0,71629.28395442001,30.871574024550004,16.0,3.0,0.0,1.0,0.0
-2611.1788214513,0.0,22168.544960835352,39.156308815880635,13.0,1.0,0.0,0.0,1.0
228158.21910547995,1.0,127356.22642194119,27.16777842870572,15.0,5.0,0.0,0.0,1.0
184035.87328960962,1.0,62478.77401978169,63.72202240342522,14.0,1.0,1.0,0.0,1.0
40948.313619446206,1.0,40912.675107854106,55.690331744163984,14.0,4.0,1.0,0.0,1.0
290153.45580568997,1.0,181154.61365658347,42.525867806814134,11.0,2.0,1.0,0.0,1.0
160491.20832838886,1.0,101018.6870501815,40.51002164239116,13.0,3.0,0.0,1.0,1.0
225766.83544539948,1.0,130931.74873825612,56.37132307483489,16.0,2.0,0.0,0.0,0.0
119111.31574386367,0.0,66141.5257751294,38.04700343427497,13.0,4.0,1.0,1.0,0.0
96626.53643254281,1.0,65165.89777275564,57.039103984219224,13.0,4.0,0.0,1.0,0.0
248320.40055652984,1.0,140002.48100369744,48.58518925429908,16.0,3.0,1.0,0.0,0.0
43107.0752784664,1.0,42455.46198794083,30.898812604045844,14.0,3.0,1.0,1.0,0.0
99146.2880501974,1.0,22926.098052527785,25.515313635912378,17.0,2.0,1.0,0.0,1.0
77666.421204298,1.0,59752.28465487887,26.45375345990029,12.0,4.0,0.0,1.0,1.0
132017.10636643117,1.0,41253.429914555745,29.73887284087003,16.0,5.0,1.0,1.0,1.0
137649.6505550899,0.0,50184.83448931796,52.18468740539545,14.0,2.0,1.0,0.0,1.0
145573.33387124233,1.0,83260.99957418883,61.116245182282896,14.0,2.0,0.0,0.0,1.0
175330.70403845015,1.0,75977.09614180743,51.189905019121255,17.0,6.0,1.0,0.0,0.0
40371.200770859345,1.0,36918.250073894334,29.06536378477329,16.0,1.0,1.0,0.0,0.0
52294.81969889403,0.0,36303.44307274226,36.924042158446476,14.0,3.0,1.0,0.0,1.0
-20633.326867378128,0.0,36335.697150869164,42.19312261928538,15.0,3.0,1.0,1.0,1.0
67454.89148445029,1.0,29410.204505576254,41.732088148375496,12.0,1.0,1.0,1.0,1.0
245516.5345058696,1.0,195548.95092287153,27.955656264965846,10.0,2.0,1.0,0.0,0.0
135377.90242161465,1.0,90982.53354194124,40.11218118237259,16.0,2.0,1.0,0.0,1.0
105005.15292136343,1.0,50375.439923804544,60.07056954206204,16.0,2.0,0.0,1.0,0.0
-11921.94047422293,0.0,31569.69207644265,36.780318255104845,15.0,4.0,0.0,1.0,1.0
100143.02854268465,0.0,89754.21885788406,56.99689415024818,13.0,5.0,0.0,0.0,0.0
160752.37002786517,1.0,88799.47119415298,51.63422980489804,12.0,2.0,1.0,1.0,1.0
220624.51491504922,1.0,73242.24114592862,39.79840002039215,13.0,1.0,1.0,0.0,1.0
55771.75407053412,1.0,63211.06201309358,55.4891164171496,17.0,3.0,0.0,0.0,1.0
68528.62621376093,0.0,29837.749059880687,33.990985229063426,16.0,2.0,0.0,1.0,1.0
135086.1294126265,1.0,132849.82846645158,43.47922505168843,10.0,4.0,0.0,0.0,1.0
130244.30274955372,1.0,94450.35850153126,40.631909368882376,14.0,1.0,1.0,0.0,1.0
17997.519877923245,1.0,35140.56695339093,61.31641706385979,14.0,1.0,1.0,1.0,0.0
109986.86034151213,1.0,59697.07027071839,36.579336563342736,17.0,3.0,1.0,1.0,1.0
66681.68823442256,1.0,69563.53466801893,28.669626945576752,15.0,2.0,1.0,0.0,1.0
465055.4255820971,1.0,341227.65722655895,32.744538306822776,12.0,1.0,1.0,0.0,1.0
48229.378275632356,1.0,13917.026456863678,63.86423545456721,16.0,3.0,1.0,1.0,1.0
-17797.906732801333,0.0,34353.65769773383,59.259855694384036,15.0,4.0,1.0,1.0,0.0
128661.54539220191,1.0,90412.07383364096,39.5496641649982,11.0,1.0,1.0,0.0,1.0
190212.96800181485,1.0,218472.42062802985,25.331828872493364,18.0,6.0,1.0,0.0,0.0
190220.38439534677,1.0,142751.81353845217,62.854289813639824,13.0,3.0,1.0,1.0,1.0
65146.39870837963,0.0,69985.56538978654,38.128788823038086,10.0,3.0,1.0,1.0,1.0
88389.43417865493,0.0,23805.26518818445,45.824794895685145,14.0,1.0,1.0,0.0,0.0
87050.53872076723,0.0,21851.12691858692,38.368547904029526,12.0,1.0,1.0,0.0,1.0
281235.2746629316,1.0,148200.83726851983,36.66656553255584,17.0,5.0,1.0,1.0,0.0
130249.51923370856,1.0,90221.26351831308,43.387076586520266,17.0,2.0,1.0,0.0,1.0
96731.43431700369,1.0,66741.77371183013,40.47820736088096,11.0,2.0,1.0,1.0,0.0
298743.87454908877,1.0,162491.3514906223,47.30224721964704,14.0,2.0,1.0,0.0,1.0
-54896.283087549404,1.0,21881.058639467992,53.97887217080049,17.0,2.0,0.0,1.0,0.0
162089.02384472443,1.0,98575.51327227366,40.975990171703,10.0,2.0,1.0,0.0,0.0
92631.31533886804,0.0,29133.742696567537,39.0740691542622,14.0,1.0,0.0,0.0,0.0
89868.73083734063,1.0,47424.9665028983,63.323995243622605,15.0,1.0,1.0,0.0,1.0
97669.6638547077,1.0,35268.730665711955,39.058677391043425,11.0,1.0,1.0,0.0,1.0
62572.35979234935,1.0,30206.427866759925,46.24154835743968,17.0,2.0,0.0,0.0,0.0
-26226.4715318066,0.0,36871.659507667406,50.89151867153018,12.0,1.0,0.0,0.0,1.0
39825.485483107426,1.0,31875.82643264318,37.86352513921622,15.0,1.0,1.0,0.0,1.0
375989.63701294456,1.0,208643.07030993077,42.95499688767924,13.0,2.0,0.0,0.0,1.0
206847.9197629604,1.0,105441.9198536828,52.9888988649884,13.0,3.0,0.0,0.0,1.0
28264.071870831784,0.0,22499.924946605155,40.209544132812,13.0,2.0,0.0,0.0,1.0
277888.89317588654,1.0,161762.56575300923,60.401452839822205,14.0,1.0,1.0,0.0,1.0
-15429.281984380083,0.0,39849.955812673485,47.81325905033039,14.0,5.0,0.0,0.0,1.0
138707.27212660812,1.0,71117.89412243807,63.67911317737952,12.0,3.0,1.0,1.0,1.0
160600.12667905958,0.0,81198.16679328064,45.877897002211796,14.0,4.0,1.0,0.0,1.0
94303.30571079033,1.0,28742.70137592879,60.53037172677338,14.0,3.0,1.0,1.0,0.0
154609.75090509496,1.0,73864.92005025246,51.42633199520586,16.0,3.0,1.0,1.0,1.0
289054.9397839058,1.0,188162.6023292742,59.800360206315304,12.0,4.0,0.0,1.0,0.0
8596.82497081027,0.0,28173.646387754045,26.21126081950683,13.0,2.0,1.0,1.0,0.0
183520.09220395956,1.0,77703.41778992172,45.239040410015136,13.0,4.0,1.0,1.0,1.0
15336.292696378558,1.0,49657.43618374157,49.88000274864949,13.0,1.0,1.0,0.0,0.0
96671.55735624251,1.0,38608.42874153203,29.041014318854824,17.0,1.0,1.0,1.0,0.0
200270.34044076042,1.0,65853.10980808118,61.858900831818545,16.0,1.0,1.0,0.0,0.0
306069.75091326813,1.0,227389.49225409108,37.37526484605562,14.0,4.0,1.0,0.0,0.0
144666.3696006362,0.0,39326.278463499955,46.343609657227525,14.0,2.0,1.0,0.0,0.0
227004.7061756139,0.0,144298.59373178697,47.574886289260235,14.0,3.0,0.0,0.0,1.0
241444.47424986179,1.0,115718.62828324568,46.06775269376682,15.0,3.0,1.0,1.0,1.0
250810.1162105691,1.0,104285.2559564777,60.929671792832146,15.0,1.0,1.0,1.0,1.0
169313.95198635495,1.0,58021.28085894012,38.34946589539646,14.0,2.0,1.0,0.0,0.0
130867.78962371494,1.0,51006.168199022686,62.08274838267824,14.0,2.0,1.0,1.0,0.0
195382.86170793907,1.0,116571.97063162568,40.119968260303594,11.0,4.0,1.0,0.0,1.0
61938.792880657056,0.0,30334.286550702407,41.2149690377047,18.0,3.0,1.0,0.0,0.0
117270.50584470412,1.0,69678.25676393247,31.04247003256998,14.0,3.0,0.0,0.0,0.0
75565.66377904896,1.0,43745.609407195574,25.050449053409114,14.0,4.0,1.0,1.0,1.0
158611.77225302492,1.0,81151.73579412782,56.72703479699441,16.0,2.0,0.0,0.0,1.0
131457.53085730938,1.0,84462.80492983002,34.75305665105408,15.0,4.0,1.0,0.0,0.0
99502.86174958246,1.0,110688.27614435027,32.05172918230503,12.0,5.0,1.0,1.0,1.0
167950.68986015744,1.0,84810.5197868148,40.69458610976172,12.0,1.0,0.0,0.0,0.0
102425.80387787381,1.0,28063.95303219064,39.48945336641887,17.0,2.0,1.0,1.0,0.0
109474.8385286857,1.0,78242.31670660697,42.90401116670161,14.0,2.0,1.0,0.0,1.0
54810.87829294788,1.0,52685.25912683137,55.28782230620729,14.0,3.0,1.0,0.0,1.0
31682.941096895927,1.0,63393.36336541699,49.31829982698537,14.0,2.0,1.0,0.0,0.0
113248.15915052746,1.0,65590.19446996793,52.6441372864605,15.0,2.0,1.0,1.0,0.0
144337.84818148986,1.0,135071.56915535542,39.9397164794401,13.0,5.0,1.0,1.0,0.0
38456.56726635213,0.0,55409.40289268976,42.121120520950754,17.0,2.0,0.0,0.0,1.0
127208.92369866153,1.0,63589.685619799064,51.139446955962846,14.0,3.0,1.0,1.0,0.0
110829.4523716793,1.0,29577.316513672755,45.92740101162766,12.0,2.0,1.0,0.0,0.0
374843.3736075349,1.0,258055.79248889786,27.443135319274557,14.0,5.0,0.0,1.0,1.0
178535.26017626832,1.0,107403.70228405298,27.530351804572568,12.0,4.0,1.0,1.0,0.0
166651.02508344178,1.0,98660.78866372415,49.168993367346005,16.0,1.0,0.0,1.0,1.0
27960.292342714667,0.0,14414.517711317121,31.02995077038555,17.0,2.0,1.0,0.0,0.0
23389.659320876388,1.0,29393.362009628054,58.308029253696084,15.0,2.0,1.0,1.0,0.0
100834.16304332657,0.0,104979.01259860348,33.91474624948867,15.0,4.0,1.0,1.0,1.0
161175.48174682132,1.0,73543.83019383923,53.41412154839289,14.0,3.0,1.0,0.0,0.0
81679.10536455859,0.0,63854.4297574818,27.159106123772688,15.0,4.0,1.0,1.0,0.0
28032.410144085065,0.0,36285.362182104436,36.80032739400019,12.0,4.0,0.0,1.0,1.0
161695.56661854853,1.0,50140.45487117834,63.05139497468545,12.0,3.0,1.0,1.0,1.0
78515.27108264118,0.0,40292.0869614206,63.069234769285075,12.0,2.0,0.0,0.0,0.0
-77605.41581709936,0.0,23896.536520905862,28.787116099103432,14.0,2.0,0.0,0.0,1.0
123672.49281798035,0.0,46975.40312784016,59.026071776286784,15.0,3.0,0.0,0.0,0.0
41957.34540686247,1.0,21309.204476965842,54.97371836665117,17.0,3.0,1.0,0.0,1.0
68651.63215848987,0.0,28222.51805827709,31.701522908286577,14.0,3.0,1.0,0.0,0.0
243367.21951363722,1.0,165244.33441948972,39.198101472360705,12.0,2.0,1.0,1.0,0.0
90522.8094145115,1.0,33134.42786863313,46.555053145811854,16.0,1.0,0.0,0.0,1.0
130587.34510314684,1.0,120457.77687712414,55.562414764678294,14.0,6.0,0.0,0.0,0.0
57164.15145822316,1.0,58570.5219524136,54.33527354905079,18.0,2.0,1.0,1.0,0.0
179806.7554682465,1.0,119726.8729549204,44.55016292887944,13.0,4.0,1.0,0.0,0.0
202868.99302468725,1.0,88648.71207783617,45.418714773543996,11.0,4.0,1.0,0.0,0.0
81967.59752074929,0.0,79250.72604160037,40.67601506099628,13.0,1.0,1.0,0.0,0.0
331002.0986688535,1.0,221315.82630641357,56.44713374909018,19.0,6.0,1.0,0.0,1.0
98871.7622016536,1.0,57782.67074692318,31.8931399462348,15.0,1.0,1.0,0.0,1.0
-33107.968852074904,1.0,33277.42149768822,43.92795800061678,13.0,1.0,1.0,1.0,1.0
167280.47066375214,1.0,123502.63989784168,63.02948939643268,13.0,5.0,1.0,1.0,1.0
154701.1550277753,1.0,55724.399058873656,60.33017792713887,10.0,2.0,0.0,1.0,1.0
-1841.8760777840216,1.0,16942.500366761535,53.373917461471464,16.0,2.0,0.0,1.0,0.0
108471.49304257287,0.0,57057.362838397086,31.32556388699636,15.0,1.0,1.0,1.0,0.0
113608.2412104074,1.0,78675.14608377051,46.09324434411384,15.0,1.0,0.0,0.0,0.0
137531.92576494373,1.0,71937.79600900756,58.75344617147707,14.0,2.0,0.0,1.0,0.0
199852.9892230478,1.0,116348.57514643726,37.47037632225286,14.0,2.0,0.0,0.0,0.0
186821.60924831865,0.0,55803.64042924907,43.876611392657054,15.0,1.0,1.0,0.0,0.0
89272.94703185893,0.0,77455.37332736631,36.33275943991782,14.0,3.0,1.0,0.0,0.0
210934.88917966868,1.0,111525.43546498782,34.357480323369444,19.0,1.0,0.0,1.0,1.0
93344.71909235284,0.0,41398.306489569724,26.782944039738098,14.0,3.0,1.0,0.0,1.0
243740.45955608095,1.0,179610.52099987672,57.22491879148976,15.0,1.0,1.0,0.0,1.0
14108.923956355713,1.0,43482.40555788017,29.05855833016397,12.0,3.0,1.0,1.0,0.0
129543.98180828475,1.0,88135.48019678604,32.8709155402188,11.0,1.0,1.0,0.0,1.0
47891.096260501916,1.0,87413.457821154,58.29452223091537,14.0,1.0,0.0,0.0,1.0
225513.3938405889,1.0,126042.08149591074,27.441216159644316,16.0,1.0,0.0,1.0,1.0
106842.74123417634,1.0,92751.26211845104,63.78309098510224,14.0,3.0,1.0,0.0,0.0
217059.41881774727,1.0,96056.7147876244,51.343035959916676,12.0,4.0,1.0,0.0,0.0
101105.82312865581,0.0,83678.88147238283,26.24182071432675,13.0,6.0,1.0,0.0,1.0
-13136.821230874295,1.0,46562.1698446501,56.223307260389376,11.0,3.0,1.0,1.0,0.0
16890.743820000036,1.0,16630.677009572133,30.731972381396695,14.0,2.0,1.0,1.0,0.0
69805.08182310994,1.0,38548.807881130604,53.678048755526795,13.0,2.0,1.0,1.0,1.0
42430.4922529412,0.0,24991.817641229074,35.408263156526814,15.0,2.0,1.0,1.0,0.0
103241.31757906498,1.0,53639.96978960351,51.67028436188193,14.0,1.0,1.0,1.0,1.0
41140.239237121,1.0,20154.74121107825,62.24192984522772,16.0,1.0,0.0,0.0,1.0
129740.53414432076,1.0,25160.39167989552,49.626498789915104,16.0,1.0,1.0,1.0,1.0
63861.11257642861,1.0,13313.329128940986,49.07510065721663,15.0,5.0,1.0,1.0,1.0
180932.2491461007,1.0,78346.74742258509,53.60041474804949,15.0,4.0,1.0,1.0,1.0
127810.11102296438,1.0,43149.565094116806,26.78458643105311,10.0,2.0,1.0,1.0,1.0
57955.56567863617,0.0,52396.71886452302,28.479284882035202,16.0,5.0,0.0,0.0,1.0
207465.19693408246,1.0,107490.56717498925,53.039364427818924,17.0,2.0,1.0,0.0,1.0
166464.03874810584,1.0,63790.71678063464,48.08447430728831,16.0,3.0,1.0,1.0,0.0
193031.5729808562,1.0,141883.13066111706,35.99250968168967,15.0,2.0,1.0,0.0,1.0
30862.93857000999,1.0,35815.11901934741,32.20450797002381,16.0,2.0,1.0,1.0,1.0
91561.39527963434,1.0,26427.540055676553,43.14565716981578,13.0,2.0,0.0,1.0,0.0
316951.89039905096,1.0,174590.43688973328,62.948290383602,15.0,3.0,0.0,0.0,0.0
107513.20960638879,1.0,94442.70610317812,34.64982418257726,13.0,2.0,0.0,0.0,1.0
206059.30169156924,0.0,136210.33114227914,43.82694379750605,17.0,5.0,1.0,0.0,1.0
91621.78516913732,0.0,27747.939380928907,59.60852191318504,14.0,5.0,0.0,0.0,0.0
194124.8166992054,1.0,88940.51666948946,55.367929999888794,10.0,1.0,0.0,0.0,0.0
30940.791966651203,1.0,56384.45787044281,61.44114624928091,14.0,6.0,1.0,0.0,1.0
104138.88275325915,1.0,74446.24345377974,37.084596353672175,12.0,4.0,0.0,0.0,1.0
114669.95455114194,1.0,67234.06489556089,44.69299356582128,16.0,4.0,0.0,0.0,0.0
37520.43212932459,0.0,22079.485536534445,53.40571064930565,12.0,3.0,0.0,0.0,0.0
202773.20122364513,1.0,27010.76004758535,59.36508789972377,10.0,2.0,1.0,0.0,1.0
146320.36041280197,1.0,63697.625028466995,46.88721340027699,13.0,2.0,0.0,0.0,0.0
58562.47458733721,1.0,59699.4300677179,43.045342082988434,14.0,1.0,1.0,0.0,1.0
241898.3307546168,1.0,137955.32994474133,44.17754279849361,18.0,3.0,1.0,0.0,1.0
99639.50578653137,1.0,67956.13063732971,39.93358922339495,14.0,2.0,0.0,0.0,0.0
118028.97355811787,1.0,39070.350971728396,41.257989165093406,15.0,6.0,1.0,1.0,0.0
257183.80724325863,1.0,80349.61480304215,48.93787672691552,12.0,1.0,1.0,1.0,1.0
68672.24757449512,1.0,49170.6750547336,26.86966177116922,10.0,1.0,0.0,0.0,1.0
111569.34018513419,1.0,62682.3155896227,38.269163952490224,12.0,1.0,1.0,0.0,0.0
101374.25561762901,1.0,25722.515552470744,29.200643649962206,14.0,2.0,0.0,1.0,1.0
13550.451403256964,1.0,43343.17765816162,48.402685770252255,10.0,3.0,0.0,0.0,0.0
90981.31340230696,1.0,17032.431664975225,45.40885243193765,19.0,3.0,1.0,0.0,1.0
98452.53873055032,1.0,43569.26837009943,51.43684775643371,14.0,2.0,1.0,0.0,1.0
113862.19832149282,1.0,78175.75182203237,43.86575589871347,13.0,1.0,1.0,1.0,0.0
153238.6204441521,1.0,48917.28414546342,42.060221008782534,15.0,4.0,1.0,0.0,0.0
16463.03284918041,1.0,32588.235041246902,43.027664098501646,13.0,2.0,1.0,1.0,1.0
266737.1077103874,1.0,187032.25061599008,33.02608294752213,12.0,4.0,1.0,1.0,1.0
84772.17265881297,1.0,40615.21197233569,56.612374166796144,17.0,2.0,0.0,0.0,1.0
95986.56094423257,1.0,64309.0346775554,59.0846491296779,10.0,2.0,1.0,1.0,1.0
47551.5618712859,1.0,26010.973609451346,62.336459264413314,12.0,1.0,1.0,0.0,1.0
173638.76451177144,1.0,93704.34525328131,48.08307337873576,15.0,4.0,0.0,1.0,0.0
74838.73729574351,1.0,55991.00039346299,51.57919565247194,15.0,3.0,0.0,0.0,0.0
50621.04651760255,0.0,28347.64296326777,31.528797766096776,15.0,1.0,0.0,1.0,0.0
-23849.17206207229,1.0,47743.31597097374,48.84856172680392,14.0,5.0,1.0,1.0,0.0
8508.560965071934,1.0,33403.8489418603,38.1034951638532,14.0,3.0,0.0,0.0,1.0
215116.0581128743,1.0,130340.43768645791,58.27524836174684,15.0,5.0,0.0,1.0,0.0
79166.64645782442,1.0,29269.570869451996,36.78863913245101,14.0,3.0,1.0,0.0,0.0
21475.691771109217,1.0,53886.42915769893,39.22092120676258,12.0,3.0,1.0,0.0,0.0
276672.86274782394,1.0,118954.7137249252,48.46521752703697,16.0,3.0,1.0,0.0,0.0
210316.31775386204,1.0,158101.40687601955,52.51225544603086,17.0,4.0,1.0,0.0,1.0
165447.62299734438,0.0,111413.69514104052,43.14698732154585,15.0,3.0,0.0,1.0,1.0
-32698.57406741205,0.0,29996.055619700724,25.91587191090093,13.0,3.0,1.0,1.0,0.0
10817.87557449875,1.0,20349.256001377522,62.604840259873164,12.0,2.0,1.0,0.0,1.0
289615.04301526246,1.0,271176.7769849007,39.86437488778691,17.0,2.0,1.0,1.0,1.0
126983.02927623253,0.0,59830.16198725546,30.7333225243357,11.0,6.0,1.0,0.0,1.0
26792.961370027457,0.0,14144.015712749251,32.81700235018662,13.0,2.0,1.0,0.0,1.0
37298.9930762161,0.0,20246.559859843517,55.70020026861838,12.0,2.0,1.0,0.0,0.0
30744.41677395073,1.0,33324.29553017362,32.38491943357632,16.0,4.0,0.0,0.0,0.0
170842.20525369485,1.0,128231.96866434463,27.283809564860608,13.0,4.0,1.0,0.0,1.0
202431.40474643625,1.0,91942.65656658975,47.77596419128411,13.0,1.0,1.0,0.0,0.0
175537.52907236182,1.0,122460.88374114501,35.15132570621599,17.0,2.0,0.0,1.0,1.0
165075.6732532878,1.0,70744.42087928043,28.335387672189498,17.0,1.0,1.0,1.0,1.0
95172.4832256879,1.0,45560.57615875696,34.4358755997779,14.0,2.0,0.0,0.0,1.0
14928.474078451887,1.0,33632.999287525745,56.31418659290605,13.0,3.0,1.0,0.0,1.0
45396.03499233853,1.0,50389.26696369175,54.50705667492686,15.0,5.0,1.0,0.0,0.0
120216.77913371027,1.0,40927.71451925916,37.516576256184614,16.0,1.0,0.0,0.0,1.0
133861.40425458265,1.0,21209.205531403353,63.660619023732664,16.0,3.0,1.0,0.0,1.0
149480.80837106967,1.0,39639.90365967914,32.940548766197544,16.0,1.0,0.0,1.0,1.0
94782.34098802111,0.0,42387.60249148831,54.50414813412129,10.0,2.0,0.0,0.0,1.0
160581.3365436095,1.0,64429.93456435892,58.23538840276105,10.0,3.0,1.0,0.0,1.0
127955.2247221042,1.0,83562.58626006055,42.95930717744888,12.0,1.0,1.0,0.0,1.0
131990.75464235255,1.0,75598.393627897,58.83362488748171,12.0,3.0,1.0,1.0,1.0
157911.18080585962,1.0,145914.24205964542,34.107365258960755,12.0,4.0,1.0,0.0,1.0
217024.0932427275,0.0,86081.24437252576,33.63346008511311,15.0,3.0,1.0,0.0,1.0
42447.33495074365,0.0,22126.426966373478,53.489047224812246,13.0,3.0,1.0,0.0,0.0
196080.87820382504,1.0,156535.53453064145,43.60349788803743,10.0,4.0,0.0,0.0,0.0
38649.98083081672,1.0,36851.48558227531,53.8353364095954,10.0,3.0,1.0,1.0,1.0
32295.35330166608,1.0,31990.574136316085,55.01209949425511,16.0,4.0,1.0,0.0,0.0
53241.53759090915,1.0,37295.97078691872,58.06023150326054,16.0,5.0,1.0,0.0,1.0
263111.24380509433,1.0,93924.50211675002,52.63454692947141,17.0,5.0,1.0,1.0,1.0
245532.57745330952,1.0,189674.98560891848,44.66839316970536,16.0,4.0,1.0,0.0,0.0
90702.45500105704,0.0,26027.21212296113,30.82098473379489,13.0,2.0,1.0,0.0,0.0
93467.40345302135,0.0,58648.98833973437,29.56280525598854,13.0,1.0,0.0,0.0,1.0
382163.621309418,1.0,278308.19929048966,41.84824982183032,19.0,2.0,1.0,0.0,1.0
132293.46900108425,0.0,83442.90662738448,29.06090414685644,14.0,2.0,1.0,1.0,0.0
158803.0002009823,1.0,94093.18260789057,43.520627579108734,14.0,5.0,1.0,1.0,1.0
19757.115447219083,1.0,97047.67188180175,44.28278938097364,11.0,1.0,1.0,0.0,1.0
19083.165484741647,1.0,26102.808734983075,48.94256547527608,16.0,3.0,0.0,1.0,0.0
3908.129608268773,0.0,15506.258928122721,52.45517837802936,13.0,1.0,1.0,0.0,1.0
65300.26891876782,0.0,32045.307067794674,62.67825583890369,12.0,3.0,1.0,0.0,0.0
224736.06697513905,1.0,103927.91435004832,44.92419761281185,13.0,2.0,1.0,1.0,1.0
114548.43266121132,1.0,44403.42282485927,48.65486639098293,16.0,1.0,1.0,0.0,0.0
88656.46086397076,1.0,36193.737566903874,42.04107686185178,15.0,5.0,1.0,1.0,1.0
24549.670714552107,1.0,30099.228542513116,37.253331249969094,16.0,1.0,1.0,1.0,1.0
188109.92113246935,1.0,108309.20037794356,33.03909496650293,13.0,2.0,1.0,1.0,0.0
48204.45562748681,1.0,50604.20687729518,54.90298948024532,12.0,3.0,0.0,0.0,1.0
74222.38978457685,1.0,81818.2674296652,26.351028538338202,13.0,3.0,0.0,1.0,1.0
222766.45994704153,1.0,76171.68449695078,37.917768531605084,16.0,2.0,1.0,0.0,1.0
104125.65891840443,0.0,49603.0296223573,42.37289985968926,12.0,2.0,0.0,0.0,1.0
80766.66291021359,1.0,41624.367929416774,37.38454994820266,14.0,3.0,1.0,1.0,0.0
206931.75862723828,1.0,110970.39202855184,61.12702849289822,12.0,1.0,0.0,1.0,0.0
65386.34436956258,1.0,81248.32112790884,32.523650207339244,11.0,1.0,0.0,1.0,1.0
13519.660815232259,0.0,34390.24713680707,37.53598449147354,13.0,3.0,1.0,0.0,1.0
114559.45119941235,1.0,72894.7111167608,55.978850662219656,15.0,5.0,1.0,1.0,0.0
140391.87825786462,1.0,46271.83768785042,49.235798090391526,16.0,2.0,1.0,0.0,0.0
52455.71005588296,1.0,71012.24114138122,38.65298201521177,12.0,1.0,0.0,1.0,0.0
101423.06289349236,1.0,73741.56467788118,36.32487928310536,11.0,4.0,1.0,1.0,1.0
137004.8584673567,1.0,85361.88630814228,36.604337349969484,17.0,2.0,0.0,1.0,0.0
149611.5052434905,1.0,59215.71176368644,46.00626206134095,15.0,1.0,1.0,0.0,0.0
144200.41619780095,1.0,35256.309660732,49.85637040519225,14.0,4.0,1.0,1.0,1.0
109926.7738739406,1.0,26715.454619083674,62.58926702553584,14.0,3.0,0.0,1.0,0.0
20476.82065616215,1.0,57284.79984602284,28.473000092167194,15.0,4.0,1.0,0.0,1.0
51253.480274860674,1.0,52538.96852802944,59.37480769127887,12.0,3.0,0.0,1.0,0.0
92744.00575087378,1.0,70736.50864036105,30.57497805095136,15.0,2.0,1.0,0.0,1.0
351499.25061578874,1.0,298144.7447808616,25.227235491834033,14.0,2.0,1.0,1.0,0.0
267156.0127889602,1.0,156585.2778143258,33.66293846403171,16.0,3.0,1.0,1.0,1.0
86433.62596629074,1.0,43462.30934286671,48.198408496066634,14.0,4.0,1.0,0.0,1.0
99483.86797566839,1.0,46447.72706189982,37.24676419077353,12.0,2.0,1.0,0.0,1.0
133931.69733287592,1.0,49715.96782182155,37.22745664318743,14.0,1.0,1.0,1.0,0.0
79620.1086947124,0.0,28348.920769106957,48.63888262564762,11.0,2.0,1.0,1.0,1.0
95860.13680784628,1.0,27955.44529551934,37.82305255801492,15.0,4.0,0.0,1.0,0.0
34746.79149040156,1.0,23925.223101202057,40.65660845872141,15.0,2.0,0.0,0.0,0.0
116903.66973374016,1.0,38120.303964245504,43.057964180634166,16.0,3.0,1.0,1.0,1.0
178339.7410633877,1.0,75436.74722606629,48.30922400409278,11.0,1.0,1.0,1.0,1.0
185766.62859017245,1.0,59730.097707723464,38.49866562032286,14.0,2.0,1.0,0.0,0.0
202052.38650707947,1.0,90915.95547593343,60.06427730655685,15.0,1.0,1.0,1.0,0.0
137803.80715398738,1.0,58517.07325645415,55.94423281604598,14.0,2.0,1.0,0.0,1.0
200421.10857993716,1.0,151446.19991989297,39.273382175348694,13.0,5.0,0.0,0.0,1.0
87598.88418762959,0.0,29534.25545057493,50.544454793734545,16.0,2.0,1.0,0.0,1.0
113274.45610051072,1.0,83921.14618132952,33.57102332945267,14.0,3.0,1.0,1.0,1.0
85342.32639345404,1.0,53953.778187123404,45.14058617239023,14.0,2.0,1.0,0.0,0.0
96807.71548918131,1.0,21419.357343317963,39.397569662757576,13.0,2.0,1.0,0.0,1.0
112095.94788672525,1.0,51003.65765758259,31.821284169659105,13.0,2.0,0.0,0.0,0.0
81383.17697852604,0.0,88851.56735130791,61.67815656380361,16.0,2.0,0.0,0.0,1.0
81415.8502229393,1.0,37870.631777155744,58.43599534014797,14.0,4.0,1.0,0.0,1.0
142951.55088992123,1.0,71499.60034818682,28.233019116961017,17.0,4.0,1.0,0.0,1.0
283276.40614799527,1.0,276292.86667671386,44.58348640934794,13.0,4.0,0.0,0.0,0.0
147524.0346080772,1.0,94232.61444944792,54.260820589779435,17.0,3.0,1.0,1.0,1.0
112635.56880980289,1.0,38160.94759572306,49.41768214792304,18.0,2.0,1.0,0.0,1.0
130751.29379773301,1.0,67115.48064564946,58.75106736440876,19.0,1.0,1.0,1.0,1.0
138151.73151315714,1.0,54339.41652206097,45.37801699931077,14.0,1.0,1.0,1.0,1.0
372101.86410912685,1.0,317470.5528535668,27.457547069343583,15.0,4.0,1.0,0.0,0.0
26102.381183676283,1.0,40011.86791841608,57.546941516986074,13.0,2.0,0.0,0.0,1.0
91290.07815614049,0.0,42704.874865875456,51.05826420072634,15.0,1.0,0.0,0.0,0.0
121397.68985279021,0.0,47942.96518705399,26.6302476462489,13.0,5.0,1.0,1.0,1.0
7671.296336408148,1.0,23362.775699687576,54.14060860904968,11.0,1.0,0.0,0.0,0.0
327845.27521412884,1.0,110134.7550154772,45.02321847119275,16.0,3.0,1.0,1.0,1.0
98971.21843430669,1.0,65150.90173854496,37.896032953771574,14.0,2.0,1.0,0.0,1.0
167487.8533290188,1.0,97791.11091527113,61.535929661363085,11.0,2.0,1.0,0.0,1.0
112338.82972838114,1.0,75525.3861054406,37.280173907100696,14.0,5.0,1.0,0.0,1.0
64466.74554879774,1.0,69235.56737774544,43.163981545337535,16.0,2.0,1.0,0.0,1.0
124675.32965908224,1.0,68308.46822874798,28.84653454021688,17.0,2.0,1.0,0.0,1.0
88165.5282484382,1.0,46092.41122685408,48.90148488103462,12.0,3.0,1.0,0.0,1.0
66351.43696817377,1.0,37793.208047098786,38.11310572985084,11.0,2.0,1.0,0.0,0.0
160432.88933870112,1.0,70850.24709104294,41.07343216412872,16.0,6.0,0.0,1.0,0.0
45080.05943291065,1.0,67552.65528479968,36.237877938021384,14.0,4.0,1.0,0.0,1.0
16458.958611909387,1.0,62902.44691325938,30.410020586401036,11.0,3.0,0.0,1.0,1.0
169325.72593088695,1.0,99171.70032451714,61.36508173510033,13.0,2.0,0.0,0.0,1.0
121677.55929073287,0.0,70725.84293254212,57.38152173388249,14.0,3.0,1.0,0.0,1.0
75097.71753439147,1.0,81933.37458515468,35.53795806783844,12.0,6.0,0.0,0.0,1.0
4722.5426977635725,1.0,20681.35695845148,32.33924810974767,12.0,1.0,1.0,0.0,1.0
-50337.066384789796,1.0,30267.931499356026,52.88688453495691,16.0,4.0,0.0,0.0,0.0
175442.38254956147,1.0,57756.23258922395,34.18198961673302,12.0,1.0,0.0,1.0,0.0
276033.0172213112,1.0,103293.07697004986,57.86860609723225,15.0,2.0,1.0,1.0,1.0
141808.94760999127,1.0,66287.55654470877,54.243390618164135,14.0,1.0,0.0,1.0,1.0
75229.32226597512,1.0,85795.9112116628,38.47744739019352,14.0,1.0,0.0,0.0,0.0
171455.20275184783,0.0,63773.27930449402,63.71980620903341,15.0,2.0,1.0,0.0,1.0
159028.89051507026,1.0,70142.54784088768,59.89354865786388,13.0,3.0,0.0,0.0,1.0
22223.818919276047,0.0,53571.959566996156,62.69587176790878,11.0,3.0,0.0,0.0,0.0
-54110.044674200806,1.0,32921.974238613955,58.83201030994768,10.0,3.0,1.0,0.0,0.0
85878.54490203681,1.0,44805.92137438366,61.83862071583899,10.0,3.0,1.0,1.0,1.0
117810.49456640148,1.0,129220.2208978255,45.99671347464096,11.0,1.0,1.0,0.0,1.0
99335.40402268476,1.0,59303.37173943823,41.5702822085103,14.0,3.0,1.0,0.0,1.0
151489.28466793173,1.0,36660.37400753929,40.115318560904356,19.0,5.0,0.0,1.0,1.0
97502.1885335597,0.0,32206.09240043775,62.26969795477403,10.0,5.0,1.0,0.0,1.0
103534.72717170161,0.0,92453.44823760842,33.30647591216596,14.0,4.0,0.0,0.0,1.0
156505.56454892858,1.0,44458.55804015045,58.13073167990017,17.0,6.0,1.0,0.0,1.0
41667.47468381448,0.0,37405.35572726032,36.0883497907455,13.0,3.0,1.0,0.0,1.0
103610.09585027397,1.0,26507.737511608077,52.03877224570673,15.0,1.0,1.0,0.0,0.0
71945.89876140293,1.0,58283.62560813662,40.74181697143986,14.0,4.0,0.0,0.0,1.0
92024.99485281605,1.0,52626.63510478059,33.74528523826956,14.0,1.0,1.0,0.0,1.0
269927.1070684002,1.0,115032.63922708921,47.809271751225396,13.0,1.0,1.0,1.0,1.0
70653.40135790338,1.0,53925.766160655,36.06033070589142,12.0,4.0,0.0,1.0,1.0
86275.75403994406,1.0,38224.35264667616,39.25458595537221,10.0,5.0,1.0,1.0,1.0
-67193.74660032477,1.0,43647.71078021075,49.6949953460537,14.0,3.0,0.0,1.0,0.0
53128.44147001699,0.0,38812.732549055865,33.59326767387692,15.0,5.0,0.0,0.0,0.0
215962.59531592458,1.0,68585.37469910426,34.62174248739046,17.0,2.0,1.0,0.0,1.0
123820.6897012926,1.0,74828.92034947478,38.46855624321608,11.0,3.0,1.0,0.0,0.0
167818.4259496012,1.0,101667.48608350274,56.3421234454343,12.0,3.0,1.0,0.0,1.0
252308.84533294116,1.0,135601.6372921587,30.51813614404792,14.0,2.0,1.0,1.0,1.0
62789.476014592554,0.0,61921.93353475596,41.74268021385037,11.0,1.0,1.0,0.0,1.0
145444.63351437097,1.0,59783.2842160388,57.09095324891715,10.0,1.0,1.0,1.0,0.0
123673.95904019423,1.0,86594.39017275786,32.8621483259163,14.0,2.0,1.0,1.0,0.0
5955.112239841044,1.0,30388.34907434039,48.74594337729762,16.0,2.0,1.0,0.0,0.0
99297.52572284456,1.0,74244.55957885896,28.840527723155493,16.0,3.0,1.0,0.0,1.0
82322.71312273698,0.0,49056.295697807225,34.46071135418447,11.0,3.0,0.0,0.0,0.0
50951.49002094401,1.0,54780.02982988574,59.06833342688662,12.0,1.0,0.0,0.0,1.0
128483.53366203411,1.0,106689.00259778429,59.963054000179945,11.0,4.0,1.0,1.0,1.0
97779.93199951306,1.0,54025.20939950537,51.16973976012471,18.0,5.0,1.0,0.0,0.0
16978.050482110288,0.0,28909.34014704711,31.78008949781577,14.0,1.0,0.0,0.0,1.0
64636.560420334405,1.0,41372.93580551774,61.787944895571,17.0,4.0,1.0,1.0,1.0
94800.42626871131,1.0,24990.842744306152,53.43871223589781,18.0,2.0,1.0,0.0,0.0
135513.09813958735,0.0,53859.8807793847,45.42792894341511,12.0,3.0,1.0,0.0,1.0
74724.32483463647,1.0,64085.97743797853,34.2515532601698,11.0,4.0,0.0,1.0,1.0
124364.1484882572,1.0,55920.63299304434,51.02648543319289,13.0,1.0,1.0,0.0,0.0
123319.56594365544,0.0,63387.96297459303,58.19739269559988,12.0,2.0,1.0,0.0,1.0
76251.1482012294,1.0,68245.36981232939,56.22481402990225,12.0,2.0,1.0,0.0,1.0
126791.64971615572,1.0,62373.38852546042,39.250602637889486,13.0,1.0,0.0,1.0,0.0
158218.55861488223,1.0,64199.46425927652,61.567144650501334,14.0,1.0,0.0,0.0,1.0
-35982.833072947484,1.0,33626.75544475538,48.212532999735416,16.0,5.0,0.0,0.0,0.0
159200.09049508386,1.0,80200.32383746895,60.552996691165724,13.0,2.0,1.0,0.0,1.0
119795.70047083196,1.0,65055.542478029936,41.061808361875194,15.0,3.0,0.0,0.0,0.0
146102.08335455036,0.0,64757.57998546933,40.653493843267825,14.0,2.0,1.0,1.0,1.0
237908.1940544847,1.0,144992.35222676242,29.161599797474423,16.0,4.0,1.0,0.0,1.0
114683.76359752424,1.0,47320.6830941952,60.50583277608786,14.0,3.0,0.0,0.0,1.0
183600.83369907885,1.0,92451.50472427432,31.353825655932162,18.0,2.0,1.0,0.0,1.0
98537.77620111672,1.0,37401.220865908115,59.358053165137115,13.0,2.0,1.0,0.0,1.0
126984.22389691412,1.0,47214.93324938232,58.639184805841914,16.0,2.0,0.0,1.0,1.0
108202.41305434851,1.0,66640.53347588221,38.254221992656554,13.0,2.0,0.0,0.0,0.0
83989.3967791814,1.0,40505.71719246864,32.16881888544133,14.0,2.0,1.0,0.0,0.0
76665.23932436653,1.0,46780.713904418786,36.11707473312102,13.0,2.0,1.0,1.0,0.0
132270.94051556732,1.0,54983.470014353436,50.574052331944586,15.0,1.0,1.0,1.0,1.0
132355.16536721375,1.0,35981.70637949827,39.902010758246945,17.0,4.0,1.0,1.0,1.0
177025.66465949838,1.0,116037.98607722373,45.73928958524088,14.0,3.0,1.0,0.0,1.0
142170.2100990839,1.0,25336.888842043703,51.40191430083236,14.0,3.0,1.0,0.0,1.0
37649.07847437609,0.0,25842.378827804616,38.274489153761095,11.0,1.0,0.0,0.0,0.0
330879.055147807,1.0,170343.4438688051,53.44397987045808,13.0,1.0,1.0,0.0,0.0
167135.91980905872,1.0,57182.25998524401,60.29644672085348,15.0,3.0,1.0,0.0,1.0
198534.48341628854,1.0,72590.79312641628,48.03935833336903,12.0,4.0,0.0,0.0,1.0
174448.8622603711,1.0,82895.6983337423,51.66895643612788,14.0,2.0,1.0,1.0,0.0
170583.8105727047,1.0,135439.51105605974,35.16591744698276,16.0,3.0,1.0,0.0,0.0
81338.65902731945,1.0,83188.64333969669,44.243650820864005,15.0,3.0,0.0,1.0,1.0
20637.20263457892,0.0,49335.84116407852,42.55339582546843,16.0,1.0,0.0,0.0,1.0
143941.14436394942,1.0,109656.43496268507,26.66574153665405,12.0,1.0,1.0,0.0,0.0
65265.5284380511,1.0,34391.433480475534,28.54199100148146,17.0,3.0,1.0,1.0,0.0
78023.91108613728,0.0,29342.778910126737,63.67429256859807,12.0,2.0,1.0,0.0,1.0
26537.96404539248,1.0,35375.62222346035,31.382633442279463,13.0,1.0,1.0,0.0,1.0
109692.95781288465,1.0,76359.47058220631,42.78713722843047,14.0,1.0,1.0,0.0,1.0
42170.28069031818,1.0,21057.107575238995,33.755711377147904,14.0,3.0,1.0,1.0,1.0
182092.92328316395,1.0,98625.33864072774,52.78454401491423,14.0,2.0,1.0,1.0,1.0
233260.50404970444,1.0,170776.6804707579,53.487857950054575,14.0,4.0,0.0,1.0,1.0
18389.507281708815,1.0,36535.76731744171,36.37156613303422,15.0,2.0,1.0,0.0,0.0
243219.79384604425,1.0,131542.05871948513,37.44133897734852,17.0,1.0,1.0,0.0,1.0
148749.7036240859,1.0,71102.41750041093,31.78587334228631,14.0,3.0,1.0,0.0,1.0
143970.53278183463,0.0,65771.35660593602,25.124549796309285,15.0,1.0,0.0,0.0,1.0
67933.09572283643,1.0,28482.69269337377,59.49443333829132,13.0,2.0,1.0,1.0,1.0
160934.50660812913,1.0,49118.44112351442,56.218082739486555,19.0,4.0,0.0,1.0,0.0
181235.47372851695,1.0,78799.23653183607,42.12592380404753,11.0,2.0,1.0,1.0,1.0
117730.80388145082,0.0,37323.4784387508,36.91304045022106,18.0,2.0,0.0,0.0,0.0
167252.7807018895,1.0,88729.88716925358,40.42074410553066,15.0,1.0,0.0,1.0,1.0
168104.3072950907,1.0,129991.21074593632,37.58158015990051,13.0,2.0,1.0,0.0,1.0
105869.49953077847,1.0,41740.46360623984,47.913593130159455,16.0,3.0,1.0,1.0,1.0
64403.92891065487,1.0,37839.08031351124,41.85756280937368,11.0,2.0,1.0,1.0,0.0
34114.80234548403,0.0,45489.7714440018,33.8298262965059,13.0,4.0,1.0,0.0,0.0
36507.05683223161,1.0,38072.863053487396,29.17540235470205,10.0,3.0,1.0,1.0,1.0
142809.03513511183,1.0,64848.06672965634,33.494352971766425,13.0,2.0,1.0,0.0,0.0
59833.21068545338,0.0,40576.90109473255,55.48131818753623,13.0,1.0,1.0,0.0,1.0
270602.0256169624,1.0,173034.62171298568,29.91228854896162,14.0,1.0,1.0,1.0,0.0
119876.2684196208,1.0,17846.08938758338,55.17773672177861,14.0,4.0,1.0,0.0,1.0
47209.97232977819,1.0,15460.203591421388,63.05709328527145,14.0,2.0,0.0,1.0,1.0
357360.89849082375,1.0,184278.3595598719,44.38790580204925,18.0,5.0,1.0,1.0,0.0
169844.00936720136,1.0,72425.10491529564,56.3540118817312,14.0,4.0,1.0,0.0,1.0
146831.7892581489,1.0,84278.34169652431,58.360643812254956,16.0,2.0,1.0,0.0,0.0
129228.88308113936,1.0,66190.08585169681,57.88019167011759,13.0,2.0,1.0,0.0,1.0
136802.242526332,1.0,99602.97818383753,34.59963180542806,14.0,2.0,1.0,0.0,0.0
169532.58781975112,1.0,123605.88294330363,35.75272443435284,16.0,1.0,0.0,0.0,1.0
151140.20909480043,1.0,67690.61544691485,57.389841429296986,12.0,2.0,1.0,1.0,0.0
363635.36966500076,1.0,238774.64022624167,52.39850301599022,18.0,1.0,1.0,0.0,1.0
181492.4237594514,1.0,66133.40699516493,50.994646449114065,15.0,2.0,1.0,1.0,1.0
83436.94476060131,1.0,104949.75640433133,32.18290494837814,16.0,2.0,0.0,0.0,0.0
139896.9301961697,1.0,150704.66082892675,25.159074341139334,13.0,4.0,1.0,0.0,0.0
94352.08347924931,1.0,43261.3126418488,25.15320158572875,15.0,2.0,1.0,0.0,0.0
149748.15740925985,1.0,103722.12864705389,30.139226072936392,17.0,3.0,1.0,0.0,1.0
45736.710779546425,0.0,21886.964652044953,63.05074587140604,13.0,2.0,0.0,1.0,1.0
160735.90970979823,0.0,42828.79273595533,31.570157475631863,14.0,2.0,0.0,0.0,1.0
85094.21785807761,0.0,52695.0394917868,45.37413695203938,16.0,4.0,0.0,0.0,1.0
11371.984881552075,0.0,42238.33914503831,40.72679542751385,17.0,2.0,1.0,0.0,0.0
123067.68689684659,1.0,53488.88369599797,44.1469059070928,14.0,3.0,1.0,1.0,0.0
85226.53051386244,1.0,53466.73406788986,53.534682458868076,15.0,4.0,0.0,0.0,0.0
147952.12468590587,1.0,93153.19737541956,48.687655603927915,13.0,2.0,1.0,0.0,1.0
-56006.20271697367,1.0,41125.792330647935,37.80917931027281,13.0,1.0,1.0,1.0,1.0
48823.911676278265,1.0,21850.894132668484,47.55719120417827,14.0,3.0,1.0,0.0,1.0
14180.427212350725,1.0,19470.589897626964,27.551207023603652,20.0,3.0,0.0,1.0,1.0
129015.217722178,1.0,42546.15522558784,36.563292369187494,13.0,1.0,0.0,1.0,1.0
161908.20721435462,1.0,138704.2630562931,41.430117858865586,13.0,4.0,1.0,0.0,1.0
178140.50606143102,1.0,94444.63262259048,26.142962381097323,11.0,1.0,1.0,1.0,1.0
133044.2903563658,1.0,24946.60139473543,55.86277746648351,10.0,1.0,0.0,1.0,1.0
147357.99243680842,1.0,55467.67340393641,54.730371900359636,10.0,3.0,1.0,1.0,0.0
57834.47654630362,1.0,88503.7137595915,41.491795959544476,11.0,2.0,1.0,0.0,0.0
187403.85598653735,1.0,26398.29253964532,61.18941490116268,14.0,1.0,1.0,0.0,1.0
72858.40054106056,1.0,41015.41985701434,47.93997608527012,17.0,1.0,1.0,0.0,0.0
53459.28427081901,1.0,58700.3321878181,42.015306244534656,13.0,1.0,1.0,1.0,1.0
235387.40052608773,0.0,130253.02372396996,54.83302607075318,12.0,3.0,0.0,0.0,0.0
195732.86687534658,1.0,62918.246127316044,63.4331108032821,14.0,1.0,1.0,1.0,1.0
188438.38132678688,1.0,88132.92269518353,27.236783048441186,15.0,2.0,1.0,1.0,1.0
21759.303493411433,0.0,26032.808267477303,50.2650066999512,12.0,2.0,0.0,0.0,1.0
83290.78483167398,1.0,57433.5149836833,46.71616417542248,12.0,6.0,1.0,1.0,1.0
44087.91046929964,0.0,37792.977970007945,34.21035515489967,13.0,1.0,1.0,0.0,0.0
124990.66718971636,1.0,47262.2706049472,39.965266705692486,15.0,4.0,0.0,1.0,1.0
117066.18858031002,0.0,65341.670416752546,57.96130274786098,14.0,2.0,0.0,0.0,0.0
92604.96299181355,1.0,34202.79062125278,44.12992653020464,15.0,1.0,0.0,1.0,0.0
71541.8207762411,1.0,49184.12307830486,57.419783902302825,16.0,4.0,1.0,1.0,1.0
22566.721168717108,0.0,46827.55904215105,48.26870223334074,15.0,3.0,0.0,1.0,1.0
335260.95550531126,1.0,202050.9575472864,33.031762812594266,14.0,1.0,1.0,1.0,1.0
24915.761791255765,0.0,32007.07475929988,53.04737206734353,13.0,1.0,1.0,0.0,0.0
67614.73760806149,1.0,41259.63267882005,49.047307271608545,11.0,1.0,1.0,0.0,1.0
91417.14275368699,1.0,65611.55228581897,32.069009739139055,14.0,2.0,1.0,1.0,1.0
229829.902993137,1.0,117820.53594613273,50.556993870696765,12.0,1.0,1.0,1.0,1.0
195727.42136309086,1.0,150327.5429902773,34.89356283422244,14.0,3.0,1.0,0.0,1.0
164907.58978954324,1.0,100202.10762553634,49.91585178388122,14.0,1.0,0.0,0.0,1.0
44608.224665508926,0.0,39266.723963373246,53.34779748068189,13.0,3.0,1.0,1.0,1.0
116994.28464053979,1.0,30847.266311130203,58.07192350646958,11.0,2.0,1.0,0.0,1.0
188108.53028587782,1.0,135365.67646440747,42.32172448185392,15.0,5.0,0.0,1.0,0.0
67055.59434091859,0.0,39339.41403173702,25.948364814255545,14.0,4.0,1.0,0.0,0.0
272039.45727358107,1.0,139233.3537824935,42.0698062973922,14.0,3.0,1.0,0.0,0.0
129460.65540714226,1.0,75655.78347449271,49.568181048994234,13.0,3.0,1.0,1.0,0.0
44911.515534701735,1.0,63719.60494768455,30.167748225675336,15.0,3.0,1.0,0.0,1.0
188521.98726441272,1.0,75824.47144659336,39.0870273144677,13.0,1.0,1.0,0.0,0.0
112917.6162663894,0.0,47077.63613842681,40.67031853196901,16.0,3.0,1.0,0.0,1.0
86024.37595317431,1.0,64296.68415644265,42.54472441135939,11.0,4.0,0.0,1.0,0.0
111388.2678793989,0.0,49210.190952088786,38.520313898732425,15.0,3.0,1.0,0.0,0.0
135839.6124721837,1.0,50956.09215210516,36.58718416926034,13.0,3.0,0.0,1.0,0.0
71381.3556771809,1.0,54573.3981544306,28.477110048498474,14.0,1.0,0.0,1.0,1.0
118550.97360861524,1.0,61145.206810380405,35.476689674386236,12.0,3.0,0.0,1.0,1.0
78524.79732755767,1.0,27008.14980366593,38.82476570448015,19.0,3.0,1.0,1.0,1.0
140399.35156170028,1.0,95881.28735280778,60.71862451456584,16.0,2.0,0.0,1.0,1.0
55583.81113808915,0.0,46688.502122061655,42.9063830000561,13.0,1.0,1.0,1.0,1.0
22986.705388333314,1.0,47765.325837303804,25.825059172192503,15.0,4.0,1.0,0.0,1.0
138033.29594540654,1.0,51154.09185704935,43.70718358026208,14.0,2.0,1.0,1.0,1.0
52882.28921898891,0.0,22318.98874683906,40.6897543678024,10.0,2.0,1.0,0.0,1.0
105244.88541750892,1.0,65320.35425467697,34.83053708709576,13.0,1.0,1.0,0.0,1.0
111882.00196019864,0.0,32259.46844697233,29.68398644163407,17.0,2.0,1.0,0.0,1.0
244867.01545893517,1.0,141867.76837452466,32.632273938989506,10.0,4.0,0.0,1.0,1.0
115701.24770795938,1.0,62902.23196463068,39.862917850814775,16.0,2.0,1.0,0.0,1.0
118065.94970508452,1.0,79088.23743006325,27.41680319133228,15.0,2.0,0.0,0.0,1.0
139973.13091780737,1.0,102855.81070553412,30.232215547020058,14.0,3.0,0.0,0.0,1.0
113438.50710529843,1.0,41787.92434648195,53.7941658196578,14.0,6.0,0.0,0.0,0.0
-7725.236464928494,1.0,17871.15496845459,60.92953479204408,13.0,2.0,0.0,1.0,1.0
254725.91483301017,1.0,131394.56340922223,36.340899605525266,18.0,2.0,1.0,0.0,1.0
145192.9809057251,1.0,60057.8611180522,38.19844923836023,17.0,1.0,1.0,1.0,0.0
158271.52926504373,1.0,94046.11541659164,34.84849182269748,16.0,2.0,0.0,1.0,1.0
184749.34080466945,1.0,108097.70771960866,39.88362235344992,13.0,3.0,0.0,0.0,1.0
360343.4454122839,1.0,246404.13564499398,49.723254833845864,13.0,1.0,1.0,1.0,1.0
166294.51654469254,0.0,71365.22562935641,29.847002645026244,17.0,2.0,0.0,1.0,0.0
134294.07377221063,1.0,70417.4123991597,63.38497258364145,12.0,5.0,1.0,1.0,0.0
99501.03529663695,1.0,15076.24119037928,60.19657726363368,15.0,3.0,1.0,0.0,1.0
226145.58469839982,1.0,75745.82939993367,51.383033232806724,14.0,2.0,0.0,0.0,1.0
253744.1312246825,1.0,185566.5516045392,47.203495568718765,14.0,1.0,0.0,1.0,0.0
80342.37203819782,1.0,63648.18443950156,60.23258501004297,12.0,2.0,1.0,0.0,1.0
109235.87426515043,1.0,33180.672400793504,47.4065315271663,15.0,2.0,1.0,1.0,1.0
202599.29457363207,0.0,98491.38618785913,54.8431854113464,17.0,2.0,0.0,0.0,1.0
158888.348160606,1.0,70381.70496506323,29.446027675590233,12.0,3.0,0.0,0.0,1.0
24990.98137514783,1.0,38488.09164190595,38.45221315375474,13.0,2.0,0.0,0.0,1.0
147978.84240547998,1.0,96263.46464138594,55.165100913605016,10.0,1.0,0.0,0.0,0.0
86040.25283832433,1.0,46965.668009051275,53.88952548925654,14.0,2.0,1.0,1.0,0.0
153487.86362265228,1.0,78870.39699705972,59.207921514855514,17.0,2.0,1.0,0.0,0.0
107421.13701163964,1.0,67051.82169838923,49.99831104750693,15.0,1.0,1.0,1.0,1.0
48326.68006032115,0.0,20458.06580730325,49.64121087908053,12.0,2.0,1.0,0.0,1.0
23668.210109882893,0.0,54288.02634862543,27.16219121408178,15.0,2.0,1.0,0.0,1.0
116495.78768171146,1.0,84170.4085702417,52.51015322777273,13.0,3.0,0.0,1.0,1.0
101812.78696668087,0.0,29389.612123884683,61.87171286580739,13.0,3.0,0.0,1.0,0.0
263725.6765561907,1.0,92300.8037373319,44.957026904529314,15.0,2.0,0.0,0.0,1.0
94862.15408779263,0.0,54572.19987501558,44.29722304162092,13.0,3.0,1.0,0.0,1.0
69304.0689135876,1.0,19302.430960369016,50.018338884258426,15.0,1.0,1.0,1.0,1.0
110329.95136295678,1.0,50501.404139740356,38.136192332718494,13.0,2.0,1.0,0.0,1.0
-56440.38112508039,0.0,20815.629020136148,26.89209101419625,15.0,3.0,1.0,0.0,1.0
67651.02117595433,1.0,14657.65325103688,52.247614192118974,16.0,2.0,1.0,0.0,1.0
64863.16662637476,0.0,16642.90067089228,61.41272419018199,13.0,1.0,0.0,1.0,0.0
142018.28113039111,1.0,90350.3589682124,34.08170249561885,16.0,2.0,0.0,0.0,1.0
243538.91316485163,1.0,89960.03580512981,60.32445051438423,16.0,2.0,0.0,0.0,1.0
312797.1167998803,1.0,155159.21029872372,56.52844815154384,10.0,1.0,1.0,0.0,1.0
131749.32557681343,0.0,45853.48046077708,42.720258200239414,15.0,1.0,1.0,1.0,0.0
36834.81275888939,1.0,38633.271202623255,49.512984154067325,15.0,2.0,0.0,0.0,0.0
147693.6892917725,1.0,31240.03225416464,36.66453080169532,13.0,1.0,1.0,1.0,0.0
172313.40383301268,1.0,78280.93176533844,63.735265565327694,14.0,3.0,1.0,1.0,0.0
127279.0274058777,0.0,75362.97326195853,30.2064102517447,17.0,3.0,1.0,0.0,1.0
391093.4100334054,1.0,331481.3578931783,33.537339818589814,15.0,5.0,0.0,0.0,1.0
112659.84909702274,1.0,22949.126103595863,51.27803547238615,15.0,2.0,0.0,0.0,0.0
111990.9887831948,0.0,43678.092403751325,40.67398091029272,11.0,3.0,1.0,0.0,0.0
68760.26494981289,1.0,41125.79304459603,42.03294410008006,16.0,3.0,1.0,0.0,0.0
72301.36312639991,1.0,38617.656757534045,62.62595505443759,12.0,2.0,0.0,1.0,1.0
216925.58985550463,1.0,88308.95430883675,41.36888171724459,14.0,2.0,1.0,0.0,1.0
72153.91238276064,0.0,31253.410371132828,38.73141852960097,11.0,2.0,1.0,0.0,0.0
-11563.810680216091,1.0,66775.58389143283,47.75846072693224,11.0,4.0,0.0,1.0,0.0
88373.2476831404,1.0,46800.96725575891,59.724987277428085,16.0,4.0,0.0,0.0,1.0
139176.89074475522,1.0,44946.03150950639,52.992926311852834,16.0,3.0,1.0,1.0,1.0
45456.41808099087,1.0,77743.764066764,25.470281655774603,13.0,1.0,1.0,0.0,0.0
74378.99835083356,1.0,52684.076892927165,38.30695579557759,15.0,3.0,0.0,0.0,0.0
14215.714220859645,0.0,21991.77604758882,60.07190788140368,14.0,3.0,0.0,0.0,1.0
128328.19288702114,1.0,45842.854009182774,39.8030146732728,17.0,3.0,1.0,0.0,1.0
398928.7861384576,1.0,360537.13259654224,42.07074133276569,15.0,1.0,1.0,1.0,1.0
72915.2335495899,1.0,64636.43314474262,58.43680364514075,14.0,1.0,1.0,0.0,1.0
190930.91755316622,1.0,81477.49883608449,42.20110015881385,16.0,4.0,0.0,1.0,1.0
214685.32519030705,1.0,112246.63705257769,46.50330558129023,17.0,1.0,1.0,0.0,1.0
77274.14398171497,1.0,70758.72111041588,54.77837672046417,10.0,5.0,1.0,0.0,1.0
100072.75176004817,1.0,34128.08415614792,49.082309464235514,14.0,1.0,0.0,1.0,1.0
149904.07241437363,1.0,52155.35111771335,49.707446028159694,13.0,6.0,1.0,0.0,1.0
108716.36959342592,1.0,36907.18172647489,29.42414486927524,16.0,2.0,0.0,1.0,1.0
97228.31632805885,1.0,60916.13853170703,63.56960466027356,12.0,2.0,0.0,0.0,0.0
212702.27434898115,1.0,73582.87254027657,60.607103857078926,20.0,3.0,1.0,0.0,1.0
80469.01028778471,0.0,23660.613246276258,55.3869562451556,14.0,2.0,0.0,0.0,1.0
71528.57377536691,0.0,51704.565286727884,31.401148211085722,12.0,2.0,0.0,0.0,0.0
183426.62469957196,1.0,112842.70395413392,48.862898803316554,13.0,1.0,1.0,0.0,1.0
76255.53007096396,1.0,56015.490177337786,38.9584643566283,12.0,4.0,1.0,1.0,0.0
10110.374014394965,0.0,19252.056135655625,32.968996872103375,17.0,2.0,0.0,0.0,0.0
633.5069830163593,0.0,19985.085559408213,63.75624936903003,11.0,4.0,1.0,0.0,1.0
196870.11869550784,1.0,96242.34741904623,32.82678655938576,13.0,1.0,1.0,1.0,0.0
71423.69615373609,0.0,23433.744691030846,25.815309465217542,17.0,2.0,1.0,0.0,0.0
304086.1320801083,1.0,144528.51466065398,54.41430334978388,13.0,3.0,1.0,1.0,0.0
106827.2061687042,0.0,65148.70640984401,36.94013928540479,15.0,3.0,1.0,0.0,1.0
113941.90125603657,1.0,56581.58157269521,60.93762287696072,16.0,2.0,1.0,0.0,1.0
239779.0155678294,1.0,102778.64888511109,37.07389562925174,11.0,1.0,0.0,0.0,1.0
172933.82909007266,1.0,127105.39504036248,31.64680040348452,15.0,4.0,1.0,0.0,0.0
86433.17003717754,1.0,23949.33466524519,63.42516568675941,10.0,4.0,1.0,1.0,1.0
38546.99461243009,0.0,23739.510645867344,52.10713695488528,12.0,5.0,0.0,0.0,1.0
127336.80335699735,0.0,48784.39414760503,52.75718030649357,13.0,1.0,0.0,0.0,0.0
-32638.15697698589,0.0,23186.142260672746,52.36020825203008,18.0,4.0,1.0,0.0,0.0
290822.10932782624,1.0,126396.16934951626,41.1524301900596,15.0,6.0,1.0,0.0,0.0
118620.1003031975,1.0,65453.54051252127,26.935318206446482,14.0,3.0,0.0,1.0,1.0
67515.15552587256,1.0,58060.32110596069,30.800580852563037,11.0,1.0,0.0,0.0,0.0
30581.919358244733,1.0,57387.87614345637,28.307080825141224,12.0,1.0,0.0,1.0,1.0
16688.880004606268,1.0,68981.37480148114,46.810907269278,12.0,2.0,1.0,1.0,0.0
2419.875787615165,1.0,21618.531543632183,49.55554590475496,18.0,1.0,1.0,1.0,1.0
130464.1230899595,0.0,48670.88752434967,25.788200536919113,18.0,4.0,0.0,0.0,1.0
75538.97560466625,1.0,70873.05435605641,28.48615343603346,13.0,4.0,1.0,0.0,0.0
61403.3825350961,1.0,42629.68966024216,58.51396175456064,12.0,3.0,1.0,0.0,1.0
127556.76886058961,1.0,61698.35104441624,27.51746441695838,13.0,3.0,1.0,0.0,1.0
81707.69852428306,1.0,79251.91774119114,30.760932606028067,16.0,2.0,1.0,0.0,1.0
142399.2841616473,1.0,61649.38572523132,58.26841215666227,17.0,2.0,0.0,0.0,0.0
115345.4642513651,1.0,41869.334644890754,50.56623847221452,16.0,2.0,0.0,1.0,1.0
63082.71072082501,1.0,61528.515066409964,40.84215637980313,12.0,3.0,1.0,0.0,0.0
109186.70369515127,1.0,41202.466316673665,46.47600472370295,16.0,1.0,1.0,0.0,1.0
9495.856227161821,0.0,47821.83918914633,32.85322025002705,14.0,3.0,0.0,0.0,1.0
77909.8350395008,1.0,51071.46786441031,47.54052206452579,15.0,1.0,1.0,0.0,0.0
259073.5687101109,1.0,112344.26292444757,59.71493053425325,13.0,2.0,1.0,0.0,0.0
266644.8107604545,1.0,177728.30934123427,50.858627066029115,14.0,4.0,1.0,0.0,0.0
64990.4740914291,1.0,39311.77281439014,26.388609723530042,14.0,3.0,1.0,0.0,1.0
123667.11035163622,1.0,43317.56997447287,42.970466603549546,16.0,2.0,1.0,1.0,1.0
50149.858792226514,1.0,59231.24681704691,52.81043262913059,15.0,2.0,1.0,0.0,1.0
122598.08350495934,1.0,42046.30795569893,45.480600693235566,17.0,2.0,1.0,1.0,0.0
84952.81821987609,1.0,71082.4191779407,63.257465423989586,11.0,1.0,1.0,0.0,0.0
160878.20097816974,1.0,65364.90871259241,59.13656471125643,12.0,1.0,1.0,0.0,0.0
134199.97245508563,1.0,48477.35912599822,25.000274453994304,15.0,3.0,1.0,0.0,1.0
169573.07383728505,1.0,85575.30812357439,50.28670978291359,14.0,3.0,1.0,1.0,1.0
234872.75579559265,1.0,90131.175775448,63.929007633792295,14.0,2.0,0.0,1.0,0.0
159294.42374117445,1.0,76528.5202544134,48.04105377208906,13.0,3.0,0.0,0.0,1.0
109898.30305646709,1.0,52268.89485903408,54.31050899524863,18.0,3.0,0.0,0.0,1.0
122568.69226120785,1.0,50327.36032876943,48.576073439877355,10.0,2.0,1.0,0.0,1.0
319456.1192763693,1.0,197114.84670078862,40.36936142047678,15.0,3.0,1.0,0.0,0.0
147871.1371935925,1.0,67880.21046287591,61.13224729756748,16.0,2.0,0.0,0.0,0.0
-4124.712144533558,1.0,19029.671131256255,40.97892536149266,17.0,1.0,1.0,0.0,0.0
213951.1885785638,1.0,110250.46045111325,63.80567272897106,11.0,3.0,0.0,1.0,1.0
71462.42442204707,0.0,45628.52301724863,42.14930698583973,12.0,2.0,1.0,0.0,1.0
63702.74264392715,0.0,43128.675007399186,25.230423028858787,17.0,3.0,1.0,0.0,1.0
62663.01947194235,1.0,36077.78691571351,43.19325602010519,14.0,3.0,0.0,1.0,0.0
166622.4206968864,1.0,84213.53218046826,39.627359424669855,14.0,1.0,0.0,1.0,1.0
164769.59915296594,1.0,89735.63789599165,27.144489466144154,11.0,3.0,1.0,0.0,1.0
138241.55327340408,1.0,113666.47450896428,43.44379553180684,12.0,5.0,0.0,0.0,1.0
-15191.91118126249,0.0,33273.72887649315,50.117685485471746,11.0,5.0,1.0,1.0,0.0
88150.16713156129,1.0,47295.790023498594,28.25099618854874,18.0,5.0,0.0,0.0,0.0
186688.1812096402,1.0,114300.51892429065,50.12888601132127,16.0,4.0,0.0,0.0,0.0
257076.64145303267,1.0,192222.2073124203,46.2335498910071,14.0,2.0,1.0,1.0,1.0
106303.32944090899,1.0,59721.074136092204,61.709099163750075,14.0,3.0,1.0,0.0,1.0
165018.01213246904,0.0,73563.48931480697,46.65285073916623,18.0,2.0,0.0,0.0,0.0
45926.32298736622,1.0,38972.122828389736,60.10946079483886,13.0,1.0,1.0,0.0,0.0
36399.20079681915,1.0,64363.54103365485,44.93815577672528,12.0,2.0,0.0,1.0,1.0
166540.15419660468,1.0,48937.45093613564,43.57619418417178,17.0,3.0,1.0,0.0,1.0
217207.8295813923,1.0,146163.99606620194,40.65876912852406,15.0,2.0,1.0,0.0,1.0
163406.69321827602,1.0,99665.15181702138,46.546754394211874,10.0,3.0,1.0,0.0,0.0
333799.6912829367,1.0,178119.99191343118,60.64845614458275,15.0,2.0,0.0,1.0,1.0
166310.85544682233,1.0,80713.86624320483,49.9880866227037,12.0,2.0,1.0,1.0,1.0
122041.86751023337,1.0,41724.737654131226,30.75879936881296,16.0,4.0,1.0,1.0,1.0
108958.76977288126,1.0,129549.40812217125,30.677217335628185,17.0,2.0,0.0,1.0,0.0
168945.5243044176,1.0,78509.3107316177,52.09907662184444,13.0,3.0,1.0,0.0,1.0
193783.39651806527,1.0,105672.9285383028,54.56184858222452,14.0,1.0,0.0,1.0,0.0
219820.8923710194,1.0,151020.7161267535,32.80049148485907,19.0,2.0,1.0,0.0,1.0
196526.7800440255,1.0,111130.15636774087,36.99783376984425,15.0,1.0,0.0,0.0,0.0
60223.67812163181,0.0,23514.76139900094,31.437506230408303,16.0,2.0,1.0,0.0,1.0
142889.9530730944,1.0,86662.13388234349,36.01758762750509,10.0,2.0,0.0,1.0,1.0
118868.86279446291,1.0,39194.78231724281,37.96060487847838,13.0,5.0,1.0,1.0,1.0
101042.58960114964,1.0,50715.78347932601,54.59279613887955,16.0,2.0,1.0,0.0,0.0
61812.112891555764,1.0,80736.53811425265,63.71494690971744,13.0,1.0,0.0,0.0,1.0
256353.67268766672,1.0,101720.16816337065,54.45477899896464,14.0,1.0,0.0,0.0,1.0
194887.1716379526,1.0,99577.42306920873,52.18207593482016,15.0,2.0,0.0,0.0,0.0
176958.73036338497,1.0,90650.87495075578,30.50816356603871,15.0,2.0,0.0,1.0,0.0
199162.37190913156,1.0,102106.16855585153,48.59065318882448,15.0,1.0,0.0,0.0,1.0
118694.45493970408,1.0,31278.381322633686,56.9925826652221,18.0,3.0,1.0,0.0,1.0
69189.57068973788,1.0,32785.3071015776,43.82414434286083,14.0,1.0,1.0,0.0,0.0
293774.985453852,1.0,173255.37921141626,63.73121118847477,12.0,3.0,1.0,0.0,1.0
104730.12708070417,1.0,47037.289794906836,46.305577456325885,15.0,5.0,1.0,0.0,0.0
61416.5420966298,0.0,39677.622522228216,44.911826724875326,16.0,3.0,1.0,0.0,0.0
163620.53464642342,1.0,122079.01737972742,34.383555977464574,19.0,3.0,1.0,0.0,0.0
40492.652814511246,1.0,45643.076299275206,28.148441568062584,16.0,1.0,0.0,0.0,1.0
155997.52753008704,1.0,82127.3330593433,43.27190870669661,14.0,1.0,0.0,0.0,0.0
80658.4608220254,1.0,42206.8044783873,42.568122013768686,14.0,2.0,1.0,0.0,0.0
62612.433655254354,1.0,21097.665162937537,28.593539583073763,15.0,2.0,0.0,0.0,1.0
155010.2637498396,1.0,44258.621579752624,58.476749647831994,15.0,3.0,0.0,1.0,1.0
122619.100346912,1.0,63523.0640808299,49.37212505808417,16.0,2.0,1.0,0.0,0.0
213170.46495912396,1.0,89439.22841205425,52.07555189824615,14.0,2.0,0.0,0.0,1.0
188699.70195281427,1.0,35797.23228707984,46.83041212336805,15.0,5.0,0.0,0.0,1.0
176048.683361299,1.0,107945.16214646661,41.8693167824382,14.0,1.0,1.0,0.0,1.0
44844.60367713587,1.0,62918.93972610725,31.322783589876757,13.0,4.0,1.0,1.0,1.0
-35481.88432478715,1.0,32184.700134381153,44.092371155861755,16.0,4.0,1.0,0.0,0.0
136407.54985147293,1.0,42037.59036688899,58.57954130704985,18.0,2.0,1.0,0.0,1.0
112786.52441980712,1.0,78470.01983552311,42.41212636057508,13.0,1.0,0.0,0.0,0.0
69787.0685990761,1.0,38583.36713819804,28.92157876706916,14.0,5.0,1.0,0.0,1.0
84216.79288999895,0.0,33027.515172733954,38.04485556315856,16.0,2.0,1.0,0.0,1.0
-42671.66523697767,1.0,34610.23107659564,42.44023276256916,14.0,4.0,1.0,0.0,1.0
33680.60200662169,1.0,61433.86720453129,28.17883668168502,17.0,3.0,0.0,0.0,1.0
54871.03474030163,1.0,37098.698968456985,46.19737612575395,12.0,4.0,1.0,1.0,0.0
71066.16162362718,1.0,49774.393165445166,45.233118192443406,15.0,3.0,0.0,0.0,1.0
56130.96100598066,0.0,22382.947399935118,41.6427943541028,15.0,3.0,1.0,0.0,0.0
79559.60261960626,1.0,70816.03146459526,48.43640947852049,10.0,2.0,1.0,1.0,1.0
-41509.12192960887,0.0,47928.428336722085,44.54312738376865,10.0,2.0,1.0,0.0,1.0
-29923.23093355838,1.0,20839.945081113423,27.300563872103016,15.0,4.0,1.0,0.0,1.0
84820.29304156503,0.0,47016.53119596411,28.956647109374195,11.0,3.0,1.0,0.0,1.0
105558.06398588809,1.0,54862.80856896266,46.06025053808725,13.0,3.0,1.0,1.0,1.0
118705.05867537811,1.0,54270.05469020578,56.01201779575291,17.0,1.0,1.0,0.0,1.0
112042.86129482566,1.0,55190.73740867974,56.1616026573498,15.0,4.0,0.0,0.0,1.0
37592.0165228699,1.0,46055.73054709907,60.12968016491838,15.0,3.0,0.0,0.0,1.0
180768.44018421014,1.0,65665.34693018235,26.378636512535945,16.0,2.0,1.0,0.0,0.0
229281.3271753228,1.0,166635.74570014735,32.54888777810194,14.0,2.0,1.0,0.0,1.0
11907.394537574379,1.0,47033.04839456471,63.46742327915913,13.0,3.0,0.0,0.0,0.0
173061.41633326988,1.0,42069.17854601244,59.48607767053225,15.0,2.0,1.0,1.0,1.0
57626.08575369505,1.0,39541.84955460601,47.388343945571705,12.0,3.0,0.0,1.0,0.0
202638.69185506273,1.0,107407.1449908046,42.58953385288051,16.0,5.0,0.0,0.0,0.0
-32150.982176370737,0.0,14635.97766918748,44.47921696018598,15.0,4.0,1.0,1.0,0.0
55638.92861176582,0.0,41837.86301583871,26.888229990126877,15.0,3.0,1.0,0.0,1.0
155649.42322305584,0.0,47250.39110831775,55.513799356103036,15.0,4.0,1.0,1.0,0.0
167686.51944337814,1.0,66466.87296277452,42.42836732812789,16.0,4.0,1.0,0.0,1.0
111309.28032190172,1.0,40673.09078078194,51.26412969557687,14.0,3.0,1.0,1.0,1.0
172088.56107485277,0.0,108619.01998451588,39.130539353124924,12.0,4.0,0.0,0.0,0.0
100537.6007478688,1.0,33899.18088665107,46.7390350416197,14.0,1.0,1.0,0.0,1.0
277173.88420137565,1.0,93329.39368885719,47.52213124288359,12.0,1.0,1.0,1.0,1.0
298369.53245691844,1.0,124997.25014274454,63.0045170168267,16.0,6.0,1.0,0.0,0.0
2168.888465381511,1.0,21102.34408072101,52.85942111800885,16.0,4.0,1.0,1.0,1.0
149775.9118275961,0.0,49551.56411369495,26.629943520673788,13.0,2.0,0.0,0.0,0.0
137562.02489384462,1.0,92034.08354303264,31.68914955199071,15.0,2.0,1.0,0.0,1.0
115593.09269935678,1.0,62271.97855147294,57.96549821067159,14.0,1.0,1.0,0.0,1.0
147689.7836502133,0.0,81243.64377063923,39.16311394862871,13.0,2.0,0.0,0.0,1.0
73919.15268451656,0.0,48099.64368935611,49.42279483114358,12.0,1.0,0.0,0.0,1.0
75274.52666519386,1.0,73004.16348128555,33.789933248955435,16.0,2.0,1.0,0.0,0.0
150389.7032885275,1.0,54674.45429657605,61.98545586346962,18.0,3.0,0.0,0.0,0.0
125047.69922430246,1.0,58072.3266074659,33.338467447629945,17.0,2.0,1.0,1.0,0.0
75534.26960743332,1.0,45475.09917147717,45.50527663869584,16.0,3.0,0.0,0.0,1.0
78453.25620512532,0.0,53355.6615483672,27.972070898676307,16.0,2.0,0.0,0.0,0.0
192074.51787748234,1.0,85619.05291179723,59.285907675029485,16.0,2.0,0.0,1.0,1.0
132942.89136582514,1.0,64663.75091089748,55.28784438957412,11.0,1.0,1.0,0.0,1.0
136635.8581693571,1.0,92621.48448004054,58.659113013357306,13.0,3.0,1.0,0.0,1.0
90731.94540087893,1.0,52872.026572918556,52.20088673726998,16.0,2.0,0.0,1.0,1.0
-3510.544038072978,0.0,24974.95785689727,29.247486265240468,13.0,4.0,0.0,1.0,1.0
155119.02447469265,0.0,64819.56586810405,45.459870807229066,13.0,3.0,1.0,1.0,1.0
98216.4490638496,1.0,40048.6187541452,26.897216456605438,10.0,2.0,1.0,0.0,1.0
112215.86595314702,0.0,72610.21870285308,30.9699031435599,15.0,2.0,1.0,0.0,0.0
124552.33534858127,0.0,37225.68252378102,62.75408826133966,14.0,2.0,1.0,1.0,1.0
